event_id,event_title,category_id,category_name,date,longitude,latitude,nearest_city_id,nearest_city_name,nearest_city_country,nearest_city_latitude,nearest_city_longitude,nearest_disaster_distance_km
EONET_13172,"East Marsh Wildfire, Volusia, Florida",wildfires,Wildfires,2025-03-31,-81.371102,29.106946,US-MIAMI,Miami,United States,25.7617,-80.1918,389.75
EONET_13194,"32nd St Wildfire, McKenzie, North Dakota",wildfires,Wildfires,2025-03-31,-103.2919,47.8777,US-DENVER,Denver,United States,39.7392,-104.9903,915.1
EONET_13396,Flood in Ecuador 1103195,floods,Floods,2025-03-31,-79.5338214,-1.8009022,US-MIAMI,Miami,United States,25.7617,-80.1918,3065.64
EONET_13195,"Rx Shelby 1813 Wildfire, Shelby, Texas",wildfires,Wildfires,2025-03-31,-94.00119,31.70188,US-HOUSTON,Houston,United States,29.7604,-95.3698,252.42
EONET_13196,"Workman Fork of Harts Creek Wildfire, Lincoln, West Virginia",wildfires,Wildfires,2025-03-31,-82.09927,38.000989,US-NEW_ORLEANS,New Orleans,United States,29.9511,-90.0715,1157.26
EONET_13199,"32nd Wildfire, McKenzie, North Dakota",wildfires,Wildfires,2025-03-31,-103.290047,47.877666,US-DENVER,Denver,United States,39.7392,-104.9903,915.12
EONET_13201,"RX BLUE RIVER RTRL GADDIS Wildfire, Pontotoc, Oklahoma",wildfires,Wildfires,2025-03-31,-96.485278,34.774167,US-DALLAS,Dallas,United States,32.7767,-96.797,223.97
EONET_13200,"4108 Wildfire, McKenzie, North Dakota",wildfires,Wildfires,2025-03-31,-103.38879,48.01844,US-DENVER,Denver,United States,39.7392,-104.9903,929.46
EONET_13202,"rx-Lapham Good Oak 2025 Wildfire, Waukesha, Wisconsin",wildfires,Wildfires,2025-03-31,-88.3992015,43.0403647,US-DALLAS,Dallas,United States,32.7767,-96.797,1356.77
EONET_13179,"Bull Wildfire, Graham, Arizona",wildfires,Wildfires,2025-03-30,-110.105389,33.124583,US-PHOENIX,Phoenix,United States,33.4484,-112.074,186.49
EONET_13175,"SILVER Wildfire, Inyo, California",wildfires,Wildfires,2025-03-30,-118.363633,37.403667,US-SACRAMENTO,Sacramento,United States,38.5816,-121.4944,303.99
EONET_13203,"RX OKSLR-HFR-FY25 Unit A Wildfire, Alfalfa, Oklahoma",wildfires,Wildfires,2025-03-30,-98.20825,36.828917,US-DALLAS,Dallas,United States,32.7767,-96.797,468.63
EONET_13165,Wildfire in Mexico 1023659,wildfires,Wildfires,2025-03-29,-103.2098295601545,21.605404754101592,US-AUSTIN,Austin,United States,30.2672,-97.7431,1107.01
EONET_13190,"WHITE HORN Wildfire, Osage, Oklahoma",wildfires,Wildfires,2025-03-29,-96.08502,36.54464,US-DALLAS,Dallas,United States,32.7767,-96.797,424.0
EONET_13181,"North Carolina Table Rock Fire Wildfire, Transylvania, North Carolina",wildfires,Wildfires,2025-03-29,-82.6981667,35.0958333,US-NEW_ORLEANS,New Orleans,United States,29.9511,-90.0715,896.8
EONET_13162,Wildfire in Myanmar 1023656,wildfires,Wildfires,2025-03-28,92.76503877746704,21.894352137316375,US-SACRAMENTO,Sacramento,United States,38.5816,-121.4944,12401.24
EONET_13164,Wildfire in Thailand 1023658,wildfires,Wildfires,2025-03-28,97.7073078944757,18.184866698944987,US-SACRAMENTO,Sacramento,United States,38.5816,-121.4944,12497.1
EONET_13198,"N Maxwell RD Wildfire, Cherry, Nebraska",wildfires,Wildfires,2025-03-28,-100.52378,42.226316,US-DENVER,Denver,United States,39.7392,-104.9903,465.78
EONET_13197,"rx-H&amp;L West Wildfire, Rock, Wisconsin",wildfires,Wildfires,2025-03-28,-89.3539239,42.5327252,US-DALLAS,Dallas,United States,32.7767,-96.797,1266.12
EONET_13184,"NEVAR-FY25-WF-Dads Lake Wildfire, Cherry, Nebraska",wildfires,Wildfires,2025-03-28,-100.683474,42.49905157,US-DENVER,Denver,United States,39.7392,-104.9903,473.52
EONET_13128,"Oakland Wildfire, Berkeley, South Carolina",wildfires,Wildfires,2025-03-28,-80.0936111,33.4361111,US-MIAMI,Miami,United States,25.7617,-80.1918,853.41
EONET_13129,"MIDWAY Wildfire, Orange, Florida",wildfires,Wildfires,2025-03-28,-80.9422222,28.5455556,US-MIAMI,Miami,United States,25.7617,-80.1918,318.33
EONET_13130,"rx-Unit 2 Wildfire, Kenosha, Wisconsin",wildfires,Wildfires,2025-03-28,-88.1409602,42.6456877,US-DALLAS,Dallas,United States,32.7767,-96.797,1334.02
EONET_13134,"Historia Wildfire, Grant, Kansas",wildfires,Wildfires,2025-03-28,-101.318466,37.572977,US-DENVER,Denver,United States,39.7392,-104.9903,399.53
EONET_13136,"RX Mason 1840 Wildfire, Mason, Texas",wildfires,Wildfires,2025-03-28,-99.46019,30.69137,US-AUSTIN,Austin,United States,30.2672,-97.7431,171.17
EONET_13137,"Happy Hill Road Fire Wildfire, Pittsburg, Oklahoma",wildfires,Wildfires,2025-03-28,-95.5783333,34.7827778,US-DALLAS,Dallas,United States,32.7767,-96.797,249.88
EONET_13140,"12-LEMA-SPA Wildfire, Cleveland, Oklahoma",wildfires,Wildfires,2025-03-27,-97.148972,35.23225,US-DALLAS,Dallas,United States,32.7767,-96.797,274.96
EONET_13144,"Bear Branch Wildfire, Wayne, West Virginia",wildfires,Wildfires,2025-03-27,-82.48201,37.995545,US-NEW_ORLEANS,New Orleans,United States,29.9511,-90.0715,1134.81
EONET_13143,"Rattlesnake Branch Wildfire, Haywood, North Carolina",wildfires,Wildfires,2025-03-27,-82.8144444,35.4138889,US-NEW_ORLEANS,New Orleans,United States,29.9511,-90.0715,910.67
EONET_13135,"rx-Pierce-Jacobson Flowage Wildfire, Walworth, Wisconsin",wildfires,Wildfires,2025-03-27,-88.6118306,42.7127671,US-DALLAS,Dallas,United States,32.7767,-96.797,1317.07
EONET_13133,"SOUTH TIGER Wildfire, McIntosh, Oklahoma",wildfires,Wildfires,2025-03-27,-95.834722,35.3875,US-DALLAS,Dallas,United States,32.7767,-96.797,303.53
EONET_13117,Wildfire in Venezuela 1023642,wildfires,Wildfires,2025-03-26,-63.03643894644657,9.083553661344526,US-MIAMI,Miami,United States,25.7617,-80.1918,2592.15
EONET_13156,Wildfire in Venezuela 1023651,wildfires,Wildfires,2025-03-26,-67.39166547118292,7.6926427739119845,US-MIAMI,Miami,United States,25.7617,-80.1918,2423.74
EONET_13150,"OKR Rowells Island Rx 0326 Wildfire, Clinch, Georgia",wildfires,Wildfires,2025-03-26,-82.522483,30.840383,US-MIAMI,Miami,United States,25.7617,-80.1918,609.03
EONET_13147,"SQUIRREL Wildfire, Hughes, Oklahoma",wildfires,Wildfires,2025-03-26,-96.103333,35.2375,US-DALLAS,Dallas,United States,32.7767,-96.797,281.0
EONET_13151,"RX Kleberg 1838 Wildfire, Kleberg, Texas",wildfires,Wildfires,2025-03-26,-97.44996,27.450144,US-AUSTIN,Austin,United States,30.2672,-97.7431,314.54
EONET_13139,"ALARKA #5 Wildfire, Swain, North Carolina",wildfires,Wildfires,2025-03-26,-83.4169444,35.3588889,US-NEW_ORLEANS,New Orleans,United States,29.9511,-90.0715,865.41
EONET_13146,"Crusoe Island Rd Wildfire, Columbus, North Carolina",wildfires,Wildfires,2025-03-26,-78.5515,34.2021667,US-MIAMI,Miami,United States,25.7617,-80.1918,951.69
EONET_13127,"Fisherman&#039;s Corner Fire Wildfire, Haskell, Oklahoma",wildfires,Wildfires,2025-03-25,-95.0038889,35.29,US-DALLAS,Dallas,United States,32.7767,-96.797,324.64
EONET_13154,"FD2503100008 Wildfire, Morton, North Dakota",wildfires,Wildfires,2025-03-25,-101.822111,46.813839,US-DENVER,Denver,United States,39.7392,-104.9903,827.23
EONET_13131,"RED HILL Wildfire, McIntosh, Oklahoma",wildfires,Wildfires,2025-03-25,-95.88,35.352222,US-DALLAS,Dallas,United States,32.7767,-96.797,298.58
EONET_13159,Wildfire in Colombia 1023654,wildfires,Wildfires,2025-03-25,-69.98978150030135,6.472207061526475,US-MIAMI,Miami,United States,25.7617,-80.1918,2402.91
EONET_13166,Wildfire in Thailand 1023660,wildfires,Wildfires,2025-03-25,97.91715298776595,19.184945665656038,US-SACRAMENTO,Sacramento,United States,38.5816,-121.4944,12391.27
EONET_13149,"Cottonwood Wildfire, Roosevelt, Montana",wildfires,Wildfires,2025-03-25,-105.04257,48.10692,US-DENVER,Denver,United States,39.7392,-104.9903,930.46
EONET_13142,"Long Ridge Unit 45 RX Wildfire, Athens, Ohio",wildfires,Wildfires,2025-03-25,-82.167159,39.450881,US-NEW_ORLEANS,New Orleans,United States,29.9511,-90.0715,1278.58
EONET_13155,"RX SEQUOYAH HUNTING PRESERVE 3 Wildfire, Sequoyah, Oklahoma",wildfires,Wildfires,2025-03-25,-94.668333,35.533333,US-DALLAS,Dallas,United States,32.7767,-96.797,363.74
EONET_13132,"WALNUT Wildfire, Okfuskee, Oklahoma",wildfires,Wildfires,2025-03-25,-96.491111,35.557222,US-DALLAS,Dallas,United States,32.7767,-96.797,310.46
EONET_13153,"Northeast Prairie 2 RX Wildfire, Will, Illinois",wildfires,Wildfires,2025-03-25,-88.018483,41.38635,US-DALLAS,Dallas,United States,32.7767,-96.797,1232.64
EONET_13148,"Salt Creek Fire Wildfire, Sequoyah, Oklahoma",wildfires,Wildfires,2025-03-25,-94.5980556,35.5808333,US-DALLAS,Dallas,United States,32.7767,-96.797,371.64
EONET_13152,"Bridges Hollow RX Wildfire, Texas, Missouri",wildfires,Wildfires,2025-03-25,-92.024248,37.434739,US-DALLAS,Dallas,United States,32.7767,-96.797,675.63
EONET_13145,"Blue Water Tower Fire Wildfire, Haskell, Oklahoma",wildfires,Wildfires,2025-03-24,-95.0405556,35.3772222,US-DALLAS,Dallas,United States,32.7767,-96.797,331.32
EONET_13114,Wildfire in Central African Republic 1023638,wildfires,Wildfires,2025-03-24,23.70249835312588,6.034291724755281,US-MIAMI,Miami,United States,25.7617,-80.1918,11091.87
EONET_13118,Wildfire in Laos 1023644,wildfires,Wildfires,2025-03-24,101.4376784672243,18.667007018674028,US-SACRAMENTO,Sacramento,United States,38.5816,-121.4944,12235.61
EONET_13119,Wildfire in Venezuela 1023643,wildfires,Wildfires,2025-03-24,-62.561684694837886,8.602967944408825,US-MIAMI,Miami,United States,25.7617,-80.1918,2666.78
EONET_13163,Wildfire in India 1023657,wildfires,Wildfires,2025-03-24,91.87846739769266,23.72915241526437,US-SACRAMENTO,Sacramento,United States,38.5816,-121.4944,12263.02
EONET_13138,"Table Rock Complex Wildfire, Greenville, South Carolina",wildfires,Wildfires,2025-03-24,-82.645834,35.064545,US-NEW_ORLEANS,New Orleans,United States,29.9511,-90.0715,898.47
EONET_13141,"Cabin Gulch Rx Wildfire, Lewis and Clark, Montana",wildfires,Wildfires,2025-03-24,-111.766617,46.75,US-DENVER,Denver,United States,39.7392,-104.9903,952.6
EONET_13056,Tropical Cyclone Courtney,severeStorms,Severe Storms,2025-03-24,111.0,-16.6,US-SAN_FRANCISCO,San Francisco,United States,37.7749,-122.4194,14320.44
EONET_13056,Tropical Cyclone Courtney,severeStorms,Severe Storms,2025-03-24,110.5,-16.6,US-SAN_FRANCISCO,San Francisco,United States,37.7749,-122.4194,14363.8
EONET_13056,Tropical Cyclone Courtney,severeStorms,Severe Storms,2025-03-25,110.0,-16.7,US-SAN_FRANCISCO,San Francisco,United States,37.7749,-122.4194,14413.6
EONET_13056,Tropical Cyclone Courtney,severeStorms,Severe Storms,2025-03-25,109.1,-16.8,US-SAN_FRANCISCO,San Francisco,United States,37.7749,-122.4194,14497.96
EONET_13056,Tropical Cyclone Courtney,severeStorms,Severe Storms,2025-03-25,108.2,-17.0,US-SAN_FRANCISCO,San Francisco,United States,37.7749,-122.4194,14588.71
EONET_13056,Tropical Cyclone Courtney,severeStorms,Severe Storms,2025-03-25,106.8,-17.3,US-SAN_FRANCISCO,San Francisco,United States,37.7749,-122.4194,14728.93
EONET_13056,Tropical Cyclone Courtney,severeStorms,Severe Storms,2025-03-26,105.3,-17.8,US-SAN_FRANCISCO,San Francisco,United States,37.7749,-122.4194,14890.47
EONET_13056,Tropical Cyclone Courtney,severeStorms,Severe Storms,2025-03-26,104.1,-18.0,US-SAN_FRANCISCO,San Francisco,United States,37.7749,-122.4194,15006.47
EONET_13056,Tropical Cyclone Courtney,severeStorms,Severe Storms,2025-03-26,103.2,-17.5,US-SAN_FRANCISCO,San Francisco,United States,37.7749,-122.4194,15050.59
EONET_13056,Tropical Cyclone Courtney,severeStorms,Severe Storms,2025-03-26,102.2,-17.4,US-SAN_FRANCISCO,San Francisco,United States,37.7749,-122.4194,15129.02
EONET_13056,Tropical Cyclone Courtney,severeStorms,Severe Storms,2025-03-27,101.0,-16.9,US-SAN_FRANCISCO,San Francisco,United States,37.7749,-122.4194,15196.85
EONET_13056,Tropical Cyclone Courtney,severeStorms,Severe Storms,2025-03-27,100.0,-16.8,US-SAN_FRANCISCO,San Francisco,United States,37.7749,-122.4194,15274.04
EONET_13056,Tropical Cyclone Courtney,severeStorms,Severe Storms,2025-03-27,99.2,-16.8,US-SAN_FRANCISCO,San Francisco,United States,37.7749,-122.4194,15340.94
EONET_13056,Tropical Cyclone Courtney,severeStorms,Severe Storms,2025-03-27,98.2,-16.8,US-SAN_FRANCISCO,San Francisco,United States,37.7749,-122.4194,15424.18
EONET_13056,Tropical Cyclone Courtney,severeStorms,Severe Storms,2025-03-28,97.2,-16.7,US-SAN_FRANCISCO,San Francisco,United States,37.7749,-122.4194,15499.94
EONET_13056,Tropical Cyclone Courtney,severeStorms,Severe Storms,2025-03-28,95.5,-16.8,US-SAN_FRANCISCO,San Francisco,United States,37.7749,-122.4194,15646.56
EONET_13056,Tropical Cyclone Courtney,severeStorms,Severe Storms,2025-03-28,94.6,-17.2,US-SAN_FRANCISCO,San Francisco,United States,37.7749,-122.4194,15748.5
EONET_13056,Tropical Cyclone Courtney,severeStorms,Severe Storms,2025-03-28,93.0,-17.4,US-SAN_FRANCISCO,San Francisco,United States,37.7749,-122.4194,15892.52
EONET_13056,Tropical Cyclone Courtney,severeStorms,Severe Storms,2025-03-29,92.1,-17.6,US-SAN_FRANCISCO,San Francisco,United States,37.7749,-122.4194,15979.4
EONET_13056,Tropical Cyclone Courtney,severeStorms,Severe Storms,2025-03-29,91.0,-18.0,US-SAN_FRANCISCO,San Francisco,United States,37.7749,-122.4194,16096.53
EONET_13056,Tropical Cyclone Courtney,severeStorms,Severe Storms,2025-03-29,90.1,-18.6,US-SAN_FRANCISCO,San Francisco,United States,37.7749,-122.4194,16212.02
EONET_13056,Tropical Cyclone Courtney,severeStorms,Severe Storms,2025-03-29,89.3,-19.5,US-SAN_FRANCISCO,San Francisco,United States,37.7749,-122.4194,16340.99
EONET_13056,Tropical Cyclone Courtney,severeStorms,Severe Storms,2025-03-30,88.8,-20.1,US-SAN_FRANCISCO,San Francisco,United States,37.7749,-122.4194,16423.99
EONET_13056,Tropical Cyclone Courtney,severeStorms,Severe Storms,2025-03-30,88.3,-21.1,US-SAN_FRANCISCO,San Francisco,United States,37.7749,-122.4194,16534.85
EONET_13056,Tropical Cyclone Courtney,severeStorms,Severe Storms,2025-03-30,88.0,-21.9,US-SAN_FRANCISCO,San Francisco,United States,37.7749,-122.4194,16614.57
EONET_13056,Tropical Cyclone Courtney,severeStorms,Severe Storms,2025-03-30,87.9,-22.7,US-SAN_FRANCISCO,San Francisco,United States,37.7749,-122.4194,16677.01
EONET_13056,Tropical Cyclone Courtney,severeStorms,Severe Storms,2025-03-31,88.1,-23.1,US-SAN_FRANCISCO,San Francisco,United States,37.7749,-122.4194,16687.23
EONET_13056,Tropical Cyclone Courtney,severeStorms,Severe Storms,2025-03-31,88.5,-24.0,US-SAN_FRANCISCO,San Francisco,United States,37.7749,-122.4194,16712.49
EONET_13056,Tropical Cyclone Courtney,severeStorms,Severe Storms,2025-03-31,88.8,-24.6,US-SAN_FRANCISCO,San Francisco,United States,37.7749,-122.4194,16725.15
EONET_13056,Tropical Cyclone Courtney,severeStorms,Severe Storms,2025-03-31,88.8,-24.8,US-SAN_FRANCISCO,San Francisco,United States,37.7749,-122.4194,16737.51
EONET_13056,Tropical Cyclone Courtney,severeStorms,Severe Storms,2025-04-01,88.7,-24.9,US-SAN_FRANCISCO,San Francisco,United States,37.7749,-122.4194,16752.07
EONET_13056,Tropical Cyclone Courtney,severeStorms,Severe Storms,2025-04-01,88.4,-25.0,US-SAN_FRANCISCO,San Francisco,United States,37.7749,-122.4194,16783.42
EONET_13068,"Rx Anderson 1332 Wildfire, Anderson, Texas",wildfires,Wildfires,2025-03-24,-95.8975,31.91333333,US-DALLAS,Dallas,United States,32.7767,-96.797,127.89
EONET_13070,"RX KULLIHOMA Wildfire, Pontotoc, Oklahoma",wildfires,Wildfires,2025-03-24,-96.4597,34.7797,US-DALLAS,Dallas,United States,32.7767,-96.797,224.89
EONET_13066,"Pelham Ridge RX Wildfire, Taney, Missouri",wildfires,Wildfires,2025-03-24,-92.795167,36.722833,US-DALLAS,Dallas,United States,32.7767,-96.797,571.02
EONET_13071,"RX BLUE RIVER RTRL Wildfire, Johnston, Oklahoma",wildfires,Wildfires,2025-03-24,-96.653593,34.498357,US-DALLAS,Dallas,United States,32.7767,-96.797,191.9
EONET_13069,"California Branch Wildfire, Camden, New Jersey",wildfires,Wildfires,2025-03-24,-74.814702,39.762809,US-MIAMI,Miami,United States,25.7617,-80.1918,1635.15
EONET_13057,"Reno Wildfire, Johnson, Wyoming",wildfires,Wildfires,2025-03-23,-106.411167,43.814028,US-DENVER,Denver,United States,39.7392,-104.9903,468.15
EONET_13112,Wildfire in Myanmar 1023635,wildfires,Wildfires,2025-03-23,92.68472384031173,21.452035528128153,US-SACRAMENTO,Sacramento,United States,38.5816,-121.4944,12448.5
EONET_13120,Wildfire in Laos 1023646,wildfires,Wildfires,2025-03-23,101.44558015055293,18.67866530294045,US-SACRAMENTO,Sacramento,United States,38.5816,-121.4944,12234.07
EONET_13079,"RX OKSTR-FY25-HFR-MURRAY 23 Wildfire, Johnston, Oklahoma",wildfires,Wildfires,2025-03-23,-96.622222,34.198056,US-DALLAS,Dallas,United States,32.7767,-96.797,158.88
EONET_13073,"Rocktown Fire Wildfire, Pushmataha, Oklahoma",wildfires,Wildfires,2025-03-23,-95.6158333,34.5419444,US-DALLAS,Dallas,United States,32.7767,-96.797,224.67
EONET_13121,Wildfire in Laos 1023647,wildfires,Wildfires,2025-03-22,102.54882963797722,19.461470788368985,US-SACRAMENTO,Sacramento,United States,38.5816,-121.4944,12096.44
EONET_13122,Wildfire in Laos 1023648,wildfires,Wildfires,2025-03-22,102.79765066067785,19.488966951697932,US-SACRAMENTO,Sacramento,United States,38.5816,-121.4944,12078.94
EONET_13123,Wildfire in Nigeria 1023641,wildfires,Wildfires,2025-03-22,14.376242723699596,11.775278612628606,US-MIAMI,Miami,United States,25.7617,-80.1918,9889.81
EONET_13160,Wildfire in Mexico 1023655,wildfires,Wildfires,2025-03-22,-106.28871134948328,24.301525028514796,US-AUSTIN,Austin,United States,30.2672,-97.7431,1073.22
EONET_13065,"Flat Rock Wildfire, Benton, Mississippi",wildfires,Wildfires,2025-03-22,-89.109451,34.677404,US-NEW_ORLEANS,New Orleans,United States,29.9511,-90.0715,533.25
EONET_13064,"Rock Springs Wildfire, Whitley, Kentucky",wildfires,Wildfires,2025-03-22,-84.03447,36.69066,US-NEW_ORLEANS,New Orleans,United States,29.9511,-90.0715,935.59
EONET_13061,"Vallers Wildfire, Lyon, Minnesota",wildfires,Wildfires,2025-03-22,-95.840618,44.564107,US-DENVER,Denver,United States,39.7392,-104.9903,924.69
EONET_13078,"BOAR CREEK Wildfire, Osage, Oklahoma",wildfires,Wildfires,2025-03-22,-96.293344,36.359739,US-DALLAS,Dallas,United States,32.7767,-96.797,401.07
EONET_13059,"TABLE ROCK Wildfire, Pickens, South Carolina",wildfires,Wildfires,2025-03-22,-82.71055,35.036733,US-NEW_ORLEANS,New Orleans,United States,29.9511,-90.0715,891.91
EONET_13080,"Hampton RX Wildfire, Williamson, Illinois",wildfires,Wildfires,2025-03-22,-89.074098,37.696926,US-NEW_ORLEANS,New Orleans,United States,29.9511,-90.0715,866.19
EONET_13060,"THREE CHIEFS Wildfire, Delaware, Oklahoma",wildfires,Wildfires,2025-03-22,-94.856667,36.295278,US-DALLAS,Dallas,United States,32.7767,-96.797,429.7
EONET_13085,"Rx Trinity 1414 Wildfire, Trinity, Texas",wildfires,Wildfires,2025-03-22,-94.9651,31.3208,US-HOUSTON,Houston,United States,29.7604,-95.3698,177.78
EONET_13086,"Rx Trinity 1498 Wildfire, Trinity, Texas",wildfires,Wildfires,2025-03-22,-94.9214,31.3104,US-HOUSTON,Houston,United States,29.7604,-95.3698,177.62
EONET_13050,Wildfire in Chile 1023627,wildfires,Wildfires,2025-03-21,-72.21520645292038,-38.41490336043092,US-MIAMI,Miami,United States,25.7617,-80.1918,7184.35
EONET_13051,Wildfire in Chile 1023624,wildfires,Wildfires,2025-03-21,-72.61242317507185,-38.31283399220279,US-MIAMI,Miami,United States,25.7617,-80.1918,7168.43
EONET_13108,Wildfire in Republic of Korea 1023633,wildfires,Wildfires,2025-03-21,128.51581898898687,36.41224104811645,US-SAN_FRANCISCO,San Francisco,United States,37.7749,-122.4194,9010.66
EONET_13109,Wildfire in Republic of Korea 1023634,wildfires,Wildfires,2025-03-21,128.75191521559861,36.38554453975656,US-SAN_FRANCISCO,San Francisco,United States,37.7749,-122.4194,8996.6
EONET_13110,Wildfire in Republic of Korea 1023626,wildfires,Wildfires,2025-03-21,127.84673735799682,35.23280662853817,US-SAN_FRANCISCO,San Francisco,United States,37.7749,-122.4194,9142.33
EONET_13113,"Wildfire in India, Bangladesh 1023636",wildfires,Wildfires,2025-03-21,92.61231032581605,22.115586717309117,US-SACRAMENTO,Sacramento,United States,38.5816,-121.4944,12386.99
EONET_13115,Wildfire in Central African Republic 1023637,wildfires,Wildfires,2025-03-21,24.10706378396439,7.091113536538049,US-MIAMI,Miami,United States,25.7617,-80.1918,11077.01
EONET_13124,Wildfire in Myanmar 1023645,wildfires,Wildfires,2025-03-21,97.12991919011898,20.246505139283567,US-SACRAMENTO,Sacramento,United States,38.5816,-121.4944,12334.5
EONET_13157,"Wildfire in Myanmar, Thailand 1023650",wildfires,Wildfires,2025-03-21,97.42091148546493,18.426918684578474,US-SACRAMENTO,Sacramento,United States,38.5816,-121.4944,12490.43
EONET_13161,Wildfire in Myanmar 1023653,wildfires,Wildfires,2025-03-21,97.29274591499903,18.47685293245474,US-SACRAMENTO,Sacramento,United States,38.5816,-121.4944,12492.89
EONET_13091,"Pearl River 162 Miracle Mile Rd Wildfire, Pearl River, Mississippi",wildfires,Wildfires,2025-03-21,-89.5861111,30.7913889,US-NEW_ORLEANS,New Orleans,United States,29.9511,-90.0715,104.4
EONET_13094,"BK Clifty Fork RX Wildfire, Winston, Alabama",wildfires,Wildfires,2025-03-21,-87.22197,34.23367,US-NEW_ORLEANS,New Orleans,United States,29.9511,-90.0715,546.58
EONET_13088,"SMR CPT 300 301 302 308 Rx 0321 Wildfire, Wakulla, Florida",wildfires,Wildfires,2025-03-21,-84.440611,30.040111,US-NEW_ORLEANS,New Orleans,United States,29.9511,-90.0715,542.3
EONET_13087,"PALE ROCK Wildfire, Osage, Oklahoma",wildfires,Wildfires,2025-03-21,-96.397764,36.929438,US-DALLAS,Dallas,United States,32.7767,-96.797,463.2
EONET_13052,Wildfire in Chile 1023628,wildfires,Wildfires,2025-03-20,-72.3812024170825,-38.90761176297662,US-MIAMI,Miami,United States,25.7617,-80.1918,7236.65
EONET_13053,Wildfire in Republic of Korea 1023629,wildfires,Wildfires,2025-03-20,127.8049379624935,35.260560217576185,US-SAN_FRANCISCO,San Francisco,United States,37.7749,-122.4194,9143.14
EONET_13125,Wildfire in Laos 1023649,wildfires,Wildfires,2025-03-20,103.2464553754866,19.816972799399164,US-SACRAMENTO,Sacramento,United States,38.5816,-121.4944,12022.02
EONET_13158,Wildfire in Laos 1023652,wildfires,Wildfires,2025-03-20,101.44038480417098,20.002757852703642,US-SACRAMENTO,Sacramento,United States,38.5816,-121.4944,12112.88
EONET_13096,"Rx Hopkins 1325 Wildfire, Hopkins, Texas",wildfires,Wildfires,2025-03-20,-95.626229,33.29738,US-DALLAS,Dallas,United States,32.7767,-96.797,123.54
EONET_13072,"Big Glow Fire Wildfire, Greene, Tennessee",wildfires,Wildfires,2025-03-20,-83.0191667,36.1016667,US-NEW_ORLEANS,New Orleans,United States,29.9511,-90.0715,948.11
EONET_13074,"DEEP WOODS Wildfire, Polk, North Carolina",wildfires,Wildfires,2025-03-20,-82.2594444,35.2930556,US-NEW_ORLEANS,New Orleans,United States,29.9511,-90.0715,941.81
EONET_13099,"Calf Creek Wildfire, Searcy, Arkansas",wildfires,Wildfires,2025-03-20,-92.751568,35.97169,US-DALLAS,Dallas,United States,32.7767,-96.797,513.77
EONET_13100,"Rx Houston 1347 Wildfire, Houston, Texas",wildfires,Wildfires,2025-03-19,-95.00764,31.39577,US-HOUSTON,Houston,United States,29.7604,-95.3698,185.12
EONET_13044,Wildfire in United States 1023618,wildfires,Wildfires,2025-03-19,-81.02995662693084,26.85698047009338,US-MIAMI,Miami,United States,25.7617,-80.1918,147.69
EONET_13075,"Black Cove Wildfire, Polk, North Carolina",wildfires,Wildfires,2025-03-19,-82.2975,35.2855556,US-NEW_ORLEANS,New Orleans,United States,29.9511,-90.0715,938.55
EONET_13058,"MTBLR-HFR-FY25-RX-Unit 5 Wildfire, Cascade, Montana",wildfires,Wildfires,2025-03-19,-111.30208,47.66425,US-DENVER,Denver,United States,39.7392,-104.9903,1016.04
EONET_13067,"Pauline Road Wildfire, San Jacinto, Texas",wildfires,Wildfires,2025-03-19,-95.2501169,30.41722781,US-HOUSTON,Houston,United States,29.7604,-95.3698,73.94
EONET_13063,"3001 Wildfire, Marion, Texas",wildfires,Wildfires,2025-03-19,-94.42850735,32.7013991,US-DALLAS,Dallas,United States,32.7767,-96.797,221.68
EONET_13101,"Neal Creek Wildfire, Pulaski, Arkansas",wildfires,Wildfires,2025-03-19,-92.6283333,34.8113889,US-DALLAS,Dallas,United States,32.7767,-96.797,446.68
EONET_13102,"RX Piedmont 15B/15C/15D Wildfire, Jones, Georgia",wildfires,Wildfires,2025-03-19,-83.707,33.1027,US-NEW_ORLEANS,New Orleans,United States,29.9511,-90.0715,697.43
EONET_13103,"TIGER MOUNTAIN Wildfire, McIntosh, Oklahoma",wildfires,Wildfires,2025-03-19,-95.849444,35.411667,US-DALLAS,Dallas,United States,32.7767,-96.797,305.71
EONET_13076,"Greene - Turner Rd Wildfire, Greene, Mississippi",wildfires,Wildfires,2025-03-19,-88.4741667,31.2341667,US-NEW_ORLEANS,New Orleans,United States,29.9511,-90.0715,209.11
EONET_13089,"ANF BU 322 Rx 0319 Wildfire, Wakulla, Florida",wildfires,Wildfires,2025-03-19,-84.504833,30.21145,US-NEW_ORLEANS,New Orleans,United States,29.9511,-90.0715,536.35
EONET_13090,"Hog Mountain Fire Wildfire, Latimer, Oklahoma",wildfires,Wildfires,2025-03-18,-95.235,35.006,US-DALLAS,Dallas,United States,32.7767,-96.797,286.75
EONET_13104,"158th St Wildfire, Burleigh, North Dakota",wildfires,Wildfires,2025-03-18,-100.45556,46.808449,US-DENVER,Denver,United States,39.7392,-104.9903,867.19
EONET_13084,"Waits Lane Fire Wildfire, Pittsburg, Oklahoma",wildfires,Wildfires,2025-03-18,-95.8175,34.9108333,US-DALLAS,Dallas,United States,32.7767,-96.797,253.96
EONET_13082,"Boggs Hollow Fire Wildfire, Latimer, Oklahoma",wildfires,Wildfires,2025-03-18,-95.2577778,34.7555556,US-DALLAS,Dallas,United States,32.7767,-96.797,262.02
EONET_13098,"CEDAR HILL Wildfire, Osage, Oklahoma",wildfires,Wildfires,2025-03-18,-96.372967,36.638967,US-DALLAS,Dallas,United States,32.7767,-96.797,431.21
EONET_13097,"SUNSET Wildfire, Osage, Oklahoma",wildfires,Wildfires,2025-03-18,-96.217269,36.789172,US-DALLAS,Dallas,United States,32.7767,-96.797,449.29
EONET_13092,"31 North Wildfire, Otero, Colorado",wildfires,Wildfires,2025-03-18,-103.41728,38.21551,US-DENVER,Denver,United States,39.7392,-104.9903,217.23
EONET_13093,"31 South Wildfire, Otero, Colorado",wildfires,Wildfires,2025-03-18,-103.511124,38.107733,US-DENVER,Denver,United States,39.7392,-104.9903,221.99
EONET_13095,"Johnson Wildfire, Miami-Dade, Florida",wildfires,Wildfires,2025-03-18,-80.742267,25.363433,US-MIAMI,Miami,United States,25.7617,-80.1918,70.78
EONET_13081,"High Lonesome Wildfire, Dallam, Texas",wildfires,Wildfires,2025-03-18,-102.728,36.329,US-DENVER,Denver,United States,39.7392,-104.9903,427.8
EONET_13106,"170 Rd V5 Wildfire, Lyon, Kansas",wildfires,Wildfires,2025-03-18,-96.014,38.405,US-DALLAS,Dallas,United States,32.7767,-96.797,629.82
EONET_13105,"Alexander Rd Wildfire, Leavenworth, Kansas",wildfires,Wildfires,2025-03-18,-95.169,38.986,US-DALLAS,Dallas,United States,32.7767,-96.797,705.81
EONET_13077,"TIGER MT. Wildfire, McIntosh, Oklahoma",wildfires,Wildfires,2025-03-18,-95.84666667,35.425,US-DALLAS,Dallas,United States,32.7767,-96.797,307.2
EONET_13033,Tropical Cyclone 26S,severeStorms,Severe Storms,2025-03-18,96.8,-12.8,US-SAN_FRANCISCO,San Francisco,United States,37.7749,-122.4194,15247.79
EONET_13033,Tropical Cyclone 26S,severeStorms,Severe Storms,2025-03-18,96.4,-12.7,US-SAN_FRANCISCO,San Francisco,United States,37.7749,-122.4194,15272.02
EONET_13033,Tropical Cyclone 26S,severeStorms,Severe Storms,2025-03-19,96.3,-13.1,US-SAN_FRANCISCO,San Francisco,United States,37.7749,-122.4194,15310.22
EONET_13033,Tropical Cyclone 26S,severeStorms,Severe Storms,2025-03-19,95.8,-13.4,US-SAN_FRANCISCO,San Francisco,United States,37.7749,-122.4194,15372.61
EONET_13033,Tropical Cyclone 26S,severeStorms,Severe Storms,2025-03-19,94.9,-13.2,US-SAN_FRANCISCO,San Francisco,United States,37.7749,-122.4194,15428.58
EONET_13033,Tropical Cyclone 26S,severeStorms,Severe Storms,2025-03-19,94.8,-13.0,US-SAN_FRANCISCO,San Francisco,United States,37.7749,-122.4194,15421.13
EONET_13033,Tropical Cyclone 26S,severeStorms,Severe Storms,2025-03-20,94.6,-12.9,US-SAN_FRANCISCO,San Francisco,United States,37.7749,-122.4194,15429.12
EONET_13033,Tropical Cyclone 26S,severeStorms,Severe Storms,2025-03-20,95.1,-13.2,US-SAN_FRANCISCO,San Francisco,United States,37.7749,-122.4194,15412.83
EONET_13033,Tropical Cyclone 26S,severeStorms,Severe Storms,2025-03-20,96.1,-13.7,US-SAN_FRANCISCO,San Francisco,United States,37.7749,-122.4194,15371.27
EONET_13033,Tropical Cyclone 26S,severeStorms,Severe Storms,2025-03-20,96.3,-14.4,US-SAN_FRANCISCO,San Francisco,United States,37.7749,-122.4194,15407.33
EONET_13062,"CANADIAN Wildfire, McIntosh, Oklahoma",wildfires,Wildfires,2025-03-18,-95.905556,35.343611,US-DALLAS,Dallas,United States,32.7767,-96.797,297.0
EONET_13107,"Rx Walker 1286 Wildfire, Walker, Texas",wildfires,Wildfires,2025-03-18,-95.66305556,30.65722222,US-HOUSTON,Houston,United States,29.7604,-95.3698,103.63
EONET_12898,"Flying J Fire Wildfire, Latimer, Oklahoma",wildfires,Wildfires,2025-03-18,-95.2841667,35.0361111,US-DALLAS,Dallas,United States,32.7767,-96.797,287.41
EONET_12899,"Plan B Fire Wildfire, Latimer, Oklahoma",wildfires,Wildfires,2025-03-18,-95.4916667,34.6877778,US-DALLAS,Dallas,United States,32.7767,-96.797,244.39
EONET_13083,"Doublehead South Fire Wildfire, Adair, Oklahoma",wildfires,Wildfires,2025-03-18,-94.6333333,35.7291667,US-DALLAS,Dallas,United States,32.7767,-96.797,383.8
EONET_12901,"Rugged Mtn Fire Wildfire, Pittsburg, Oklahoma",wildfires,Wildfires,2025-03-18,-95.6088889,34.6505556,US-DALLAS,Dallas,United States,32.7767,-96.797,235.56
EONET_12907,"Iron Ladies Wildfire, Weld, Colorado",wildfires,Wildfires,2025-03-17,-104.392283,40.828583,US-DENVER,Denver,United States,39.7392,-104.9903,131.33
EONET_13036,Wildfire in United States 1023612,wildfires,Wildfires,2025-03-17,-80.40908595082675,25.401807141967396,US-MIAMI,Miami,United States,25.7617,-80.1918,45.57
EONET_13054,"Wildfire in Myanmar, Thailand 1023630",wildfires,Wildfires,2025-03-17,97.40296561351408,18.561563626031457,US-SACRAMENTO,Sacramento,United States,38.5816,-121.4944,12478.74
EONET_13111,Wildfire in Mexico 1023632,wildfires,Wildfires,2025-03-17,-108.4284621849245,30.172498156146386,US-PHOENIX,Phoenix,United States,33.4484,-112.074,501.27
EONET_13116,Wildfire in Myanmar 1023639,wildfires,Wildfires,2025-03-17,97.59854636432942,19.40025883589619,US-SACRAMENTO,Sacramento,United States,38.5816,-121.4944,12388.75
EONET_12903,"RANCH CREEK ROAD Wildfire, Pawnee, Oklahoma",wildfires,Wildfires,2025-03-17,-96.59138889,36.25138889,US-DALLAS,Dallas,United States,32.7767,-96.797,386.83
EONET_12908,"Big Island Wildfire, Green Lake, Wisconsin",wildfires,Wildfires,2025-03-17,-89.06903,43.92567,US-DENVER,Denver,United States,39.7392,-104.9903,1396.1
EONET_12921,"South Big Creek Wildfire, Woodson, Kansas",wildfires,Wildfires,2025-03-17,-95.897429,38.00901,US-DALLAS,Dallas,United States,32.7767,-96.797,587.48
EONET_12931,"Y5 Wildfire, Lyon, Kansas",wildfires,Wildfires,2025-03-17,-96.010719,38.410569,US-DALLAS,Dallas,United States,32.7767,-96.797,630.47
EONET_12916,"Blackburn Wildfire, Crawford, Arkansas",wildfires,Wildfires,2025-03-17,-94.2812,35.74013,US-DALLAS,Dallas,United States,32.7767,-96.797,402.5
EONET_13034,Wildfire in Venezuela 1023607,wildfires,Wildfires,2025-03-16,-62.68359301683823,8.725779376328596,US-MIAMI,Miami,United States,25.7617,-80.1918,2647.66
EONET_13037,Wildfire in India 1023609,wildfires,Wildfires,2025-03-16,91.16213724363195,25.75808077379684,US-SACRAMENTO,Sacramento,United States,38.5816,-121.4944,12094.47
EONET_13055,Wildfire in Sudan 1023631,wildfires,Wildfires,2025-03-16,32.43275222618806,8.800895231569687,US-MIAMI,Miami,United States,25.7617,-80.1918,11788.26
EONET_13126,Wildfire in Myanmar 1023640,wildfires,Wildfires,2025-03-16,94.01300317418269,20.757022191585733,US-SACRAMENTO,Sacramento,United States,38.5816,-121.4944,12449.87
EONET_12911,"MM 153 Wildfire, Logan, Colorado",wildfires,Wildfires,2025-03-16,-102.731415,40.843762,US-DENVER,Denver,United States,39.7392,-104.9903,227.56
EONET_12904,"OAK STREET Wildfire, Pawnee, Oklahoma",wildfires,Wildfires,2025-03-16,-96.3875,36.22083333,US-DALLAS,Dallas,United States,32.7767,-96.797,384.8
EONET_12915,"HELLROARING CREEK Wildfire, Pawnee, Oklahoma",wildfires,Wildfires,2025-03-16,-96.68138889,36.26972222,US-DALLAS,Dallas,United States,32.7767,-96.797,388.55
EONET_12914,"STATION #2 Wildfire, Cleveland, Oklahoma",wildfires,Wildfires,2025-03-16,-97.15833333,35.23055556,US-DALLAS,Dallas,United States,32.7767,-96.797,274.88
EONET_12906,"LITTLE SALT CREEK Wildfire, Creek, Oklahoma",wildfires,Wildfires,2025-03-16,-96.38611111,36.10944444,US-DALLAS,Dallas,United States,32.7767,-96.797,372.49
EONET_12940,"212 Road Fire Wildfire, Cowley, Kansas",wildfires,Wildfires,2025-03-16,-96.83,37.17,US-DALLAS,Dallas,United States,32.7767,-96.797,488.52
EONET_12920,"Persimmon Wildfire, Jefferson, Texas",wildfires,Wildfires,2025-03-16,-94.117222,29.736111,US-HOUSTON,Houston,United States,29.7604,-95.3698,120.95
EONET_12924,"EAST STICH Wildfire, Osage, Oklahoma",wildfires,Wildfires,2025-03-16,-96.35487,36.90321,US-DALLAS,Dallas,United States,32.7767,-96.797,460.62
EONET_12942,"Rx Henderson 1148 Wildfire, Henderson, Texas",wildfires,Wildfires,2025-03-16,-95.590466,32.110795,US-DALLAS,Dallas,United States,32.7767,-96.797,135.28
EONET_12910,"33 ROAD Wildfire, Logan, Oklahoma",wildfires,Wildfires,2025-03-15,-97.24055556,35.78444444,US-DALLAS,Dallas,United States,32.7767,-96.797,336.92
EONET_13038,Wildfire in India 1023613,wildfires,Wildfires,2025-03-15,91.19923416495722,25.77018954782079,US-SACRAMENTO,Sacramento,United States,38.5816,-121.4944,12091.61
EONET_12943,"Green River Wildfire, Lee, Illinois",wildfires,Wildfires,2025-03-15,-89.521453,41.62845,US-DALLAS,Dallas,United States,32.7767,-96.797,1175.39
EONET_12935,"Farm Wildfire, Perry, Mississippi",wildfires,Wildfires,2025-03-15,-88.8907,30.981167,US-NEW_ORLEANS,New Orleans,United States,29.9511,-90.0715,161.01
EONET_12913,"Crabapple Wildfire, Gillespie, Texas",wildfires,Wildfires,2025-03-15,-98.81667966,30.3924538,US-AUSTIN,Austin,United States,30.2672,-97.7431,103.97
EONET_12933,"1 Alpha 25 Wildfire, Jackson, Kansas",wildfires,Wildfires,2025-03-15,-95.80608,39.24725,US-DALLAS,Dallas,United States,32.7767,-96.797,724.98
EONET_12938,"Lake Wabaunsee Wildfire, Wabaunsee, Kansas",wildfires,Wildfires,2025-03-15,-96.187222,38.856944,US-DALLAS,Dallas,United States,32.7767,-96.797,678.32
EONET_12928,"BIG EAGLE Wildfire, Osage, Oklahoma",wildfires,Wildfires,2025-03-15,-96.440069,36.622144,US-DALLAS,Dallas,United States,32.7767,-96.797,428.84
EONET_12937,"Long Mountain Fire Wildfire, Haskell, Oklahoma",wildfires,Wildfires,2025-03-15,-95.1036667,35.0708333,US-DALLAS,Dallas,United States,32.7767,-96.797,299.13
EONET_13348,"Manam Volcano, Papua New Guinea",volcanoes,Volcanoes,2025-03-15,145.037,-4.08,US-SAN_FRANCISCO,San Francisco,United States,37.7749,-122.4194,10508.65
EONET_12946,"RX 30 Wildfire, Jones, Georgia",wildfires,Wildfires,2025-03-14,-83.6564,33.0313,US-NEW_ORLEANS,New Orleans,United States,29.9511,-90.0715,697.86
EONET_12939,"1980 Rd Fire Wildfire, Beckham, Oklahoma",wildfires,Wildfires,2025-03-14,-99.4472222,35.4472222,US-DALLAS,Dallas,United States,32.7767,-96.797,384.29
EONET_13039,Wildfire in Myanmar 1023614,wildfires,Wildfires,2025-03-14,97.51429926016175,18.993053582830328,US-SACRAMENTO,Sacramento,United States,38.5816,-121.4944,12431.84
EONET_13040,Wildfire in India 1023610,wildfires,Wildfires,2025-03-14,92.1848055127105,25.91382783620165,US-SACRAMENTO,Sacramento,United States,38.5816,-121.4944,12032.86
EONET_12918,"Chainsaw Cottonwood Wildfire, Lincoln, Nebraska",wildfires,Wildfires,2025-03-14,-100.5863889,40.9313889,US-DENVER,Denver,United States,39.7392,-104.9903,396.06
EONET_12948,"rx-Scuppernong South Wildfire, Waukesha, Wisconsin",wildfires,Wildfires,2025-03-14,-88.5082286,42.8927838,US-DALLAS,Dallas,United States,32.7767,-96.797,1338.26
EONET_12917,"Mogote Hill Wildfire, Mora, New Mexico",wildfires,Wildfires,2025-03-14,-104.759471,35.86196,US-DENVER,Denver,United States,39.7392,-104.9903,431.61
EONET_12912,"HICKORY HILL ROAD Wildfire, Oklahoma, Oklahoma",wildfires,Wildfires,2025-03-14,-97.28694444,35.68388889,US-DALLAS,Dallas,United States,32.7767,-96.797,326.39
EONET_12922,"Rest Area Wildfire, Gray, Texas",wildfires,Wildfires,2025-03-14,-100.8210611,35.21102558,US-DALLAS,Dallas,United States,32.7767,-96.797,459.17
EONET_12925,"TANGO Wildfire, Osage, Oklahoma",wildfires,Wildfires,2025-03-14,-96.463854,36.483184,US-DALLAS,Dallas,United States,32.7767,-96.797,413.27
EONET_12905,"EUCHEE VALLEY Wildfire, Payne, Oklahoma",wildfires,Wildfires,2025-03-14,-96.70277778,36.01388889,US-DALLAS,Dallas,United States,32.7767,-96.797,360.06
EONET_12909,"840 ROAD Wildfire, Roger Mills, Oklahoma",wildfires,Wildfires,2025-03-14,-99.50388889,35.78972222,US-DALLAS,Dallas,United States,32.7767,-96.797,417.21
EONET_12900,"Windmill Wildfire, Roberts, Texas",wildfires,Wildfires,2025-03-14,-100.844678,36.045122,US-DALLAS,Dallas,United States,32.7767,-96.797,519.47
EONET_12944,"South Tripp Wildfire, Tripp, South Dakota",wildfires,Wildfires,2025-03-14,-99.7788889,43.0697222,US-DENVER,Denver,United States,39.7392,-104.9903,570.82
EONET_12953,"HWY 12 mm 176 Wildfire, Corson, South Dakota",wildfires,Wildfires,2025-03-14,-100.6270583,45.63352778,US-DENVER,Denver,United States,39.7392,-104.9903,745.88
EONET_12951,"rx-66 Wildfire, Burnett, Wisconsin",wildfires,Wildfires,2025-03-14,-92.6536388,45.8534023,US-DENVER,Denver,United States,39.7392,-104.9903,1212.5
EONET_13350,"Turrialba Volcano, Costa Rica",volcanoes,Volcanoes,2025-03-14,-83.767,10.025,US-MIAMI,Miami,United States,25.7617,-80.1918,1789.94
EONET_12882,Wildfire in United States 1023596,wildfires,Wildfires,2025-03-13,-99.36763711797664,35.89424331352189,US-DALLAS,Dallas,United States,32.7767,-96.797,419.34
EONET_13041,Wildfire in Myanmar 1023611,wildfires,Wildfires,2025-03-13,93.95692361883717,20.833963490415655,US-SACRAMENTO,Sacramento,United States,38.5816,-121.4944,12445.26
EONET_13042,Wildfire in China 1023615,wildfires,Wildfires,2025-03-13,123.86456273442067,46.07656313186205,US-SACRAMENTO,Sacramento,United States,38.5816,-121.4944,8574.2
EONET_13045,Wildfire in Argentina 1023617,wildfires,Wildfires,2025-03-13,-60.79808579207957,-28.70039292169039,US-MIAMI,Miami,United States,25.7617,-80.1918,6400.36
EONET_12955,"Clear Creek RX Wildfire, Washington, Missouri",wildfires,Wildfires,2025-03-13,-90.889216,37.846725,US-DALLAS,Dallas,United States,32.7767,-96.797,777.58
EONET_12941,"South Meridian Wildfire, El Paso, Colorado",wildfires,Wildfires,2025-03-13,-104.585333,38.813417,US-DENVER,Denver,United States,39.7392,-104.9903,108.68
EONET_12959,"Rx Leon 1016 Wildfire, Leon, Texas",wildfires,Wildfires,2025-03-13,-95.8175,31.4848,US-DALLAS,Dallas,United States,32.7767,-96.797,170.71
EONET_12964,"APQ Rec Area 14 Rx 0313 Wildfire, Highlands, Florida",wildfires,Wildfires,2025-03-13,-81.341399,27.626242,US-MIAMI,Miami,United States,25.7617,-80.1918,236.7
EONET_12965,"Bienville CPT 46 RX Wildfire, Scott, Mississippi",wildfires,Wildfires,2025-03-13,-89.5672,32.3823,US-NEW_ORLEANS,New Orleans,United States,29.9511,-90.0715,274.56
EONET_12963,"RX N Bee Rough Wildfire, McCurtain, Oklahoma",wildfires,Wildfires,2025-03-13,-94.705967,34.254,US-DALLAS,Dallas,United States,32.7767,-96.797,254.08
EONET_12962,"BEAR Wildfire, Osage, Oklahoma",wildfires,Wildfires,2025-03-13,-96.162072,36.313894,US-DALLAS,Dallas,United States,32.7767,-96.797,397.59
EONET_12949,"NC-6 Wildfire, Polk, Florida",wildfires,Wildfires,2025-03-13,-81.309722,27.700278,US-MIAMI,Miami,United States,25.7617,-80.1918,242.47
EONET_12960,"Fortune Hollow RX Wildfire, Dent, Missouri",wildfires,Wildfires,2025-03-13,-91.352519,37.632972,US-DALLAS,Dallas,United States,32.7767,-96.797,732.03
EONET_12968,"Rx Trinity 1015 Wildfire, Trinity, Texas",wildfires,Wildfires,2025-03-13,-94.98719,31.36422,US-HOUSTON,Houston,United States,29.7604,-95.3698,182.06
EONET_12947,"Blue Stem Wildfire, Franklin, Mississippi",wildfires,Wildfires,2025-03-13,-90.899,31.356,US-NEW_ORLEANS,New Orleans,United States,29.9511,-90.0715,175.13
EONET_12956,"SMR CPT 303 304 Rx 0313 Wildfire, Wakulla, Florida",wildfires,Wildfires,2025-03-13,-84.424167,30.011111,US-NEW_ORLEANS,New Orleans,United States,29.9511,-90.0715,543.91
EONET_13345,"Langila Volcano, Papua New Guinea",volcanoes,Volcanoes,2025-03-13,148.42,-5.525,US-SAN_FRANCISCO,San Francisco,United States,37.7749,-122.4194,10309.97
EONET_12902,"The 344 Wildfire, Miami-Dade, Florida",wildfires,Wildfires,2025-03-12,-80.3647222,25.4447222,US-MIAMI,Miami,United States,25.7617,-80.1918,39.28
EONET_12974,"RX LONE PINE Wildfire, Pittsburg, Oklahoma",wildfires,Wildfires,2025-03-12,-95.6052,34.7029,US-DALLAS,Dallas,United States,32.7767,-96.797,240.87
EONET_12927,"Hamby Ridge Fire Wildfire, Delaware, Oklahoma",wildfires,Wildfires,2025-03-12,-94.7344444,36.32,US-DALLAS,Dallas,United States,32.7767,-96.797,436.91
EONET_12883,Wildfire in Myanmar 1023597,wildfires,Wildfires,2025-03-12,94.23278989531258,21.723810660461393,US-SACRAMENTO,Sacramento,United States,38.5816,-121.4944,12344.97
EONET_12895,Wildfire in Nigeria 1023604,wildfires,Wildfires,2025-03-12,13.930891537026335,12.3804343157281,US-MIAMI,Miami,United States,25.7617,-80.1918,9816.74
EONET_13035,Wildfire in India 1023608,wildfires,Wildfires,2025-03-12,90.99926889712192,25.79082244673053,US-SACRAMENTO,Sacramento,United States,38.5816,-121.4944,12098.46
EONET_13046,Wildfire in Myanmar 1023619,wildfires,Wildfires,2025-03-12,97.48337613805379,18.92783125418988,US-SACRAMENTO,Sacramento,United States,38.5816,-121.4944,12439.72
EONET_13047,Wildfire in Thailand 1023621,wildfires,Wildfires,2025-03-12,97.94917518303518,18.97846950931534,US-SACRAMENTO,Sacramento,United States,38.5816,-121.4944,12408.89
EONET_13049,Wildfire in Myanmar 1023622,wildfires,Wildfires,2025-03-12,93.29823961736854,22.05017236786709,US-SACRAMENTO,Sacramento,United States,38.5816,-121.4944,12359.85
EONET_12936,"Cottonwood Creek Wildfire, San Saba, Texas",wildfires,Wildfires,2025-03-12,-98.89228299,31.31084976,US-AUSTIN,Austin,United States,30.2672,-97.7431,159.74
EONET_12983,"RX Wildcat- Straight Rock/ Brogan Wildfire, Yell, Arkansas",wildfires,Wildfires,2025-03-12,-93.435167,34.891667,US-DALLAS,Dallas,United States,32.7767,-96.797,389.48
EONET_12986,"RX Jack Pigeon Wildfire, Scott, Arkansas",wildfires,Wildfires,2025-03-12,-93.774833,34.995333,US-DALLAS,Dallas,United States,32.7767,-96.797,372.37
EONET_12923,"Roderfield Wildfire, McDowell, West Virginia",wildfires,Wildfires,2025-03-12,-81.727343,37.460458,US-NEW_ORLEANS,New Orleans,United States,29.9511,-90.0715,1136.08
EONET_12926,"rx-Avoca Prairie Eastside Wildfire, Iowa, Wisconsin",wildfires,Wildfires,2025-03-12,-90.3022045,43.198056,US-DENVER,Denver,United States,39.7392,-104.9903,1280.83
EONET_12991,"Holly Springs IU 43-1 RX Wildfire, Benton, Mississippi",wildfires,Wildfires,2025-03-12,-89.280106,34.685209,US-NEW_ORLEANS,New Orleans,United States,29.9511,-90.0715,531.63
EONET_12993,"Holly Springs IU 39 1 RX Wildfire, Marshall, Mississippi",wildfires,Wildfires,2025-03-12,-89.305382,34.727783,US-NEW_ORLEANS,New Orleans,United States,29.9511,-90.0715,535.99
EONET_12970,"Rx Liberty 3 Wildfire, Logan, Arkansas",wildfires,Wildfires,2025-03-12,-93.5024,35.2131,US-DALLAS,Dallas,United States,32.7767,-96.797,406.95
EONET_12995,"RX OKSQR-HFR-FY25-Sandtown Wildfire, Sequoyah, Oklahoma",wildfires,Wildfires,2025-03-12,-94.991767,35.4259,US-DALLAS,Dallas,United States,32.7767,-96.797,338.22
EONET_12966,"IDNR - Iroquois Meadows RX Wildfire, Iroquois, Illinois",wildfires,Wildfires,2025-03-12,-87.579867,40.987483,US-DALLAS,Dallas,United States,32.7767,-96.797,1225.56
EONET_12957,"RX JC Firewise South Wildfire, Garland, Arkansas",wildfires,Wildfires,2025-03-12,-93.196389,34.541944,US-DALLAS,Dallas,United States,32.7767,-96.797,386.72
EONET_12932,"DeSoto BB 7209 C21 22 23 RX Wildfire, Perry, Mississippi",wildfires,Wildfires,2025-03-12,-88.8907,30.981167,US-NEW_ORLEANS,New Orleans,United States,29.9511,-90.0715,161.01
EONET_12950,"RX East end bear little bear Wildfire, Garland, Arkansas",wildfires,Wildfires,2025-03-12,-93.312778,34.544444,US-DALLAS,Dallas,United States,32.7767,-96.797,377.62
EONET_12988,"RX Norris Hollow/Wildcat Wildfire, Yell, Arkansas",wildfires,Wildfires,2025-03-12,-93.522583,34.875183,US-DALLAS,Dallas,United States,32.7767,-96.797,381.97
EONET_12996,"RX LOG CABIN Wildfire, Atoka, Oklahoma",wildfires,Wildfires,2025-03-12,-95.8494,34.5792,US-DALLAS,Dallas,United States,32.7767,-96.797,218.77
EONET_12997,"Jerktail RX Wildfire, Shannon, Missouri",wildfires,Wildfires,2025-03-12,-91.2676,37.2362,US-DALLAS,Dallas,United States,32.7767,-96.797,706.49
EONET_12975,"RX KIS C-5 SE Wildfire, Natchitoches, Louisiana",wildfires,Wildfires,2025-03-12,-93.105,31.541,US-HOUSTON,Houston,United States,29.7604,-95.3698,293.48
EONET_12989,"RX Bee Rough Wildfire, McCurtain, Oklahoma",wildfires,Wildfires,2025-03-12,-94.71155,34.259633,US-DALLAS,Dallas,United States,32.7767,-96.797,254.09
EONET_12967,"Bienville CPT 22 RX Wildfire, Scott, Mississippi",wildfires,Wildfires,2025-03-12,-89.5708,32.4392,US-NEW_ORLEANS,New Orleans,United States,29.9511,-90.0715,280.73
EONET_12972,"RX Alexander 4/Stob Gap 1 Wildfire, Crawford, Arkansas",wildfires,Wildfires,2025-03-12,-94.0013,35.7015,US-DALLAS,Dallas,United States,32.7767,-96.797,414.46
EONET_12971,"Eldridge RX Wildfire, Taney, Missouri",wildfires,Wildfires,2025-03-12,-92.844,36.7465,US-DALLAS,Dallas,United States,32.7767,-96.797,570.18
EONET_12990,"RX Harvey South Wildfire, Scott, Arkansas",wildfires,Wildfires,2025-03-12,-93.79676,34.884565,US-DALLAS,Dallas,United States,32.7767,-96.797,362.92
EONET_12998,"OCF CPT 12 Waterhole Rx 0312 Wildfire, Marion, Florida",wildfires,Wildfires,2025-03-12,-81.818117,29.444283,US-MIAMI,Miami,United States,25.7617,-80.1918,439.71
EONET_12992,"State of Illinois RX Wildfire, Jackson, Illinois",wildfires,Wildfires,2025-03-11,-89.5173,37.8649,US-DALLAS,Dallas,United States,32.7767,-96.797,869.14
EONET_12884,Wildfire in Central African Republic 1023591,wildfires,Wildfires,2025-03-11,24.105917533271608,7.335163304249659,US-MIAMI,Miami,United States,25.7617,-80.1918,11064.26
EONET_13043,Wildfire in Myanmar 1023616,wildfires,Wildfires,2025-03-11,96.66372562012208,21.57340199470004,US-SACRAMENTO,Sacramento,United States,38.5816,-121.4944,12233.41
EONET_13048,Wildfire in Myanmar 1023620,wildfires,Wildfires,2025-03-11,97.51386065667293,18.54525691138357,US-SACRAMENTO,Sacramento,United States,38.5816,-121.4944,12474.07
EONET_12929,"NADEL Wildfire, Osage, Oklahoma",wildfires,Wildfires,2025-03-11,-96.42203,36.33773,US-DALLAS,Dallas,United States,32.7767,-96.797,397.45
EONET_12999,"East Branch Cedar Creek RX Wildfire, Johnson, Illinois",wildfires,Wildfires,2025-03-11,-88.73399,37.50853,US-NEW_ORLEANS,New Orleans,United States,29.9511,-90.0715,849.37
EONET_13005,"HFR FY25 RX Cattails Wildfire, Sequoyah, Oklahoma",wildfires,Wildfires,2025-03-11,-94.99972,35.438456,US-DALLAS,Dallas,United States,32.7767,-96.797,339.07
EONET_13004,"RX KIS C-63 Wildfire, Natchitoches, Louisiana",wildfires,Wildfires,2025-03-11,-93.11575,31.38475,US-HOUSTON,Houston,United States,29.7604,-95.3698,281.4
EONET_13000,"Devils Kitchen West RX Wildfire, Williamson, Illinois",wildfires,Wildfires,2025-03-11,-89.0997,37.6258,US-NEW_ORLEANS,New Orleans,United States,29.9511,-90.0715,858.08
EONET_13009,"Bowdoin West RX Wildfire, Phillips, Montana",wildfires,Wildfires,2025-03-11,-107.72462,48.39459,US-DENVER,Denver,United States,39.7392,-104.9903,986.74
EONET_12961,"HWY 49 Wildfire, Grant, North Dakota",wildfires,Wildfires,2025-03-11,-101.85736,46.68369,US-DENVER,Denver,United States,39.7392,-104.9903,812.68
EONET_12977,"Rx Bomag Ball Springs Wildfire, Logan, Arkansas",wildfires,Wildfires,2025-03-11,-93.6907,35.1986,US-DALLAS,Dallas,United States,32.7767,-96.797,393.08
EONET_12994,"Rx Pilot Rock Wildfire, Johnson, Arkansas",wildfires,Wildfires,2025-03-11,-93.25,35.565833,US-DALLAS,Dallas,United States,32.7767,-96.797,450.12
EONET_13001,"RX Anna Reese 3 Wildfire, Stone, Arkansas",wildfires,Wildfires,2025-03-11,-92.259444,36.015833,US-DALLAS,Dallas,United States,32.7767,-96.797,550.38
EONET_12976,"RX Wildcat 4-5 Wildfire, Yell, Arkansas",wildfires,Wildfires,2025-03-11,-93.418889,34.898278,US-DALLAS,Dallas,United States,32.7767,-96.797,391.11
EONET_13006,"RX WINN C-95-104 Wildfire, Grant, Louisiana",wildfires,Wildfires,2025-03-11,-92.561944,31.775,US-NEW_ORLEANS,New Orleans,United States,29.9511,-90.0715,312.45
EONET_12978,"RX Harvey Wildfire, Scott, Arkansas",wildfires,Wildfires,2025-03-11,-93.79676,34.884565,US-DALLAS,Dallas,United States,32.7767,-96.797,362.92
EONET_13002,"RX CAT C-4-5 Wildfire, Grant, Louisiana",wildfires,Wildfires,2025-03-11,-92.454333,31.71675,US-NEW_ORLEANS,New Orleans,United States,29.9511,-90.0715,300.49
EONET_13008,"RX CALE C-81 Wildfire, Rapides, Louisiana",wildfires,Wildfires,2025-03-11,-92.647,31.018483,US-NEW_ORLEANS,New Orleans,United States,29.9511,-90.0715,273.84
EONET_12979,"RX Blaylock &amp; Brier Leader Wildfire, Polk, Arkansas",wildfires,Wildfires,2025-03-11,-93.998611,34.4025,US-DALLAS,Dallas,United States,32.7767,-96.797,316.0
EONET_12945,"Gray Squirrel Hollow Wildfire, Adair, Oklahoma",wildfires,Wildfires,2025-03-11,-94.7441667,36.0205556,US-DALLAS,Dallas,United States,32.7767,-96.797,406.88
EONET_13007,"Holly Springs IU 35 1 RX Wildfire, Marshall, Mississippi",wildfires,Wildfires,2025-03-11,-89.32888,34.742293,US-NEW_ORLEANS,New Orleans,United States,29.9511,-90.0715,537.3
EONET_12954,"Andrix Wildfire, Baca, Colorado",wildfires,Wildfires,2025-03-10,-103.08506,37.206047,US-DENVER,Denver,United States,39.7392,-104.9903,326.86
EONET_12984,"Rx WaggleySalt Fork Alexande Wildfire, Franklin, Arkansas",wildfires,Wildfires,2025-03-10,-93.9385,35.7209,US-DALLAS,Dallas,United States,32.7767,-96.797,419.72
EONET_12885,Wildfire in India 1023598,wildfires,Wildfires,2025-03-10,93.00463337862833,22.746530344768676,US-SACRAMENTO,Sacramento,United States,38.5816,-121.4944,12306.1
EONET_12886,Wildfire in India 1023599,wildfires,Wildfires,2025-03-10,92.59304989103023,22.955887691948824,US-SACRAMENTO,Sacramento,United States,38.5816,-121.4944,12305.42
EONET_12887,Wildfire in South Africa 1023595,wildfires,Wildfires,2025-03-10,18.99149662155846,-32.16994291564136,US-MIAMI,Miami,United States,25.7617,-80.1918,12306.56
EONET_12896,Wildfire in Myanmar 1023606,wildfires,Wildfires,2025-03-10,97.32648709441683,18.52601847848982,US-SACRAMENTO,Sacramento,United States,38.5816,-121.4944,12486.36
EONET_12930,"ACORN Wildfire, Osage, Oklahoma",wildfires,Wildfires,2025-03-10,-96.368611,36.321944,US-DALLAS,Dallas,United States,32.7767,-96.797,396.16
EONET_12969,"Ocean Front Wildfire, Calhoun, Texas",wildfires,Wildfires,2025-03-10,-96.59,28.389,US-HOUSTON,Houston,United States,29.7604,-95.3698,193.17
EONET_13013,"HGR Godwin 2 RX Wildfire, Grayson, Texas",wildfires,Wildfires,2025-03-10,-96.818533,33.743625,US-DALLAS,Dallas,United States,32.7767,-96.797,107.54
EONET_12919,"ROUTE 13 Wildfire, Ziebach, South Dakota",wildfires,Wildfires,2025-03-10,-101.9838889,44.65416667,US-DENVER,Denver,United States,39.7392,-104.9903,599.9
EONET_13011,"SNF Black Ankle 66 RX Wildfire, Sabine, Texas",wildfires,Wildfires,2025-03-10,-93.974117,31.53195,US-HOUSTON,Houston,United States,29.7604,-95.3698,237.97
EONET_13014,"SHNF Comp 8 RX Wildfire, Montgomery, Texas",wildfires,Wildfires,2025-03-10,-95.793333,30.508333,US-HOUSTON,Houston,United States,29.7604,-95.3698,92.6
EONET_13015,"SMR CPT 311 Rx 0307 Wildfire, Wakulla, Florida",wildfires,Wildfires,2025-03-10,-84.415889,30.015444,US-NEW_ORLEANS,New Orleans,United States,29.9511,-90.0715,544.71
EONET_13016,"FPR Cochran &amp; Airplane Rx 0308 Wildfire, Collier, Florida",wildfires,Wildfires,2025-03-10,-81.388967,26.1748,US-MIAMI,Miami,United States,25.7617,-80.1918,128.19
EONET_13003,"Miller King RX Wildfire, Butler, Missouri",wildfires,Wildfires,2025-03-10,-90.591202,36.918496,US-DALLAS,Dallas,United States,32.7767,-96.797,729.63
EONET_13017,"Victory Landscape RX Wildfire, Butler, Missouri",wildfires,Wildfires,2025-03-10,-90.5618,36.8921,US-DALLAS,Dallas,United States,32.7767,-96.797,729.94
EONET_12958,"158th ST Wildfire, Burleigh, North Dakota",wildfires,Wildfires,2025-03-10,-100.45556,46.808449,US-DENVER,Denver,United States,39.7392,-104.9903,867.19
EONET_12980,"RX Gambler 4 Wildfire, Baxter, Arkansas",wildfires,Wildfires,2025-03-10,-92.256492,36.070132,US-DALLAS,Dallas,United States,32.7767,-96.797,554.45
EONET_13012,"RX CALV C-108-112 Wildfire, Vernon, Louisiana",wildfires,Wildfires,2025-03-10,-93.1512,30.94375,US-HOUSTON,Houston,United States,29.7604,-95.3698,250.26
EONET_12981,"RX Livingston 3 Wildfire, Stone, Arkansas",wildfires,Wildfires,2025-03-10,-92.182673,36.031365,US-DALLAS,Dallas,United States,32.7767,-96.797,556.81
EONET_13019,"Rx Newton 0913 Wildfire, Newton, Texas",wildfires,Wildfires,2025-03-10,-93.796824,31.137414,US-HOUSTON,Houston,United States,29.7604,-95.3698,214.89
EONET_13020,"Rx Anderson 0911 Wildfire, Anderson, Texas",wildfires,Wildfires,2025-03-10,-95.39591,31.72405,US-DALLAS,Dallas,United States,32.7767,-96.797,176.24
EONET_12934,"KENWOOD 15S Wildfire, Delaware, Oklahoma",wildfires,Wildfires,2025-03-09,-94.909444,36.292222,US-DALLAS,Dallas,United States,32.7767,-96.797,427.41
EONET_12888,Wildfire in India 1023600,wildfires,Wildfires,2025-03-09,92.74218103787095,22.32423758852614,US-SACRAMENTO,Sacramento,United States,38.5816,-121.4944,12360.22
EONET_12897,Wildfire in Myanmar 1023605,wildfires,Wildfires,2025-03-09,97.25800272968671,21.51524095754266,US-SACRAMENTO,Sacramento,United States,38.5816,-121.4944,12207.17
EONET_13023,"Webster- Union Church Rd. Wildfire, Choctaw, Mississippi",wildfires,Wildfires,2025-03-09,-89.3875,33.4052778,US-NEW_ORLEANS,New Orleans,United States,29.9511,-90.0715,389.5
EONET_13021,"Minninghaw RX Wildfire, Dent, Missouri",wildfires,Wildfires,2025-03-09,-91.3645,37.498333,US-DALLAS,Dallas,United States,32.7767,-96.797,720.6
EONET_13010,"FLW Range Complex Unit C RX Wildfire, Pulaski, Missouri",wildfires,Wildfires,2025-03-09,-92.136834,37.667337,US-DALLAS,Dallas,United States,32.7767,-96.797,688.93
EONET_13018,"Wylie King 3 4 5 RX Wildfire, Butler, Missouri",wildfires,Wildfires,2025-03-09,-90.615471,36.918752,US-DALLAS,Dallas,United States,32.7767,-96.797,727.94
EONET_12985,"Rx Gambler 3 Wildfire, Baxter, Arkansas",wildfires,Wildfires,2025-03-09,-92.256492,36.070132,US-DALLAS,Dallas,United States,32.7767,-96.797,554.45
EONET_13024,"Vance Barnett RX Wildfire, Shannon, Missouri",wildfires,Wildfires,2025-03-09,-91.211167,37.149867,US-DALLAS,Dallas,United States,32.7767,-96.797,703.69
EONET_12860,Wildfire in Japan 1023572,wildfires,Wildfires,2025-03-08,131.1045520412834,33.01188756779366,US-SAN_FRANCISCO,San Francisco,United States,37.7749,-122.4194,9075.67
EONET_12864,Wildfire in Mongolia 1023574,wildfires,Wildfires,2025-03-08,115.89171959937453,46.38149934342592,US-SACRAMENTO,Sacramento,United States,38.5816,-121.4944,8978.48
EONET_12872,Wildfire in Central African Republic 1023581,wildfires,Wildfires,2025-03-08,23.536788708011464,6.619150766776794,US-MIAMI,Miami,United States,25.7617,-80.1918,11045.58
EONET_12878,Wildfire in Central African Republic 1023590,wildfires,Wildfires,2025-03-08,23.688304833308994,6.516394496500546,US-MIAMI,Miami,United States,25.7617,-80.1918,11065.7
EONET_12889,Wildfire in Myanmar 1023592,wildfires,Wildfires,2025-03-08,93.52984617226183,20.188311094429693,US-SACRAMENTO,Sacramento,United States,38.5816,-121.4944,12529.63
EONET_12890,Wildfire in Central African Republic 1023593,wildfires,Wildfires,2025-03-08,23.667916770271972,6.511335898221757,US-MIAMI,Miami,United States,25.7617,-80.1918,11063.97
EONET_12858,Tropical Cyclone Jude,severeStorms,Severe Storms,2025-03-08,45.6,-14.5,US-MIAMI,Miami,United States,25.7617,-80.1918,14258.03
EONET_12858,Tropical Cyclone Jude,severeStorms,Severe Storms,2025-03-09,44.5,-14.8,US-MIAMI,Miami,United States,25.7617,-80.1918,14160.1
EONET_12858,Tropical Cyclone Jude,severeStorms,Severe Storms,2025-03-09,43.5,-14.8,US-MIAMI,Miami,United States,25.7617,-80.1918,14059.96
EONET_12858,Tropical Cyclone Jude,severeStorms,Severe Storms,2025-03-09,42.2,-15.2,US-MIAMI,Miami,United States,25.7617,-80.1918,13945.86
EONET_12858,Tropical Cyclone Jude,severeStorms,Severe Storms,2025-03-09,41.2,-14.9,US-MIAMI,Miami,United States,25.7617,-80.1918,13833.68
EONET_12858,Tropical Cyclone Jude,severeStorms,Severe Storms,2025-03-10,40.6,-15.1,US-MIAMI,Miami,United States,25.7617,-80.1918,13781.65
EONET_12858,Tropical Cyclone Jude,severeStorms,Severe Storms,2025-03-10,39.9,-15.2,US-MIAMI,Miami,United States,25.7617,-80.1918,13715.59
EONET_12858,Tropical Cyclone Jude,severeStorms,Severe Storms,2025-03-10,39.0,-14.9,US-MIAMI,Miami,United States,25.7617,-80.1918,13613.43
EONET_12858,Tropical Cyclone Jude,severeStorms,Severe Storms,2025-03-10,38.0,-14.6,US-MIAMI,Miami,United States,25.7617,-80.1918,13501.14
EONET_12858,Tropical Cyclone Jude,severeStorms,Severe Storms,2025-03-11,37.3,-14.6,US-MIAMI,Miami,United States,25.7617,-80.1918,13431.09
EONET_12858,Tropical Cyclone Jude,severeStorms,Severe Storms,2025-03-11,36.5,-15.3,US-MIAMI,Miami,United States,25.7617,-80.1918,13379.46
EONET_12858,Tropical Cyclone Jude,severeStorms,Severe Storms,2025-03-11,35.9,-16.1,US-MIAMI,Miami,United States,25.7617,-80.1918,13351.42
EONET_12858,Tropical Cyclone Jude,severeStorms,Severe Storms,2025-03-11,35.4,-16.8,US-MIAMI,Miami,United States,25.7617,-80.1918,13329.0
EONET_12858,Tropical Cyclone Jude,severeStorms,Severe Storms,2025-03-12,35.1,-17.3,US-MIAMI,Miami,United States,25.7617,-80.1918,13318.46
EONET_12858,Tropical Cyclone Jude,severeStorms,Severe Storms,2025-03-12,35.2,-17.5,US-MIAMI,Miami,United States,25.7617,-80.1918,13336.1
EONET_12858,Tropical Cyclone Jude,severeStorms,Severe Storms,2025-03-12,35.5,-17.9,US-MIAMI,Miami,United States,25.7617,-80.1918,13381.18
EONET_12858,Tropical Cyclone Jude,severeStorms,Severe Storms,2025-03-12,35.8,-18.3,US-MIAMI,Miami,United States,25.7617,-80.1918,13426.06
EONET_12858,Tropical Cyclone Jude,severeStorms,Severe Storms,2025-03-13,36.6,-19.0,US-MIAMI,Miami,United States,25.7617,-80.1918,13531.39
EONET_12858,Tropical Cyclone Jude,severeStorms,Severe Storms,2025-03-13,37.4,-19.6,US-MIAMI,Miami,United States,25.7617,-80.1918,13632.43
EONET_12858,Tropical Cyclone Jude,severeStorms,Severe Storms,2025-03-13,38.3,-20.2,US-MIAMI,Miami,United States,25.7617,-80.1918,13742.78
EONET_12858,Tropical Cyclone Jude,severeStorms,Severe Storms,2025-03-13,39.5,-21.1,US-MIAMI,Miami,United States,25.7617,-80.1918,13892.23
EONET_12858,Tropical Cyclone Jude,severeStorms,Severe Storms,2025-03-14,40.7,-22.5,US-MIAMI,Miami,United States,25.7617,-80.1918,14055.82
EONET_12858,Tropical Cyclone Jude,severeStorms,Severe Storms,2025-03-14,41.6,-23.0,US-MIAMI,Miami,United States,25.7617,-80.1918,14159.83
EONET_12858,Tropical Cyclone Jude,severeStorms,Severe Storms,2025-03-14,42.2,-23.7,US-MIAMI,Miami,United States,25.7617,-80.1918,14239.49
EONET_12858,Tropical Cyclone Jude,severeStorms,Severe Storms,2025-03-14,43.3,-24.6,US-MIAMI,Miami,United States,25.7617,-80.1918,14372.66
EONET_12858,Tropical Cyclone Jude,severeStorms,Severe Storms,2025-03-15,43.9,-24.9,US-MIAMI,Miami,United States,25.7617,-80.1918,14439.49
EONET_12858,Tropical Cyclone Jude,severeStorms,Severe Storms,2025-03-15,44.6,-25.0,US-MIAMI,Miami,United States,25.7617,-80.1918,14510.7
EONET_12858,Tropical Cyclone Jude,severeStorms,Severe Storms,2025-03-15,46.0,-25.2,US-MIAMI,Miami,United States,25.7617,-80.1918,14653.03
EONET_12858,Tropical Cyclone Jude,severeStorms,Severe Storms,2025-03-15,47.7,-25.3,US-MIAMI,Miami,United States,25.7617,-80.1918,14822.27
EONET_12858,Tropical Cyclone Jude,severeStorms,Severe Storms,2025-03-16,51.3,-25.8,US-MIAMI,Miami,United States,25.7617,-80.1918,15187.17
EONET_12858,Tropical Cyclone Jude,severeStorms,Severe Storms,2025-03-16,53.4,-26.4,US-MIAMI,Miami,United States,25.7617,-80.1918,15405.49
EONET_13026,"Johnson Mountain Blk 1 RX Wildfire, Iron, Missouri",wildfires,Wildfires,2025-03-08,-90.887717,37.715333,US-DALLAS,Dallas,United States,32.7767,-96.797,767.47
EONET_12952,"Rx Gambler 2 Wildfire, Baxter, Arkansas",wildfires,Wildfires,2025-03-08,-92.282212,36.095542,US-DALLAS,Dallas,United States,32.7767,-96.797,554.51
EONET_13025,"GUN CLUB Wildfire, Okmulgee, Oklahoma",wildfires,Wildfires,2025-03-08,-95.930278,35.663333,US-DALLAS,Dallas,United States,32.7767,-96.797,330.72
EONET_12973,"Knotwell RX Wildfire, Phelps, Missouri",wildfires,Wildfires,2025-03-08,-91.938833,37.8725,US-DALLAS,Dallas,United States,32.7767,-96.797,717.61
EONET_13022,"Tapsville RX Wildfire, Lawrence, Alabama",wildfires,Wildfires,2025-03-08,-87.321845,34.349135,US-NEW_ORLEANS,New Orleans,United States,29.9511,-90.0715,553.26
EONET_12859,Tropical Cyclone Ivone,severeStorms,Severe Storms,2025-03-08,84.7,-11.7,US-SAN_FRANCISCO,San Francisco,United States,37.7749,-122.4194,16056.82
EONET_12859,Tropical Cyclone Ivone,severeStorms,Severe Storms,2025-03-08,84.6,-12.1,US-SAN_FRANCISCO,San Francisco,United States,37.7749,-122.4194,16098.44
EONET_12859,Tropical Cyclone Ivone,severeStorms,Severe Storms,2025-03-08,83.9,-13.1,US-SAN_FRANCISCO,San Francisco,United States,37.7749,-122.4194,16232.73
EONET_12859,Tropical Cyclone Ivone,severeStorms,Severe Storms,2025-03-09,84.2,-14.2,US-SAN_FRANCISCO,San Francisco,United States,37.7749,-122.4194,16306.59
EONET_12859,Tropical Cyclone Ivone,severeStorms,Severe Storms,2025-03-09,84.1,-15.2,US-SAN_FRANCISCO,San Francisco,United States,37.7749,-122.4194,16398.06
EONET_12859,Tropical Cyclone Ivone,severeStorms,Severe Storms,2025-03-09,83.6,-16.3,US-SAN_FRANCISCO,San Francisco,United States,37.7749,-122.4194,16525.21
EONET_12859,Tropical Cyclone Ivone,severeStorms,Severe Storms,2025-03-09,83.1,-17.4,US-SAN_FRANCISCO,San Francisco,United States,37.7749,-122.4194,16651.61
EONET_12859,Tropical Cyclone Ivone,severeStorms,Severe Storms,2025-03-10,82.7,-18.3,US-SAN_FRANCISCO,San Francisco,United States,37.7749,-122.4194,16753.75
EONET_12859,Tropical Cyclone Ivone,severeStorms,Severe Storms,2025-03-10,82.2,-19.2,US-SAN_FRANCISCO,San Francisco,United States,37.7749,-122.4194,16862.55
EONET_12859,Tropical Cyclone Ivone,severeStorms,Severe Storms,2025-03-10,81.6,-19.7,US-SAN_FRANCISCO,San Francisco,United States,37.7749,-122.4194,16946.24
EONET_12859,Tropical Cyclone Ivone,severeStorms,Severe Storms,2025-03-10,81.0,-20.2,US-SAN_FRANCISCO,San Francisco,United States,37.7749,-122.4194,17029.8
EONET_12859,Tropical Cyclone Ivone,severeStorms,Severe Storms,2025-03-11,80.3,-20.2,US-SAN_FRANCISCO,San Francisco,United States,37.7749,-122.4194,17080.29
EONET_12859,Tropical Cyclone Ivone,severeStorms,Severe Storms,2025-03-11,79.1,-20.3,US-SAN_FRANCISCO,San Francisco,United States,37.7749,-122.4194,17173.52
EONET_12859,Tropical Cyclone Ivone,severeStorms,Severe Storms,2025-03-11,78.1,-20.0,US-SAN_FRANCISCO,San Francisco,United States,37.7749,-122.4194,17217.63
EONET_12859,Tropical Cyclone Ivone,severeStorms,Severe Storms,2025-03-11,77.0,-19.8,US-SACRAMENTO,Sacramento,United States,38.5816,-121.4944,17272.52
EONET_12859,Tropical Cyclone Ivone,severeStorms,Severe Storms,2025-03-12,75.6,-19.5,US-SACRAMENTO,Sacramento,United States,38.5816,-121.4944,17330.08
EONET_12859,Tropical Cyclone Ivone,severeStorms,Severe Storms,2025-03-12,74.3,-19.5,US-MIAMI,Miami,United States,25.7617,-80.1918,17311.16
EONET_12859,Tropical Cyclone Ivone,severeStorms,Severe Storms,2025-03-12,72.7,-19.6,US-MIAMI,Miami,United States,25.7617,-80.1918,17156.56
EONET_12859,Tropical Cyclone Ivone,severeStorms,Severe Storms,2025-03-12,71.0,-20.2,US-MIAMI,Miami,United States,25.7617,-80.1918,17008.34
EONET_12859,Tropical Cyclone Ivone,severeStorms,Severe Storms,2025-03-13,69.6,-21.1,US-MIAMI,Miami,United States,25.7617,-80.1918,16896.8
EONET_12859,Tropical Cyclone Ivone,severeStorms,Severe Storms,2025-03-13,68.4,-21.8,US-MIAMI,Miami,United States,25.7617,-80.1918,16796.58
EONET_12859,Tropical Cyclone Ivone,severeStorms,Severe Storms,2025-03-13,67.6,-22.6,US-MIAMI,Miami,United States,25.7617,-80.1918,16737.11
EONET_12859,Tropical Cyclone Ivone,severeStorms,Severe Storms,2025-03-13,66.7,-23.8,US-MIAMI,Miami,United States,25.7617,-80.1918,16674.16
EONET_12859,Tropical Cyclone Ivone,severeStorms,Severe Storms,2025-03-14,65.9,-24.3,US-MIAMI,Miami,United States,25.7617,-80.1918,16604.25
EONET_12859,Tropical Cyclone Ivone,severeStorms,Severe Storms,2025-03-14,65.4,-24.5,US-MIAMI,Miami,United States,25.7617,-80.1918,16558.17
EONET_12854,Wildfire in Australia 1023568,wildfires,Wildfires,2025-03-07,128.38030681274947,-17.160733613694457,US-SAN_FRANCISCO,San Francisco,United States,37.7749,-122.4194,12833.15
EONET_12865,Wildfire in Australia 1023575,wildfires,Wildfires,2025-03-07,128.75620408324932,-17.13637444417971,US-SAN_FRANCISCO,San Francisco,United States,37.7749,-122.4194,12798.62
EONET_12866,Wildfire in Australia 1023576,wildfires,Wildfires,2025-03-07,130.2212002200049,-18.21746470042773,US-SAN_FRANCISCO,San Francisco,United States,37.7749,-122.4194,12737.57
EONET_12873,Wildfire in South Africa 1023583,wildfires,Wildfires,2025-03-07,19.101828923882767,-32.25030765506339,US-MIAMI,Miami,United States,25.7617,-80.1918,12319.2
EONET_12874,Wildfire in Myanmar 1023586,wildfires,Wildfires,2025-03-07,97.04883946292448,21.11563416223357,US-SACRAMENTO,Sacramento,United States,38.5816,-121.4944,12256.39
EONET_12891,Wildfire in Myanmar 1023601,wildfires,Wildfires,2025-03-07,96.70426337145264,21.773339451997852,US-SACRAMENTO,Sacramento,United States,38.5816,-121.4944,12212.19
EONET_12893,"Wildfire in Sudan, Ethiopia 1023603",wildfires,Wildfires,2025-03-07,33.263231720709946,8.498101519852261,US-MIAMI,Miami,United States,25.7617,-80.1918,11884.09
EONET_13027,"Camden Hollow RX Wildfire, Shannon, Missouri",wildfires,Wildfires,2025-03-07,-91.2992,37.368867,US-DALLAS,Dallas,United States,32.7767,-96.797,714.61
EONET_12987,"BO/MAG Dooley RX Wildfire, Yell, Arkansas",wildfires,Wildfires,2025-03-07,-93.4067,35.163,US-DALLAS,Dallas,United States,32.7767,-96.797,410.01
EONET_12982,"RX North Rebuck Wildfire, Scott, Arkansas",wildfires,Wildfires,2025-03-07,-93.802222,34.7675,US-DALLAS,Dallas,United States,32.7767,-96.797,354.41
EONET_13029,"BLUITT PLANT 2 Wildfire, Roosevelt, New Mexico",wildfires,Wildfires,2025-03-07,-103.237439,33.624439,US-DALLAS,Dallas,United States,32.7767,-96.797,606.5
EONET_13028,"BALD HILL Wildfire, Okmulgee, Oklahoma",wildfires,Wildfires,2025-03-07,-95.885278,35.703611,US-DALLAS,Dallas,United States,32.7767,-96.797,336.07
EONET_13030,"RX Gambler 1 Wildfire, Baxter, Arkansas",wildfires,Wildfires,2025-03-07,-92.287442,36.072526,US-DALLAS,Dallas,United States,32.7767,-96.797,552.49
EONET_13031,"RX Kleberg 0899 Wildfire, Kleberg, Texas",wildfires,Wildfires,2025-03-07,-97.633963,27.369151,US-AUSTIN,Austin,United States,30.2672,-97.7431,322.42
EONET_12875,Wildfire in Venezuela 1023584,wildfires,Wildfires,2025-03-06,-61.4739192703003,9.635534119657786,US-MIAMI,Miami,United States,25.7617,-80.1918,2666.39
EONET_12879,Wildfire in India 1023587,wildfires,Wildfires,2025-03-06,92.67331338162069,22.48307877881833,US-SACRAMENTO,Sacramento,United States,38.5816,-121.4944,12347.98
EONET_12892,Wildfire in India 1023594,wildfires,Wildfires,2025-03-06,92.41440586858594,23.18152643821413,US-SACRAMENTO,Sacramento,United States,38.5816,-121.4944,12291.76
EONET_12894,Wildfire in Sudan 1023602,wildfires,Wildfires,2025-03-06,32.966461362382596,8.435607326295585,US-MIAMI,Miami,United States,25.7617,-80.1918,11859.4
EONET_13032,"Conecuh Fire Wildfire, Covington, Alabama",wildfires,Wildfires,2025-03-06,-86.2533333,31.325,US-NEW_ORLEANS,New Orleans,United States,29.9511,-90.0715,395.92
EONET_12861,Wildfire in Ethiopia 1023569,wildfires,Wildfires,2025-03-05,33.7984221412233,7.935052059126491,US-MIAMI,Miami,United States,25.7617,-80.1918,11966.54
EONET_12880,Wildfire in Myanmar 1023588,wildfires,Wildfires,2025-03-05,97.02884177730607,21.11372737882551,US-SACRAMENTO,Sacramento,United States,38.5816,-121.4944,12257.65
EONET_12847,Wildfire in Australia 1023558,wildfires,Wildfires,2025-03-04,133.16942096241894,-13.88999951701955,US-SAN_FRANCISCO,San Francisco,United States,37.7749,-122.4194,12204.33
EONET_12868,Wildfire in Ethiopia 1023577,wildfires,Wildfires,2025-03-04,33.87995019447472,7.902587980806288,US-MIAMI,Miami,United States,25.7617,-80.1918,11976.11
EONET_12869,Wildfire in Mexico 1023578,wildfires,Wildfires,2025-03-04,-98.46236445375952,23.02153983632611,US-AUSTIN,Austin,United States,30.2672,-97.7431,808.84
EONET_12881,Wildfire in Myanmar 1023589,wildfires,Wildfires,2025-03-04,97.10332206752199,21.373585908949025,US-SACRAMENTO,Sacramento,United States,38.5816,-121.4944,12228.94
EONET_12848,Wildfire in Australia 1023559,wildfires,Wildfires,2025-03-03,114.04983888837145,-22.024491925159413,US-SAN_FRANCISCO,San Francisco,United States,37.7749,-122.4194,14386.45
EONET_12862,Wildfire in India 1023570,wildfires,Wildfires,2025-03-03,78.62792317851759,16.171901237732552,US-SACRAMENTO,Sacramento,United States,38.5816,-121.4944,13575.91
EONET_12876,Wildfire in Myanmar 1023585,wildfires,Wildfires,2025-03-03,97.22638595937607,21.431668536367507,US-SACRAMENTO,Sacramento,United States,38.5816,-121.4944,12216.81
EONET_12855,Wildfire in The Democratic Republic of Congo 1023565,wildfires,Wildfires,2025-03-02,29.319199493766188,4.11778052420226,US-MIAMI,Miami,United States,25.7617,-80.1918,11741.44
EONET_12856,Wildfire in Ethiopia 1023566,wildfires,Wildfires,2025-03-02,36.203560737771504,10.958707288432578,US-MIAMI,Miami,United States,25.7617,-80.1918,12018.67
EONET_12867,Wildfire in Ethiopia 1023573,wildfires,Wildfires,2025-03-02,36.052729593506925,10.854635061053113,US-MIAMI,Miami,United States,25.7617,-80.1918,12010.8
EONET_12870,Wildfire in Myanmar 1023579,wildfires,Wildfires,2025-03-02,97.2656543265482,19.743576184865212,US-SACRAMENTO,Sacramento,United States,38.5816,-121.4944,12374.71
EONET_12877,Wildfire in Myanmar 1023582,wildfires,Wildfires,2025-03-02,94.09367491290467,20.916152625051392,US-SACRAMENTO,Sacramento,United States,38.5816,-121.4944,12430.34
EONET_12849,Wildfire in Ethiopia 1023562,wildfires,Wildfires,2025-03-01,36.03694573694831,10.717569091269917,US-MIAMI,Miami,United States,25.7617,-80.1918,12017.38
EONET_12871,Wildfire in Myanmar 1023580,wildfires,Wildfires,2025-03-01,97.44061204928268,18.64426234678043,US-SACRAMENTO,Sacramento,United States,38.5816,-121.4944,12468.84
EONET_12850,Wildfire in Mexico 1023560,wildfires,Wildfires,2025-02-28,-108.46121544989686,29.92459591249199,US-PHOENIX,Phoenix,United States,33.4484,-112.074,519.9
EONET_12851,Wildfire in Myanmar 1023561,wildfires,Wildfires,2025-02-28,97.15913730391169,22.5979169762239,US-SACRAMENTO,Sacramento,United States,38.5816,-121.4944,12109.47
EONET_12857,Wildfire in Mexico 1023567,wildfires,Wildfires,2025-02-28,-108.42762061983576,29.838872783724792,US-PHOENIX,Phoenix,United States,33.4484,-112.074,529.29
EONET_12863,Wildfire in India 1023571,wildfires,Wildfires,2025-02-28,79.99317338106425,19.184716809696404,US-SACRAMENTO,Sacramento,United States,38.5816,-121.4944,13212.18
EONET_12801,Wildfire in Australia 1023549,wildfires,Wildfires,2025-02-27,128.52327871865603,-16.40598297286811,US-SAN_FRANCISCO,San Francisco,United States,37.7749,-122.4194,12773.16
EONET_12808,Wildfire in Venezuela 1023550,wildfires,Wildfires,2025-02-27,-62.915756515665755,8.874035780887,US-MIAMI,Miami,United States,25.7617,-80.1918,2618.32
EONET_12810,Wildfire in Australia 1023552,wildfires,Wildfires,2025-02-27,128.50209889262345,-16.221010585212838,US-SAN_FRANCISCO,San Francisco,United States,37.7749,-122.4194,12763.34
EONET_12852,Wildfire in Myanmar 1023563,wildfires,Wildfires,2025-02-27,94.58351878953317,19.538833730103978,US-SACRAMENTO,Sacramento,United States,38.5816,-121.4944,12538.17
EONET_12817,"Dismal River Ranch Wildfire, Hooker, Nebraska",wildfires,Wildfires,2025-02-27,-101.04,41.859,US-DENVER,Denver,United States,39.7392,-104.9903,407.51
EONET_12818,"Devils Horn 1-3 RX Wildfire, Carter, Missouri",wildfires,Wildfires,2025-02-27,-91.083183,36.84222,US-DALLAS,Dallas,United States,32.7767,-96.797,690.02
EONET_12825,"RX Golden Road 2 3 4 5 7 Wildfire, Pike, Arkansas",wildfires,Wildfires,2025-02-27,-93.898611,34.322222,US-DALLAS,Dallas,United States,32.7767,-96.797,318.85
EONET_12828,"RX 97 old growth hurricane Wildfire, Montgomery, Arkansas",wildfires,Wildfires,2025-02-27,-93.913333,34.416667,US-DALLAS,Dallas,United States,32.7767,-96.797,323.38
EONET_12767,"Compartment 1 RX Wildfire, Macon, Alabama",wildfires,Wildfires,2025-02-27,-85.658917,32.432944,US-NEW_ORLEANS,New Orleans,United States,29.9511,-90.0715,502.24
EONET_12816,"Eureka Wildfire, Custer, Nebraska",wildfires,Wildfires,2025-02-27,-99.958764,41.510793,US-DENVER,Denver,United States,39.7392,-104.9903,468.01
EONET_12827,"RX BO/MAG Green Bench Wildfire, Logan, Arkansas",wildfires,Wildfires,2025-02-27,-93.713,35.1884,US-DALLAS,Dallas,United States,32.7767,-96.797,390.82
EONET_12821,"SNF Indian Mound 103 RX Wildfire, Sabine, Texas",wildfires,Wildfires,2025-02-27,-93.725867,31.3088,US-HOUSTON,Houston,United States,29.7604,-95.3698,233.3
EONET_12830,"DCNF Comp 64 65 RX Wildfire, Houston, Texas",wildfires,Wildfires,2025-02-27,-95.255397,31.28114,US-HOUSTON,Houston,United States,29.7604,-95.3698,169.45
EONET_12764,"RX Rambo Wildfire, Johnson, Arkansas",wildfires,Wildfires,2025-02-27,-93.597128,35.658049,US-DALLAS,Dallas,United States,32.7767,-96.797,434.93
EONET_12839,"RX KIS C-17-18 Wildfire, Natchitoches, Louisiana",wildfires,Wildfires,2025-02-27,-93.043611,31.525,US-HOUSTON,Houston,United States,29.7604,-95.3698,296.67
EONET_12768,"Rx Lamar 0544 Wildfire, Lamar, Texas",wildfires,Wildfires,2025-02-27,-95.537,33.7962,US-DALLAS,Dallas,United States,32.7767,-96.797,162.99
EONET_12826,"Tombigbee CPT 18 RX Wildfire, Chickasaw, Mississippi",wildfires,Wildfires,2025-02-27,-88.9583,33.93515,US-NEW_ORLEANS,New Orleans,United States,29.9511,-90.0715,455.28
EONET_12832,"RX FY25 BUFF Mill Creek Wildfire, Newton, Arkansas",wildfires,Wildfires,2025-02-27,-93.123333,36.0675,US-DALLAS,Dallas,United States,32.7767,-96.797,497.35
EONET_12831,"RX Reeve&#039;s Branch 2 Wildfire, Pope, Arkansas",wildfires,Wildfires,2025-02-27,-92.902528,35.714619,US-DALLAS,Dallas,United States,32.7767,-96.797,484.54
EONET_12834,"ANF Bannister East C-17 RX Wildfire, San Augustine, Texas",wildfires,Wildfires,2025-02-27,-94.229917,31.3518,US-HOUSTON,Houston,United States,29.7604,-95.3698,207.91
EONET_12841,"RX Beech Grove Wildfire, Franklin, Arkansas",wildfires,Wildfires,2025-02-27,-93.720865,35.752404,US-DALLAS,Dallas,United States,32.7767,-96.797,435.14
EONET_12829,"RX Walker Mt Wildfire, Scott, Arkansas",wildfires,Wildfires,2025-02-27,-94.301412,34.876655,US-DALLAS,Dallas,United States,32.7767,-96.797,328.1
EONET_12833,"SHNF Comp 119 RX Wildfire, San Jacinto, Texas",wildfires,Wildfires,2025-02-27,-95.147167,30.426333,US-HOUSTON,Houston,United States,29.7604,-95.3698,77.08
EONET_12840,"RX Deer East Wildfire, Franklin, Arkansas",wildfires,Wildfires,2025-02-27,-93.9705,35.6191,US-DALLAS,Dallas,United States,32.7767,-96.797,409.18
EONET_12836,"RX Little Round Wildfire, Scott, Arkansas",wildfires,Wildfires,2025-02-27,-93.751389,34.819167,US-DALLAS,Dallas,United States,32.7767,-96.797,361.6
EONET_12837,"OSF CPT 60 65 66 Rx 0227 Wildfire, Columbia, Florida",wildfires,Wildfires,2025-02-27,-82.547533,30.314117,US-MIAMI,Miami,United States,25.7617,-80.1918,556.46
EONET_12835,"OCF CPT 7 Rx 0227 Wildfire, Putnam, Florida",wildfires,Wildfires,2025-02-27,-81.706083,29.4572,US-MIAMI,Miami,United States,25.7617,-80.1918,437.15
EONET_12809,Wildfire in Australia 1023551,wildfires,Wildfires,2025-02-26,135.21942548386295,-15.460050308100092,US-SAN_FRANCISCO,San Francisco,United States,37.7749,-122.4194,12125.68
EONET_12811,Wildfire in Colombia 1023553,wildfires,Wildfires,2025-02-26,-69.80380791425938,6.322034256238772,US-MIAMI,Miami,United States,25.7617,-80.1918,2426.88
EONET_12812,Wildfire in Venezuela 1023554,wildfires,Wildfires,2025-02-26,-62.725092140177324,8.791094987031062,US-MIAMI,Miami,United States,25.7617,-80.1918,2639.21
EONET_12844,Wildfire in Australia 1023555,wildfires,Wildfires,2025-02-26,138.7068490588114,-20.52961253827525,US-SAN_FRANCISCO,San Francisco,United States,37.7749,-122.4194,12143.42
EONET_12845,Wildfire in Colombia 1023557,wildfires,Wildfires,2025-02-26,-69.01115210275877,6.056571943380485,US-MIAMI,Miami,United States,25.7617,-80.1918,2492.49
EONET_12772,"Chinnabee/Cheaha RX Wildfire, Clay, Alabama",wildfires,Wildfires,2025-02-26,-85.885277,33.466157,US-NEW_ORLEANS,New Orleans,United States,29.9511,-90.0715,556.29
EONET_12770,"Hollow Wildfire, Scott, Arkansas",wildfires,Wildfires,2025-02-26,-94.3325,34.8648,US-DALLAS,Dallas,United States,32.7767,-96.797,325.16
EONET_12766,"OKSLR-HFR-FY25-RX-Wilderness Wildfire, Alfalfa, Oklahoma",wildfires,Wildfires,2025-02-26,-98.213556,36.786583,US-DALLAS,Dallas,United States,32.7767,-96.797,464.25
EONET_12769,"Two Barrel Wildfire, Liberty, Florida",wildfires,Wildfires,2025-02-26,-84.9963,30.1792,US-NEW_ORLEANS,New Orleans,United States,29.9511,-90.0715,489.03
EONET_12777,"Holly Springs IU 107 1 RX Wildfire, Lafayette, Mississippi",wildfires,Wildfires,2025-02-26,-89.2994,34.3622,US-NEW_ORLEANS,New Orleans,United States,29.9511,-90.0715,495.84
EONET_12779,"Tombigbee CPT 74 75 RX Wildfire, Choctaw, Mississippi",wildfires,Wildfires,2025-02-26,-89.1246,33.27269,US-NEW_ORLEANS,New Orleans,United States,29.9511,-90.0715,380.07
EONET_12776,"RX Barkshed 3 Wildfire, Stone, Arkansas",wildfires,Wildfires,2025-02-26,-92.293667,36.044967,US-DALLAS,Dallas,United States,32.7767,-96.797,550.09
EONET_12782,"Rx Brown 0560 Wildfire, Brown, Texas",wildfires,Wildfires,2025-02-26,-98.902,31.643,US-AUSTIN,Austin,United States,30.2672,-97.7431,188.72
EONET_12783,"Rx McMullen 0558 Wildfire, McMullen, Texas",wildfires,Wildfires,2025-02-26,-98.35107056,28.47109036,US-AUSTIN,Austin,United States,30.2672,-97.7431,208.23
EONET_12820,"DCNF Comp 76/79 RX Wildfire, Trinity, Texas",wildfires,Wildfires,2025-02-26,-95.129428,31.250992,US-HOUSTON,Houston,United States,29.7604,-95.3698,167.34
EONET_12774,"RX Falling Water - Raspberry Wildfire, Pope, Arkansas",wildfires,Wildfires,2025-02-26,-92.94525,35.698233,US-DALLAS,Dallas,United States,32.7767,-96.797,480.44
EONET_12773,"RX Private Line Wildfire, Searcy, Arkansas",wildfires,Wildfires,2025-02-26,-92.915086,35.75125,US-DALLAS,Dallas,United States,32.7767,-96.797,486.39
EONET_12778,"RX CALE C-17 Wildfire, Rapides, Louisiana",wildfires,Wildfires,2025-02-26,-92.628883,31.232533,US-NEW_ORLEANS,New Orleans,United States,29.9511,-90.0715,283.23
EONET_12819,"SHNF Comp 83 RX Wildfire, San Jacinto, Texas",wildfires,Wildfires,2025-02-26,-95.334,30.622167,US-HOUSTON,Houston,United States,29.7604,-95.3698,95.89
EONET_12775,"OSF CPT 131 Rx 0226 Wildfire, Columbia, Florida",wildfires,Wildfires,2025-02-26,-82.547883,30.404133,US-MIAMI,Miami,United States,25.7617,-80.1918,565.55
EONET_12771,"MIC 03/05 RX Wildfire, Escambia, Alabama",wildfires,Wildfires,2025-02-26,-86.752368,31.062498,US-NEW_ORLEANS,New Orleans,United States,29.9511,-90.0715,341.13
EONET_12838,"Calhoun Co Wildfire, Calhoun, Alabama",wildfires,Wildfires,2025-02-25,-85.7658333,33.8988889,US-NEW_ORLEANS,New Orleans,United States,29.9511,-90.0715,598.04
EONET_12781,"East Table Wildfire, Custer, Nebraska",wildfires,Wildfires,2025-02-25,-99.728328,41.547555,US-DENVER,Denver,United States,39.7392,-104.9903,487.26
EONET_12802,Wildfire in Australia 1023545,wildfires,Wildfires,2025-02-25,149.45152157902322,-30.942532865512696,US-SAN_FRANCISCO,San Francisco,United States,37.7749,-122.4194,11900.93
EONET_12765,"KC 450 Wildfire, Kimble, Texas",wildfires,Wildfires,2025-02-25,-99.66921667,30.38541667,US-AUSTIN,Austin,United States,30.2672,-97.7431,185.33
EONET_12759,Tropical Cyclone Honde,severeStorms,Severe Storms,2025-02-25,38.1,-22.7,US-MIAMI,Miami,United States,25.7617,-80.1918,13806.04
EONET_12759,Tropical Cyclone Honde,severeStorms,Severe Storms,2025-02-26,38.5,-22.9,US-MIAMI,Miami,United States,25.7617,-80.1918,13851.67
EONET_12759,Tropical Cyclone Honde,severeStorms,Severe Storms,2025-02-26,38.8,-23.4,US-MIAMI,Miami,United States,25.7617,-80.1918,13896.61
EONET_12759,Tropical Cyclone Honde,severeStorms,Severe Storms,2025-02-26,39.2,-23.7,US-MIAMI,Miami,United States,25.7617,-80.1918,13944.94
EONET_12759,Tropical Cyclone Honde,severeStorms,Severe Storms,2025-02-26,39.8,-24.0,US-MIAMI,Miami,United States,25.7617,-80.1918,14012.66
EONET_12759,Tropical Cyclone Honde,severeStorms,Severe Storms,2025-02-27,40.5,-24.3,US-MIAMI,Miami,United States,25.7617,-80.1918,14089.93
EONET_12759,Tropical Cyclone Honde,severeStorms,Severe Storms,2025-02-27,41.5,-24.9,US-MIAMI,Miami,United States,25.7617,-80.1918,14204.6
EONET_12759,Tropical Cyclone Honde,severeStorms,Severe Storms,2025-02-27,41.9,-25.1,US-MIAMI,Miami,United States,25.7617,-80.1918,14249.12
EONET_12759,Tropical Cyclone Honde,severeStorms,Severe Storms,2025-02-27,42.2,-25.3,US-MIAMI,Miami,United States,25.7617,-80.1918,14283.77
EONET_12759,Tropical Cyclone Honde,severeStorms,Severe Storms,2025-02-28,43.0,-25.6,US-MIAMI,Miami,United States,25.7617,-80.1918,14369.68
EONET_12759,Tropical Cyclone Honde,severeStorms,Severe Storms,2025-02-28,43.8,-26.0,US-MIAMI,Miami,United States,25.7617,-80.1918,14457.76
EONET_12759,Tropical Cyclone Honde,severeStorms,Severe Storms,2025-02-28,44.6,-26.4,US-MIAMI,Miami,United States,25.7617,-80.1918,14545.33
EONET_12759,Tropical Cyclone Honde,severeStorms,Severe Storms,2025-02-28,45.0,-26.7,US-MIAMI,Miami,United States,25.7617,-80.1918,14591.22
EONET_12759,Tropical Cyclone Honde,severeStorms,Severe Storms,2025-03-01,45.0,-26.6,US-MIAMI,Miami,United States,25.7617,-80.1918,14588.92
EONET_12759,Tropical Cyclone Honde,severeStorms,Severe Storms,2025-03-01,45.2,-26.8,US-MIAMI,Miami,United States,25.7617,-80.1918,14612.94
EONET_12759,Tropical Cyclone Honde,severeStorms,Severe Storms,2025-03-01,45.4,-26.9,US-MIAMI,Miami,United States,25.7617,-80.1918,14634.62
EONET_12759,Tropical Cyclone Honde,severeStorms,Severe Storms,2025-03-01,45.8,-27.0,US-MIAMI,Miami,United States,25.7617,-80.1918,14675.69
EONET_12759,Tropical Cyclone Honde,severeStorms,Severe Storms,2025-03-02,45.9,-27.1,US-MIAMI,Miami,United States,25.7617,-80.1918,14687.58
EONET_12759,Tropical Cyclone Honde,severeStorms,Severe Storms,2025-03-02,46.0,-27.1,US-MIAMI,Miami,United States,25.7617,-80.1918,14697.29
EONET_12759,Tropical Cyclone Honde,severeStorms,Severe Storms,2025-03-02,46.3,-27.1,US-MIAMI,Miami,United States,25.7617,-80.1918,14726.42
EONET_12759,Tropical Cyclone Honde,severeStorms,Severe Storms,2025-03-02,46.3,-27.2,US-MIAMI,Miami,United States,25.7617,-80.1918,14728.57
EONET_12759,Tropical Cyclone Honde,severeStorms,Severe Storms,2025-03-03,46.5,-27.1,US-MIAMI,Miami,United States,25.7617,-80.1918,14745.85
EONET_12759,Tropical Cyclone Honde,severeStorms,Severe Storms,2025-03-03,46.8,-27.3,US-MIAMI,Miami,United States,25.7617,-80.1918,14779.21
EONET_12759,Tropical Cyclone Honde,severeStorms,Severe Storms,2025-03-03,47.3,-27.8,US-MIAMI,Miami,United States,25.7617,-80.1918,14837.83
EONET_12759,Tropical Cyclone Honde,severeStorms,Severe Storms,2025-03-03,48.0,-28.2,US-MIAMI,Miami,United States,25.7617,-80.1918,14913.19
EONET_12759,Tropical Cyclone Honde,severeStorms,Severe Storms,2025-03-04,48.0,-28.5,US-MIAMI,Miami,United States,25.7617,-80.1918,14918.68
EONET_12759,Tropical Cyclone Honde,severeStorms,Severe Storms,2025-03-04,48.3,-29.0,US-MIAMI,Miami,United States,25.7617,-80.1918,14956.29
EONET_12759,Tropical Cyclone Honde,severeStorms,Severe Storms,2025-03-04,48.8,-29.9,US-MIAMI,Miami,United States,25.7617,-80.1918,15018.49
EONET_12759,Tropical Cyclone Honde,severeStorms,Severe Storms,2025-03-04,49.0,-30.8,US-MIAMI,Miami,United States,25.7617,-80.1918,15050.05
EONET_12759,Tropical Cyclone Honde,severeStorms,Severe Storms,2025-03-05,49.1,-31.7,US-MIAMI,Miami,United States,25.7617,-80.1918,15070.34
EONET_12759,Tropical Cyclone Honde,severeStorms,Severe Storms,2025-03-05,49.0,-32.6,US-MIAMI,Miami,United States,25.7617,-80.1918,15070.23
EONET_12759,Tropical Cyclone Honde,severeStorms,Severe Storms,2025-03-05,49.6,-33.8,US-MIAMI,Miami,United States,25.7617,-80.1918,15135.49
EONET_12759,Tropical Cyclone Honde,severeStorms,Severe Storms,2025-03-05,50.7,-34.9,US-MIAMI,Miami,United States,25.7617,-80.1918,15241.68
EONET_12822,"COLBIN GAP Wildfire, Etowah, Alabama",wildfires,Wildfires,2025-02-25,-85.8861111,33.9580556,US-NEW_ORLEANS,New Orleans,United States,29.9511,-90.0715,595.22
EONET_12758,Tropical Cyclone Garance,severeStorms,Severe Storms,2025-02-25,51.9,-18.3,US-MIAMI,Miami,United States,25.7617,-80.1918,15034.14
EONET_12758,Tropical Cyclone Garance,severeStorms,Severe Storms,2025-02-25,52.4,-17.9,US-MIAMI,Miami,United States,25.7617,-80.1918,15069.99
EONET_12758,Tropical Cyclone Garance,severeStorms,Severe Storms,2025-02-26,52.9,-17.8,US-MIAMI,Miami,United States,25.7617,-80.1918,15116.46
EONET_12758,Tropical Cyclone Garance,severeStorms,Severe Storms,2025-02-26,53.5,-17.6,US-MIAMI,Miami,United States,25.7617,-80.1918,15169.28
EONET_12758,Tropical Cyclone Garance,severeStorms,Severe Storms,2025-02-26,54.1,-17.6,US-MIAMI,Miami,United States,25.7617,-80.1918,15229.35
EONET_12758,Tropical Cyclone Garance,severeStorms,Severe Storms,2025-02-26,54.5,-17.7,US-MIAMI,Miami,United States,25.7617,-80.1918,15273.04
EONET_12758,Tropical Cyclone Garance,severeStorms,Severe Storms,2025-02-27,55.0,-17.9,US-MIAMI,Miami,United States,25.7617,-80.1918,15330.33
EONET_12758,Tropical Cyclone Garance,severeStorms,Severe Storms,2025-02-27,55.3,-18.2,US-MIAMI,Miami,United States,25.7617,-80.1918,15371.08
EONET_12758,Tropical Cyclone Garance,severeStorms,Severe Storms,2025-02-27,55.4,-18.7,US-MIAMI,Miami,United States,25.7617,-80.1918,15398.57
EONET_12758,Tropical Cyclone Garance,severeStorms,Severe Storms,2025-02-27,55.3,-19.0,US-MIAMI,Miami,United States,25.7617,-80.1918,15398.8
EONET_12758,Tropical Cyclone Garance,severeStorms,Severe Storms,2025-02-28,55.3,-19.7,US-MIAMI,Miami,United States,25.7617,-80.1918,15422.02
EONET_12758,Tropical Cyclone Garance,severeStorms,Severe Storms,2025-02-28,55.5,-21.0,US-MIAMI,Miami,United States,25.7617,-80.1918,15482.49
EONET_12758,Tropical Cyclone Garance,severeStorms,Severe Storms,2025-02-28,55.1,-22.5,US-MIAMI,Miami,United States,25.7617,-80.1918,15484.88
EONET_12758,Tropical Cyclone Garance,severeStorms,Severe Storms,2025-02-28,54.9,-24.1,US-MIAMI,Miami,United States,25.7617,-80.1918,15504.97
EONET_12758,Tropical Cyclone Garance,severeStorms,Severe Storms,2025-03-01,54.8,-26.0,US-MIAMI,Miami,United States,25.7617,-80.1918,15535.46
EONET_12758,Tropical Cyclone Garance,severeStorms,Severe Storms,2025-03-01,54.9,-27.8,US-MIAMI,Miami,United States,25.7617,-80.1918,15576.1
EONET_12758,Tropical Cyclone Garance,severeStorms,Severe Storms,2025-03-01,54.8,-29.5,US-MIAMI,Miami,United States,25.7617,-80.1918,15588.78
EONET_12758,Tropical Cyclone Garance,severeStorms,Severe Storms,2025-03-01,55.5,-31.0,US-MIAMI,Miami,United States,25.7617,-80.1918,15669.61
EONET_12758,Tropical Cyclone Garance,severeStorms,Severe Storms,2025-03-02,56.9,-32.2,US-MIAMI,Miami,United States,25.7617,-80.1918,15808.15
EONET_12758,Tropical Cyclone Garance,severeStorms,Severe Storms,2025-03-02,59.0,-33.5,US-MIAMI,Miami,United States,25.7617,-80.1918,16004.58
EONET_12785,"RX Harvey Mtn East Wildfire, Le Flore, Oklahoma",wildfires,Wildfires,2025-02-25,-94.86845,34.712217,US-DALLAS,Dallas,United States,32.7767,-96.797,279.48
EONET_12784,"Range 141 Wildfire, El Paso, Colorado",wildfires,Wildfires,2025-02-25,-104.8106,38.625558,US-DENVER,Denver,United States,39.7392,-104.9903,124.8
EONET_12791,"Rx Cottle 0536 Wildfire, Cottle, Texas",wildfires,Wildfires,2025-02-25,-100.3442455,34.11744675,US-DALLAS,Dallas,United States,32.7767,-96.797,361.28
EONET_12792,"RX Kerr 0537 Wildfire, Kerr, Texas",wildfires,Wildfires,2025-02-25,-99.29375895,30.13073292,US-AUSTIN,Austin,United States,30.2672,-97.7431,149.79
EONET_12793,"Rx McMullen 0538 Wildfire, McMullen, Texas",wildfires,Wildfires,2025-02-25,-98.351056,28.47151854,US-AUSTIN,Austin,United States,30.2672,-97.7431,208.18
EONET_12788,"Walt RX Wildfire, Clay, Alabama",wildfires,Wildfires,2025-02-25,-86.152778,33.170833,US-NEW_ORLEANS,New Orleans,United States,29.9511,-90.0715,515.69
EONET_12787,"RX Reeve&#039;s Branch Wildfire, Pope, Arkansas",wildfires,Wildfires,2025-02-25,-92.902528,35.714619,US-DALLAS,Dallas,United States,32.7767,-96.797,484.54
EONET_12789,"RX Harvey Ridge Wildfire, Scott, Arkansas",wildfires,Wildfires,2025-02-25,-94.22,34.716389,US-DALLAS,Dallas,United States,32.7767,-96.797,321.36
EONET_12790,"DXS 01/02/03 RX Wildfire, Escambia, Alabama",wildfires,Wildfires,2025-02-25,-86.745247,31.134602,US-NEW_ORLEANS,New Orleans,United States,29.9511,-90.0715,344.64
EONET_12786,"Saw Mill Wildfire, Platte, Wyoming",wildfires,Wildfires,2025-02-24,-104.92062,42.04107,US-DENVER,Denver,United States,39.7392,-104.9903,256.02
EONET_12795,Wildfire in Venezuela 1023542,wildfires,Wildfires,2025-02-24,-68.14176757456781,8.76770429509867,US-MIAMI,Miami,United States,25.7617,-80.1918,2278.57
EONET_12796,Wildfire in Ethiopia 1023537,wildfires,Wildfires,2025-02-24,35.96153969595625,10.705370034617072,US-MIAMI,Miami,United States,25.7617,-80.1918,12011.09
EONET_12846,Wildfire in Ethiopia 1023556,wildfires,Wildfires,2025-02-24,36.28616137264376,11.099954768823263,US-MIAMI,Miami,United States,25.7617,-80.1918,12018.0
EONET_12753,Tropical Cyclone Seru,severeStorms,Severe Storms,2025-02-24,170.5,-16.1,US-SAN_FRANCISCO,San Francisco,United States,37.7749,-122.4194,9203.47
EONET_12753,Tropical Cyclone Seru,severeStorms,Severe Storms,2025-02-24,170.6,-16.4,US-SAN_FRANCISCO,San Francisco,United States,37.7749,-122.4194,9218.31
EONET_12753,Tropical Cyclone Seru,severeStorms,Severe Storms,2025-02-25,170.8,-16.7,US-SAN_FRANCISCO,San Francisco,United States,37.7749,-122.4194,9225.4
EONET_12753,Tropical Cyclone Seru,severeStorms,Severe Storms,2025-02-25,170.9,-17.0,US-SAN_FRANCISCO,San Francisco,United States,37.7749,-122.4194,9240.36
EONET_12753,Tropical Cyclone Seru,severeStorms,Severe Storms,2025-02-25,171.2,-17.8,US-SAN_FRANCISCO,San Francisco,United States,37.7749,-122.4194,9277.91
EONET_12753,Tropical Cyclone Seru,severeStorms,Severe Storms,2025-02-25,170.9,-18.6,US-SAN_FRANCISCO,San Francisco,United States,37.7749,-122.4194,9361.89
EONET_12753,Tropical Cyclone Seru,severeStorms,Severe Storms,2025-02-26,170.3,-19.6,US-SAN_FRANCISCO,San Francisco,United States,37.7749,-122.4194,9483.88
EONET_12753,Tropical Cyclone Seru,severeStorms,Severe Storms,2025-02-26,170.5,-20.2,US-SAN_FRANCISCO,San Francisco,United States,37.7749,-122.4194,9514.13
EONET_12753,Tropical Cyclone Seru,severeStorms,Severe Storms,2025-02-26,170.6,-20.8,US-SAN_FRANCISCO,San Francisco,United States,37.7749,-122.4194,9552.14
EONET_12753,Tropical Cyclone Seru,severeStorms,Severe Storms,2025-02-26,170.8,-21.4,US-SAN_FRANCISCO,San Francisco,United States,37.7749,-122.4194,9582.71
EONET_12753,Tropical Cyclone Seru,severeStorms,Severe Storms,2025-02-27,171.0,-21.9,US-SAN_FRANCISCO,San Francisco,United States,37.7749,-122.4194,9605.83
EONET_12753,Tropical Cyclone Seru,severeStorms,Severe Storms,2025-02-27,171.1,-22.1,US-SAN_FRANCISCO,San Francisco,United States,37.7749,-122.4194,9613.62
EONET_12753,Tropical Cyclone Seru,severeStorms,Severe Storms,2025-02-27,172.0,-22.9,US-SAN_FRANCISCO,San Francisco,United States,37.7749,-122.4194,9608.11
EONET_12753,Tropical Cyclone Seru,severeStorms,Severe Storms,2025-02-27,172.3,-23.0,US-SAN_FRANCISCO,San Francisco,United States,37.7749,-122.4194,9593.69
EONET_12753,Tropical Cyclone Seru,severeStorms,Severe Storms,2025-02-28,172.5,-23.0,US-SAN_FRANCISCO,San Francisco,United States,37.7749,-122.4194,9578.98
EONET_12780,"YO Ranch Road Wildfire, Platte, Wyoming",wildfires,Wildfires,2025-02-24,-104.90347,42.000536,US-DENVER,Denver,United States,39.7392,-104.9903,251.56
EONET_12794,"RX South Ringer Branch Wildfire, Scott, Arkansas",wildfires,Wildfires,2025-02-24,-93.808056,34.745,US-DALLAS,Dallas,United States,32.7767,-96.797,352.46
EONET_12797,Wildfire in Senegal 1023539,wildfires,Wildfires,2025-02-23,-12.686479720554628,13.460777229036738,US-MIAMI,Miami,United States,25.7617,-80.1918,7131.3
EONET_12798,Wildfire in Australia 1023540,wildfires,Wildfires,2025-02-23,128.18195798040907,-17.582193798972035,US-SAN_FRANCISCO,San Francisco,United States,37.7749,-122.4194,12876.89
EONET_12853,"Wildfire in Liberia, Guinea 1023564",wildfires,Wildfires,2025-02-23,-9.427060559769606,7.971437753501375,US-MIAMI,Miami,United States,25.7617,-80.1918,7701.48
EONET_12726,"RX Harvey Mountain East Wildfire, Le Flore, Oklahoma",wildfires,Wildfires,2025-02-23,-94.857083,34.723,US-DALLAS,Dallas,United States,32.7767,-96.797,281.06
EONET_12718,Tropical Cyclone Bianca,severeStorms,Severe Storms,2025-02-23,107.4,-16.5,US-SAN_FRANCISCO,San Francisco,United States,37.7749,-122.4194,14624.99
EONET_12718,Tropical Cyclone Bianca,severeStorms,Severe Storms,2025-02-23,106.0,-17.2,US-SAN_FRANCISCO,San Francisco,United States,37.7749,-122.4194,14791.22
EONET_12718,Tropical Cyclone Bianca,severeStorms,Severe Storms,2025-02-23,105.3,-17.6,US-SAN_FRANCISCO,San Francisco,United States,37.7749,-122.4194,14877.46
EONET_12718,Tropical Cyclone Bianca,severeStorms,Severe Storms,2025-02-24,104.6,-18.4,US-SAN_FRANCISCO,San Francisco,United States,37.7749,-122.4194,14989.46
EONET_12718,Tropical Cyclone Bianca,severeStorms,Severe Storms,2025-02-24,103.6,-19.0,US-SAN_FRANCISCO,San Francisco,United States,37.7749,-122.4194,15113.97
EONET_12718,Tropical Cyclone Bianca,severeStorms,Severe Storms,2025-02-24,103.2,-19.5,US-SAN_FRANCISCO,San Francisco,United States,37.7749,-122.4194,15180.25
EONET_12718,Tropical Cyclone Bianca,severeStorms,Severe Storms,2025-02-24,102.9,-20.2,US-SAN_FRANCISCO,San Francisco,United States,37.7749,-122.4194,15250.23
EONET_12718,Tropical Cyclone Bianca,severeStorms,Severe Storms,2025-02-25,102.5,-21.1,US-SAN_FRANCISCO,San Francisco,United States,37.7749,-122.4194,15340.6
EONET_12718,Tropical Cyclone Bianca,severeStorms,Severe Storms,2025-02-25,102.1,-21.9,US-SAN_FRANCISCO,San Francisco,United States,37.7749,-122.4194,15423.95
EONET_12718,Tropical Cyclone Bianca,severeStorms,Severe Storms,2025-02-25,102.0,-22.7,US-SAN_FRANCISCO,San Francisco,United States,37.7749,-122.4194,15480.42
EONET_12718,Tropical Cyclone Bianca,severeStorms,Severe Storms,2025-02-25,102.0,-23.9,US-SAN_FRANCISCO,San Francisco,United States,37.7749,-122.4194,15550.17
EONET_12718,Tropical Cyclone Bianca,severeStorms,Severe Storms,2025-02-26,102.4,-24.7,US-SAN_FRANCISCO,San Francisco,United States,37.7749,-122.4194,15560.36
EONET_12718,Tropical Cyclone Bianca,severeStorms,Severe Storms,2025-02-26,102.7,-25.5,US-SAN_FRANCISCO,San Francisco,United States,37.7749,-122.4194,15578.05
EONET_12718,Tropical Cyclone Bianca,severeStorms,Severe Storms,2025-02-26,103.7,-26.3,US-SAN_FRANCISCO,San Francisco,United States,37.7749,-122.4194,15533.08
EONET_12718,Tropical Cyclone Bianca,severeStorms,Severe Storms,2025-02-26,104.2,-26.6,US-SAN_FRANCISCO,San Francisco,United States,37.7749,-122.4194,15504.89
EONET_12754,Wildfire in Australia 1023531,wildfires,Wildfires,2025-02-22,130.2518742727973,-19.338758738207215,US-SAN_FRANCISCO,San Francisco,United States,37.7749,-122.4194,12804.16
EONET_12803,Wildfire in Mali 1023544,wildfires,Wildfires,2025-02-22,-6.027762358906355,15.058538175600468,US-MIAMI,Miami,United States,25.7617,-80.1918,7727.81
EONET_12804,Wildfire in Australia 1023547,wildfires,Wildfires,2025-02-22,146.74406620530675,-37.580056289934426,US-SAN_FRANCISCO,San Francisco,United States,37.7749,-122.4194,12509.73
EONET_12805,Wildfire in Australia 1023548,wildfires,Wildfires,2025-02-22,131.31155657622176,-20.42737419501781,US-SAN_FRANCISCO,San Francisco,United States,37.7749,-122.4194,12778.2
EONET_12720,Tropical Cyclone Rae,severeStorms,Severe Storms,2025-02-22,-178.4,-13.8,US-SAN_FRANCISCO,San Francisco,United States,37.7749,-122.4194,8177.32
EONET_12720,Tropical Cyclone Rae,severeStorms,Severe Storms,2025-02-22,-178.4,-14.2,US-SAN_FRANCISCO,San Francisco,United States,37.7749,-122.4194,8209.82
EONET_12720,Tropical Cyclone Rae,severeStorms,Severe Storms,2025-02-23,-178.5,-14.7,US-SAN_FRANCISCO,San Francisco,United States,37.7749,-122.4194,8257.83
EONET_12720,Tropical Cyclone Rae,severeStorms,Severe Storms,2025-02-23,-178.8,-15.3,US-SAN_FRANCISCO,San Francisco,United States,37.7749,-122.4194,8328.61
EONET_12720,Tropical Cyclone Rae,severeStorms,Severe Storms,2025-02-23,-179.0,-15.8,US-SAN_FRANCISCO,San Francisco,United States,37.7749,-122.4194,8383.89
EONET_12720,Tropical Cyclone Rae,severeStorms,Severe Storms,2025-02-23,-179.1,-16.8,US-SAN_FRANCISCO,San Francisco,United States,37.7749,-122.4194,8472.59
EONET_12720,Tropical Cyclone Rae,severeStorms,Severe Storms,2025-02-24,-179.4,-17.9,US-SAN_FRANCISCO,San Francisco,United States,37.7749,-122.4194,8583.94
EONET_12720,Tropical Cyclone Rae,severeStorms,Severe Storms,2025-02-24,-179.3,-19.1,US-SAN_FRANCISCO,San Francisco,United States,37.7749,-122.4194,8674.84
EONET_12720,Tropical Cyclone Rae,severeStorms,Severe Storms,2025-02-24,-179.1,-20.3,US-SAN_FRANCISCO,San Francisco,United States,37.7749,-122.4194,8759.15
EONET_12720,Tropical Cyclone Rae,severeStorms,Severe Storms,2025-02-24,-178.4,-21.5,US-SAN_FRANCISCO,San Francisco,United States,37.7749,-122.4194,8809.46
EONET_12720,Tropical Cyclone Rae,severeStorms,Severe Storms,2025-02-25,-178.9,-22.6,US-SAN_FRANCISCO,San Francisco,United States,37.7749,-122.4194,8934.93
EONET_12720,Tropical Cyclone Rae,severeStorms,Severe Storms,2025-02-25,-178.5,-23.6,US-SAN_FRANCISCO,San Francisco,United States,37.7749,-122.4194,8990.57
EONET_12720,Tropical Cyclone Rae,severeStorms,Severe Storms,2025-02-25,-177.7,-24.5,US-SAN_FRANCISCO,San Francisco,United States,37.7749,-122.4194,9011.96
EONET_12720,Tropical Cyclone Rae,severeStorms,Severe Storms,2025-02-25,-176.6,-25.7,US-SAN_FRANCISCO,San Francisco,United States,37.7749,-122.4194,9040.68
EONET_12730,"RX OKWMR Phelan Wildfire, Comanche, Oklahoma",wildfires,Wildfires,2025-02-22,-98.783392,34.756666,US-DALLAS,Dallas,United States,32.7767,-96.797,286.67
EONET_12731,"Quail RX Wildfire, Cleburne, Alabama",wildfires,Wildfires,2025-02-22,-85.579133,33.789533,US-NEW_ORLEANS,New Orleans,United States,29.9511,-90.0715,601.63
EONET_12728,"Comp 49 RX Wildfire, Bibb, Alabama",wildfires,Wildfires,2025-02-22,-87.3643,32.913522,US-NEW_ORLEANS,New Orleans,United States,29.9511,-90.0715,417.67
EONET_12719,Tropical Cyclone Alfred,severeStorms,Severe Storms,2025-02-22,150.0,-14.9,US-SAN_FRANCISCO,San Francisco,United States,37.7749,-122.4194,10807.71
EONET_12719,Tropical Cyclone Alfred,severeStorms,Severe Storms,2025-02-22,150.6,-14.4,US-SAN_FRANCISCO,San Francisco,United States,37.7749,-122.4194,10722.67
EONET_12719,Tropical Cyclone Alfred,severeStorms,Severe Storms,2025-02-22,151.2,-14.0,US-SAN_FRANCISCO,San Francisco,United States,37.7749,-122.4194,10644.27
EONET_12719,Tropical Cyclone Alfred,severeStorms,Severe Storms,2025-02-23,151.8,-14.0,US-SAN_FRANCISCO,San Francisco,United States,37.7749,-122.4194,10592.99
EONET_12719,Tropical Cyclone Alfred,severeStorms,Severe Storms,2025-02-23,152.5,-14.7,US-SAN_FRANCISCO,San Francisco,United States,37.7749,-122.4194,10580.93
EONET_12719,Tropical Cyclone Alfred,severeStorms,Severe Storms,2025-02-23,152.8,-14.6,US-SAN_FRANCISCO,San Francisco,United States,37.7749,-122.4194,10548.61
EONET_12719,Tropical Cyclone Alfred,severeStorms,Severe Storms,2025-02-23,153.5,-14.2,US-SAN_FRANCISCO,San Francisco,United States,37.7749,-122.4194,10461.8
EONET_12719,Tropical Cyclone Alfred,severeStorms,Severe Storms,2025-02-24,154.0,-14.0,US-SAN_FRANCISCO,San Francisco,United States,37.7749,-122.4194,10405.63
EONET_12719,Tropical Cyclone Alfred,severeStorms,Severe Storms,2025-02-24,154.3,-13.7,US-SAN_FRANCISCO,San Francisco,United States,37.7749,-122.4194,10359.55
EONET_12719,Tropical Cyclone Alfred,severeStorms,Severe Storms,2025-02-24,154.5,-13.8,US-SAN_FRANCISCO,San Francisco,United States,37.7749,-122.4194,10349.45
EONET_12719,Tropical Cyclone Alfred,severeStorms,Severe Storms,2025-02-24,154.5,-14.1,US-SAN_FRANCISCO,San Francisco,United States,37.7749,-122.4194,10370.08
EONET_12719,Tropical Cyclone Alfred,severeStorms,Severe Storms,2025-02-25,154.5,-14.4,US-SAN_FRANCISCO,San Francisco,United States,37.7749,-122.4194,10390.7
EONET_12719,Tropical Cyclone Alfred,severeStorms,Severe Storms,2025-02-25,154.2,-14.4,US-SAN_FRANCISCO,San Francisco,United States,37.7749,-122.4194,10416.11
EONET_12719,Tropical Cyclone Alfred,severeStorms,Severe Storms,2025-02-25,155.1,-14.3,US-SAN_FRANCISCO,San Francisco,United States,37.7749,-122.4194,10333.06
EONET_12719,Tropical Cyclone Alfred,severeStorms,Severe Storms,2025-02-25,155.0,-14.6,US-SAN_FRANCISCO,San Francisco,United States,37.7749,-122.4194,10362.18
EONET_12719,Tropical Cyclone Alfred,severeStorms,Severe Storms,2025-02-26,155.0,-14.8,US-SAN_FRANCISCO,San Francisco,United States,37.7749,-122.4194,10375.95
EONET_12719,Tropical Cyclone Alfred,severeStorms,Severe Storms,2025-02-26,155.2,-15.2,US-SAN_FRANCISCO,San Francisco,United States,37.7749,-122.4194,10386.65
EONET_12719,Tropical Cyclone Alfred,severeStorms,Severe Storms,2025-02-26,155.4,-15.5,US-SAN_FRANCISCO,San Francisco,United States,37.7749,-122.4194,10390.5
EONET_12719,Tropical Cyclone Alfred,severeStorms,Severe Storms,2025-02-26,155.4,-16.1,US-SAN_FRANCISCO,San Francisco,United States,37.7749,-122.4194,10431.86
EONET_12719,Tropical Cyclone Alfred,severeStorms,Severe Storms,2025-02-27,155.4,-16.7,US-SAN_FRANCISCO,San Francisco,United States,37.7749,-122.4194,10473.19
EONET_12719,Tropical Cyclone Alfred,severeStorms,Severe Storms,2025-02-27,155.4,-17.5,US-SAN_FRANCISCO,San Francisco,United States,37.7749,-122.4194,10528.25
EONET_12719,Tropical Cyclone Alfred,severeStorms,Severe Storms,2025-02-27,155.7,-17.8,US-SAN_FRANCISCO,San Francisco,United States,37.7749,-122.4194,10523.93
EONET_12719,Tropical Cyclone Alfred,severeStorms,Severe Storms,2025-02-27,155.6,-18.4,US-SAN_FRANCISCO,San Francisco,United States,37.7749,-122.4194,10573.53
EONET_12719,Tropical Cyclone Alfred,severeStorms,Severe Storms,2025-02-28,155.5,-19.1,US-SAN_FRANCISCO,San Francisco,United States,37.7749,-122.4194,10629.91
EONET_12719,Tropical Cyclone Alfred,severeStorms,Severe Storms,2025-02-28,155.9,-20.0,US-SAN_FRANCISCO,San Francisco,United States,37.7749,-122.4194,10658.76
EONET_12719,Tropical Cyclone Alfred,severeStorms,Severe Storms,2025-02-28,155.7,-20.4,US-SAN_FRANCISCO,San Francisco,United States,37.7749,-122.4194,10702.64
EONET_12719,Tropical Cyclone Alfred,severeStorms,Severe Storms,2025-02-28,155.6,-20.7,US-SAN_FRANCISCO,San Francisco,United States,37.7749,-122.4194,10731.4
EONET_12719,Tropical Cyclone Alfred,severeStorms,Severe Storms,2025-03-01,155.8,-21.6,US-SAN_FRANCISCO,San Francisco,United States,37.7749,-122.4194,10776.68
EONET_12719,Tropical Cyclone Alfred,severeStorms,Severe Storms,2025-03-01,155.4,-22.1,US-SAN_FRANCISCO,San Francisco,United States,37.7749,-122.4194,10843.41
EONET_12719,Tropical Cyclone Alfred,severeStorms,Severe Storms,2025-03-01,155.4,-22.7,US-SAN_FRANCISCO,San Francisco,United States,37.7749,-122.4194,10884.3
EONET_12719,Tropical Cyclone Alfred,severeStorms,Severe Storms,2025-03-01,155.4,-22.7,US-SAN_FRANCISCO,San Francisco,United States,37.7749,-122.4194,10884.3
EONET_12719,Tropical Cyclone Alfred,severeStorms,Severe Storms,2025-03-02,155.5,-23.4,US-SAN_FRANCISCO,San Francisco,United States,37.7749,-122.4194,10923.85
EONET_12719,Tropical Cyclone Alfred,severeStorms,Severe Storms,2025-03-02,155.8,-24.0,US-SAN_FRANCISCO,San Francisco,United States,37.7749,-122.4194,10940.52
EONET_12719,Tropical Cyclone Alfred,severeStorms,Severe Storms,2025-03-02,156.2,-24.5,US-SAN_FRANCISCO,San Francisco,United States,37.7749,-122.4194,10942.53
EONET_12719,Tropical Cyclone Alfred,severeStorms,Severe Storms,2025-03-02,156.6,-25.0,US-SAN_FRANCISCO,San Francisco,United States,37.7749,-122.4194,10944.75
EONET_12719,Tropical Cyclone Alfred,severeStorms,Severe Storms,2025-03-03,157.2,-25.8,US-SAN_FRANCISCO,San Francisco,United States,37.7749,-122.4194,10951.93
EONET_12719,Tropical Cyclone Alfred,severeStorms,Severe Storms,2025-03-03,157.7,-26.3,US-SAN_FRANCISCO,San Francisco,United States,37.7749,-122.4194,10946.88
EONET_12719,Tropical Cyclone Alfred,severeStorms,Severe Storms,2025-03-03,158.2,-26.7,US-SAN_FRANCISCO,San Francisco,United States,37.7749,-122.4194,10935.28
EONET_12719,Tropical Cyclone Alfred,severeStorms,Severe Storms,2025-03-03,158.5,-27.0,US-SAN_FRANCISCO,San Francisco,United States,37.7749,-122.4194,10932.6
EONET_12719,Tropical Cyclone Alfred,severeStorms,Severe Storms,2025-03-04,159.0,-27.3,US-SAN_FRANCISCO,San Francisco,United States,37.7749,-122.4194,10914.56
EONET_12719,Tropical Cyclone Alfred,severeStorms,Severe Storms,2025-03-04,159.2,-27.9,US-SAN_FRANCISCO,San Francisco,United States,37.7749,-122.4194,10940.67
EONET_12719,Tropical Cyclone Alfred,severeStorms,Severe Storms,2025-03-04,158.5,-27.8,US-SAN_FRANCISCO,San Francisco,United States,37.7749,-122.4194,10987.72
EONET_12719,Tropical Cyclone Alfred,severeStorms,Severe Storms,2025-03-04,157.5,-28.1,US-SAN_FRANCISCO,San Francisco,United States,37.7749,-122.4194,11085.64
EONET_12719,Tropical Cyclone Alfred,severeStorms,Severe Storms,2025-03-05,156.4,-27.6,US-SAN_FRANCISCO,San Francisco,United States,37.7749,-122.4194,11137.3
EONET_12719,Tropical Cyclone Alfred,severeStorms,Severe Storms,2025-03-05,156.4,-27.2,US-SAN_FRANCISCO,San Francisco,United States,37.7749,-122.4194,11110.21
EONET_12719,Tropical Cyclone Alfred,severeStorms,Severe Storms,2025-03-05,156.7,-27.3,US-SAN_FRANCISCO,San Francisco,United States,37.7749,-122.4194,11093.5
EONET_12719,Tropical Cyclone Alfred,severeStorms,Severe Storms,2025-03-05,156.3,-27.4,US-SAN_FRANCISCO,San Francisco,United States,37.7749,-122.4194,11131.59
EONET_12719,Tropical Cyclone Alfred,severeStorms,Severe Storms,2025-03-06,155.7,-27.3,US-SAN_FRANCISCO,San Francisco,United States,37.7749,-122.4194,11171.93
EONET_12719,Tropical Cyclone Alfred,severeStorms,Severe Storms,2025-03-06,155.4,-27.2,US-SAN_FRANCISCO,San Francisco,United States,37.7749,-122.4194,11188.82
EONET_12719,Tropical Cyclone Alfred,severeStorms,Severe Storms,2025-03-06,155.1,-27.3,US-SAN_FRANCISCO,San Francisco,United States,37.7749,-122.4194,11219.18
EONET_12719,Tropical Cyclone Alfred,severeStorms,Severe Storms,2025-03-06,154.9,-27.4,US-SAN_FRANCISCO,San Francisco,United States,37.7749,-122.4194,11241.65
EONET_12719,Tropical Cyclone Alfred,severeStorms,Severe Storms,2025-03-07,154.5,-27.6,US-SAN_FRANCISCO,San Francisco,United States,37.7749,-122.4194,11286.55
EONET_12719,Tropical Cyclone Alfred,severeStorms,Severe Storms,2025-03-07,154.1,-27.7,US-SAN_FRANCISCO,San Francisco,United States,37.7749,-122.4194,11324.78
EONET_12719,Tropical Cyclone Alfred,severeStorms,Severe Storms,2025-03-07,153.7,-27.5,US-SAN_FRANCISCO,San Francisco,United States,37.7749,-122.4194,11343.17
EONET_12719,Tropical Cyclone Alfred,severeStorms,Severe Storms,2025-03-07,153.3,-27.3,US-SAN_FRANCISCO,San Francisco,United States,37.7749,-122.4194,11361.7
EONET_12719,Tropical Cyclone Alfred,severeStorms,Severe Storms,2025-03-08,153.3,-27.0,US-SAN_FRANCISCO,San Francisco,United States,37.7749,-122.4194,11341.88
EONET_12721,Wildfire in Mali 1023524,wildfires,Wildfires,2025-02-21,3.2587400130394113,16.46189435900621,US-MIAMI,Miami,United States,25.7617,-80.1918,8583.4
EONET_12799,Wildfire in Russian Federation 1023541,wildfires,Wildfires,2025-02-21,131.58541641220148,44.43069133042419,US-SACRAMENTO,Sacramento,United States,38.5816,-121.4944,8238.59
EONET_12800,Wildfire in Ethiopia 1023538,wildfires,Wildfires,2025-02-21,33.27263220169747,7.842581874359542,US-MIAMI,Miami,United States,25.7617,-80.1918,11921.67
EONET_12806,Wildfire in Venezuela 1023546,wildfires,Wildfires,2025-02-21,-63.2585376692452,8.877503108012524,US-MIAMI,Miami,United States,25.7617,-80.1918,2592.95
EONET_12727,"Comp 05 RX Wildfire, Tuscaloosa, Alabama",wildfires,Wildfires,2025-02-21,-87.403333,33.003833,US-NEW_ORLEANS,New Orleans,United States,29.9511,-90.0715,423.34
EONET_12734,"LXR Strazulla Rx 0221 Wildfire, Palm Beach, Florida",wildfires,Wildfires,2025-02-21,-80.25,26.566667,US-MIAMI,Miami,United States,25.7617,-80.1918,89.7
EONET_12716,Iceberg A85,seaLakeIce,Sea and Lake Ice,2025-02-21,-48.54,-77.51,US-MIAMI,Miami,United States,25.7617,-80.1918,11673.63
EONET_12716,Iceberg A85,seaLakeIce,Sea and Lake Ice,2025-03-06,-49.4,-76.96,US-MIAMI,Miami,United States,25.7617,-80.1918,11609.88
EONET_12716,Iceberg A85,seaLakeIce,Sea and Lake Ice,2025-03-13,-51.03,-76.66,US-MIAMI,Miami,United States,25.7617,-80.1918,11561.14
EONET_12716,Iceberg A85,seaLakeIce,Sea and Lake Ice,2025-03-27,-53.15,-76.16,US-MIAMI,Miami,United States,25.7617,-80.1918,11486.94
EONET_12716,Iceberg A85,seaLakeIce,Sea and Lake Ice,2025-04-11,-54.47,-75.8,US-MIAMI,Miami,United States,25.7617,-80.1918,11435.84
EONET_12716,Iceberg A85,seaLakeIce,Sea and Lake Ice,2025-05-22,-54.83,-75.23,US-MIAMI,Miami,United States,25.7617,-80.1918,11373.71
EONET_12716,Iceberg A85,seaLakeIce,Sea and Lake Ice,2025-06-05,-53.83,-74.67,US-MIAMI,Miami,United States,25.7617,-80.1918,11328.29
EONET_12716,Iceberg A85,seaLakeIce,Sea and Lake Ice,2025-06-20,-53.52,-74.18,US-MIAMI,Miami,United States,25.7617,-80.1918,11282.41
EONET_12716,Iceberg A85,seaLakeIce,Sea and Lake Ice,2025-07-31,-54.34,-73.38,US-MIAMI,Miami,United States,25.7617,-80.1918,11190.77
EONET_12716,Iceberg A85,seaLakeIce,Sea and Lake Ice,2025-08-08,-54.79,-72.84,US-MIAMI,Miami,United States,25.7617,-80.1918,11129.88
EONET_12716,Iceberg A85,seaLakeIce,Sea and Lake Ice,2025-08-21,-54.56,-72.37,US-MIAMI,Miami,United States,25.7617,-80.1918,11084.85
EONET_12716,Iceberg A85,seaLakeIce,Sea and Lake Ice,2025-08-28,-54.06,-71.91,US-MIAMI,Miami,United States,25.7617,-80.1918,11044.74
EONET_12716,Iceberg A85,seaLakeIce,Sea and Lake Ice,2025-09-11,-53.84,-71.12,US-MIAMI,Miami,United States,25.7617,-80.1918,10967.48
EONET_12716,Iceberg A85,seaLakeIce,Sea and Lake Ice,2025-09-26,-54.16,-70.43,US-MIAMI,Miami,United States,25.7617,-80.1918,10892.51
EONET_12716,Iceberg A85,seaLakeIce,Sea and Lake Ice,2025-10-09,-54.74,-70.0,US-MIAMI,Miami,United States,25.7617,-80.1918,10839.96
EONET_12716,Iceberg A85,seaLakeIce,Sea and Lake Ice,2025-10-16,-55.01,-69.44,US-MIAMI,Miami,United States,25.7617,-80.1918,10778.54
EONET_12716,Iceberg A85,seaLakeIce,Sea and Lake Ice,2025-11-07,-55.23,-68.89,US-MIAMI,Miami,United States,25.7617,-80.1918,10718.73
EONET_12716,Iceberg A85,seaLakeIce,Sea and Lake Ice,2025-11-21,-55.04,-68.06,US-MIAMI,Miami,United States,25.7617,-80.1918,10636.47
EONET_12716,Iceberg A85,seaLakeIce,Sea and Lake Ice,2025-12-18,-55.69,-68.44,US-MIAMI,Miami,United States,25.7617,-80.1918,10665.37
EONET_12716,Iceberg A85,seaLakeIce,Sea and Lake Ice,2026-03-20,-56.94,-68.57,US-MIAMI,Miami,United States,25.7617,-80.1918,10660.16
EONET_12716,Iceberg A85,seaLakeIce,Sea and Lake Ice,2026-04-24,-57.29,-68.1,US-MIAMI,Miami,United States,25.7617,-80.1918,10606.2
EONET_12717,Iceberg D37,seaLakeIce,Sea and Lake Ice,2025-02-21,36.34,-69.22,US-MIAMI,Miami,United States,25.7617,-80.1918,13710.8
EONET_12711,Wildfire in Sudan 1023519,wildfires,Wildfires,2025-02-20,29.97627173054393,7.2176146946150235,US-MIAMI,Miami,United States,25.7617,-80.1918,11640.02
EONET_12722,Wildfire in Ethiopia 1023525,wildfires,Wildfires,2025-02-20,33.65861944468327,8.17501269597591,US-MIAMI,Miami,United States,25.7617,-80.1918,11939.78
EONET_12723,Wildfire in Australia 1023527,wildfires,Wildfires,2025-02-20,142.78275723204698,-22.643450133997057,US-SAN_FRANCISCO,San Francisco,United States,37.7749,-122.4194,11927.7
EONET_12762,Wildfire in Australia 1023536,wildfires,Wildfires,2025-02-20,149.0564292803252,-25.337344097177343,US-SAN_FRANCISCO,San Francisco,United States,37.7749,-122.4194,11576.24
EONET_12737,"Blue Springs 06 RX Wildfire, Covington, Alabama",wildfires,Wildfires,2025-02-20,-86.591103,31.125228,US-NEW_ORLEANS,New Orleans,United States,29.9511,-90.0715,357.95
EONET_12732,"Comp 57 RX Wildfire, Bibb, Alabama",wildfires,Wildfires,2025-02-20,-87.365582,32.896732,US-NEW_ORLEANS,New Orleans,United States,29.9511,-90.0715,416.14
EONET_12815,"Nyamulagira Volcano, DR Congo",volcanoes,Volcanoes,2025-02-20,29.2,-1.408,US-MIAMI,Miami,United States,25.7617,-80.1918,12013.06
EONET_12712,Wildfire in Central African Republic 1023520,wildfires,Wildfires,2025-02-19,21.915248070388163,8.373105500593436,US-MIAMI,Miami,United States,25.7617,-80.1918,10796.95
EONET_12724,Wildfire in Ethiopia 1023526,wildfires,Wildfires,2025-02-19,33.735090254905415,7.723215744328552,US-MIAMI,Miami,United States,25.7617,-80.1918,11972.39
EONET_12755,Wildfire in South Africa 1023530,wildfires,Wildfires,2025-02-19,19.251620190788337,-33.330132018305164,US-MIAMI,Miami,United States,25.7617,-80.1918,12369.31
EONET_12763,"Wildfire in Sudan, Ethiopia 1023535",wildfires,Wildfires,2025-02-19,33.12298028862088,8.277626012392249,US-MIAMI,Miami,United States,25.7617,-80.1918,11883.12
EONET_12807,Wildfire in Sudan 1023543,wildfires,Wildfires,2025-02-19,32.984554609117694,8.355972966812852,US-MIAMI,Miami,United States,25.7617,-80.1918,11865.57
EONET_12742,"Rx San Jacinto 0486 Wildfire, San Jacinto, Texas",wildfires,Wildfires,2025-02-19,-95.28388889,30.825,US-HOUSTON,Houston,United States,29.7604,-95.3698,118.67
EONET_12813,"Lewotolok Volcano, Indonesia",volcanoes,Volcanoes,2025-02-19,123.508,-8.274,US-SAN_FRANCISCO,San Francisco,United States,37.7749,-122.4194,12679.49
EONET_12708,Wildfire in Sudan 1023516,wildfires,Wildfires,2025-02-18,26.533734108251064,14.298509735329041,US-MIAMI,Miami,United States,25.7617,-80.1918,10926.96
EONET_12745,"OSF CPT 102 BB 12-14 Rx 0218 Wildfire, Baker, Florida",wildfires,Wildfires,2025-02-18,-82.439,30.188217,US-MIAMI,Miami,United States,25.7617,-80.1918,539.37
EONET_12744,"OSF CPT 1 Rx 0218 Wildfire, Baker, Florida",wildfires,Wildfires,2025-02-18,-82.308383,30.437883,US-MIAMI,Miami,United States,25.7617,-80.1918,559.84
EONET_12725,Wildfire in Senegal 1023528,wildfires,Wildfires,2025-02-17,-14.630241940697934,13.150422245391681,US-MIAMI,Miami,United States,25.7617,-80.1918,6949.98
EONET_12756,Wildfire in Russian Federation 1023532,wildfires,Wildfires,2025-02-17,131.76582661325727,44.32929528069575,US-SACRAMENTO,Sacramento,United States,38.5816,-121.4944,8234.52
EONET_12733,"Comp 20 RX Wildfire, Macon, Alabama",wildfires,Wildfires,2025-02-17,-85.561,32.49105,US-NEW_ORLEANS,New Orleans,United States,29.9511,-90.0715,513.46
EONET_12746,"RX Cottle 0479 Wildfire, Cottle, Texas",wildfires,Wildfires,2025-02-17,-100.4166667,34.13333333,US-DALLAS,Dallas,United States,32.7767,-96.797,368.1
EONET_12735,"Middleton Wildfire, Chambers, Texas",wildfires,Wildfires,2025-02-16,-94.3925,29.633611,US-HOUSTON,Houston,United States,29.7604,-95.3698,95.44
EONET_12703,Wildfire in Australia 1023511,wildfires,Wildfires,2025-02-16,116.1659697685877,-34.789985012057016,US-SAN_FRANCISCO,San Francisco,United States,37.7749,-122.4194,14840.14
EONET_12713,Wildfire in Australia 1023523,wildfires,Wildfires,2025-02-16,116.15230836347173,-34.800221174996494,US-SAN_FRANCISCO,San Francisco,United States,37.7749,-122.4194,14841.72
EONET_12760,Wildfire in Senegal 1023533,wildfires,Wildfires,2025-02-16,-15.791538888608104,13.094987169869531,US-MIAMI,Miami,United States,25.7617,-80.1918,6836.09
EONET_12740,"BUENOS ARIES PILES RX Wildfire, Pima, Arizona",wildfires,Wildfires,2025-02-16,-111.50325,31.583117,US-PHOENIX,Phoenix,United States,33.4484,-112.074,214.2
EONET_12704,Wildfire in Ethiopia 1023514,wildfires,Wildfires,2025-02-15,34.62631506346511,6.812385468960663,US-MIAMI,Miami,United States,25.7617,-80.1918,12108.32
EONET_12705,Wildfire in Ethiopia 1023512,wildfires,Wildfires,2025-02-15,35.9939186682305,10.944443243024828,US-MIAMI,Miami,United States,25.7617,-80.1918,12000.08
EONET_12706,Wildfire in Cameroon 1023513,wildfires,Wildfires,2025-02-15,10.925303964705574,5.158772005459642,US-MIAMI,Miami,United States,25.7617,-80.1918,9869.96
EONET_12707,Wildfire in Central African Republic 1023515,wildfires,Wildfires,2025-02-15,24.00830468932926,7.021187520376965,US-MIAMI,Miami,United States,25.7617,-80.1918,11070.98
EONET_12709,Wildfire in Cameroon 1023517,wildfires,Wildfires,2025-02-15,13.448953535900284,5.740728789547437,US-MIAMI,Miami,United States,25.7617,-80.1918,10093.09
EONET_12710,Wildfire in Cameroon 1023518,wildfires,Wildfires,2025-02-15,11.601622549677574,5.707452633392769,US-MIAMI,Miami,United States,25.7617,-80.1918,9910.84
EONET_12714,Wildfire in Sudan 1023521,wildfires,Wildfires,2025-02-15,33.580453919550074,8.639136349312977,US-MIAMI,Miami,United States,25.7617,-80.1918,11906.26
EONET_12715,Wildfire in Ethiopia 1023522,wildfires,Wildfires,2025-02-15,33.16979337386354,7.921367182712195,US-MIAMI,Miami,United States,25.7617,-80.1918,11907.48
EONET_12757,Wildfire in Sudan 1023529,wildfires,Wildfires,2025-02-15,32.84602877090451,8.485468125944076,US-MIAMI,Miami,United States,25.7617,-80.1918,11845.16
EONET_12761,Wildfire in The Democratic Republic of Congo 1023534,wildfires,Wildfires,2025-02-15,29.188091947155684,-1.41379366550985,US-MIAMI,Miami,United States,25.7617,-80.1918,12012.17
EONET_12743,"Stillwater NWR FY25 RX Wildfire, Churchill, Nevada",wildfires,Wildfires,2025-02-14,-118.47135,39.628117,US-SACRAMENTO,Sacramento,United States,38.5816,-121.4944,285.61
EONET_12736,"LSR Compartment 2 Rx 0214 Wildfire, Levy, Florida",wildfires,Wildfires,2025-02-14,-83.0505,29.3039,US-MIAMI,Miami,United States,25.7617,-80.1918,484.29
EONET_12738,"SUNNYSIDE RX Wildfire, Cochise, Arizona",wildfires,Wildfires,2025-02-13,-110.415004,31.417493,US-PHOENIX,Phoenix,United States,33.4484,-112.074,274.29
EONET_12729,"RKC 02/03 RX Wildfire, Escambia, Alabama",wildfires,Wildfires,2025-02-13,-86.793957,31.034866,US-NEW_ORLEANS,New Orleans,United States,29.9511,-90.0715,336.35
EONET_12749,"OKR Minnies Island Rx 0212 Wildfire, Charlton, Georgia",wildfires,Wildfires,2025-02-12,-82.351383,30.886667,US-MIAMI,Miami,United States,25.7617,-80.1918,607.77
EONET_12750,"OSF CPT 43 50 Rx 0212 Wildfire, Columbia, Florida",wildfires,Wildfires,2025-02-12,-82.504117,30.345217,US-MIAMI,Miami,United States,25.7617,-80.1918,557.85
EONET_12748,"MIR T-27A Rx 0212 Wildfire, Brevard, Florida",wildfires,Wildfires,2025-02-12,-80.6804,28.664267,US-MIAMI,Miami,United States,25.7617,-80.1918,326.35
EONET_12747,"OKR CPT 6 Mims Island Rx 0212 Wildfire, Ware, Georgia",wildfires,Wildfires,2025-02-11,-82.301167,30.581117,US-MIAMI,Miami,United States,25.7617,-80.1918,574.36
EONET_12752,"OSF CPT 23 24 Rx 0211 Wildfire, Columbia, Florida",wildfires,Wildfires,2025-02-11,-82.516383,30.369833,US-MIAMI,Miami,United States,25.7617,-80.1918,560.82
EONET_12701,Tropical Cyclone Zelia,severeStorms,Severe Storms,2025-02-11,120.0,-16.7,US-SAN_FRANCISCO,San Francisco,United States,37.7749,-122.4194,13540.52
EONET_12701,Tropical Cyclone Zelia,severeStorms,Severe Storms,2025-02-11,119.2,-17.1,US-SAN_FRANCISCO,San Francisco,United States,37.7749,-122.4194,13635.88
EONET_12701,Tropical Cyclone Zelia,severeStorms,Severe Storms,2025-02-11,119.1,-17.9,US-SAN_FRANCISCO,San Francisco,United States,37.7749,-122.4194,13694.56
EONET_12701,Tropical Cyclone Zelia,severeStorms,Severe Storms,2025-02-11,118.9,-18.5,US-SAN_FRANCISCO,San Francisco,United States,37.7749,-122.4194,13749.19
EONET_12701,Tropical Cyclone Zelia,severeStorms,Severe Storms,2025-02-12,118.6,-19.1,US-SAN_FRANCISCO,San Francisco,United States,37.7749,-122.4194,13812.3
EONET_12701,Tropical Cyclone Zelia,severeStorms,Severe Storms,2025-02-12,118.7,-19.0,US-SAN_FRANCISCO,San Francisco,United States,37.7749,-122.4194,13797.41
EONET_12701,Tropical Cyclone Zelia,severeStorms,Severe Storms,2025-02-12,118.6,-19.1,US-SAN_FRANCISCO,San Francisco,United States,37.7749,-122.4194,13812.3
EONET_12701,Tropical Cyclone Zelia,severeStorms,Severe Storms,2025-02-12,118.3,-19.2,US-SAN_FRANCISCO,San Francisco,United States,37.7749,-122.4194,13844.75
EONET_12701,Tropical Cyclone Zelia,severeStorms,Severe Storms,2025-02-13,118.2,-19.1,US-SAN_FRANCISCO,San Francisco,United States,37.7749,-122.4194,13847.44
EONET_12701,Tropical Cyclone Zelia,severeStorms,Severe Storms,2025-02-13,118.2,-19.1,US-SAN_FRANCISCO,San Francisco,United States,37.7749,-122.4194,13847.44
EONET_12701,Tropical Cyclone Zelia,severeStorms,Severe Storms,2025-02-13,118.2,-19.3,US-SAN_FRANCISCO,San Francisco,United States,37.7749,-122.4194,13859.62
EONET_12701,Tropical Cyclone Zelia,severeStorms,Severe Storms,2025-02-13,118.3,-19.3,US-SAN_FRANCISCO,San Francisco,United States,37.7749,-122.4194,13850.84
EONET_12701,Tropical Cyclone Zelia,severeStorms,Severe Storms,2025-02-14,118.7,-19.5,US-SAN_FRANCISCO,San Francisco,United States,37.7749,-122.4194,13827.83
EONET_12701,Tropical Cyclone Zelia,severeStorms,Severe Storms,2025-02-14,119.1,-20.2,US-SAN_FRANCISCO,San Francisco,United States,37.7749,-122.4194,13834.87
EONET_12702,Tropical Cyclone 16P,severeStorms,Severe Storms,2025-02-11,162.2,-21.7,US-SAN_FRANCISCO,San Francisco,United States,37.7749,-122.4194,10269.66
EONET_12702,Tropical Cyclone 16P,severeStorms,Severe Storms,2025-02-11,163.5,-22.3,US-SAN_FRANCISCO,San Francisco,United States,37.7749,-122.4194,10210.52
EONET_12702,Tropical Cyclone 16P,severeStorms,Severe Storms,2025-02-11,164.7,-23.0,US-SAN_FRANCISCO,San Francisco,United States,37.7749,-122.4194,10167.92
EONET_12702,Tropical Cyclone 16P,severeStorms,Severe Storms,2025-02-11,165.8,-23.3,US-SAN_FRANCISCO,San Francisco,United States,37.7749,-122.4194,10105.14
EONET_12702,Tropical Cyclone 16P,severeStorms,Severe Storms,2025-02-12,166.6,-23.6,US-SAN_FRANCISCO,San Francisco,United States,37.7749,-122.4194,10066.11
EONET_12675,"Rx Trinity 0423 Wildfire, Trinity, Texas",wildfires,Wildfires,2025-02-10,-95.41861111,30.95888889,US-HOUSTON,Houston,United States,29.7604,-95.3698,133.35
EONET_12751,"Dismal West RX Wildfire, Thomas, Nebraska",wildfires,Wildfires,2025-02-10,-100.29995,41.891333,US-DENVER,Denver,United States,39.7392,-104.9903,461.49
EONET_12671,Wildfire in Australia 1023510,wildfires,Wildfires,2025-02-09,120.83976940333025,-33.60615814406219,US-SAN_FRANCISCO,San Francisco,United States,37.7749,-122.4194,14392.93
EONET_12681,"RX Kimble 0417 Wildfire, Kimble, Texas",wildfires,Wildfires,2025-02-09,-99.71893567,30.41878606,US-AUSTIN,Austin,United States,30.2672,-97.7431,190.35
EONET_12672,Wildfire in Australia 1023509,wildfires,Wildfires,2025-02-08,116.4135338570653,-34.66225013239765,US-SAN_FRANCISCO,San Francisco,United States,37.7749,-122.4194,14813.86
EONET_12678,"Range 111 Wildfire, El Paso, Colorado",wildfires,Wildfires,2025-02-08,-104.73943,38.59402,US-DENVER,Denver,United States,39.7392,-104.9903,129.16
EONET_12676,"COTTONWOOD CANYON Wildfire, Lincoln, New Mexico",wildfires,Wildfires,2025-02-08,-105.40959,33.7113,US-PHOENIX,Phoenix,United States,33.4484,-112.074,617.96
EONET_12682,"BAR Rogers Bee Creek RX Wildfire, Travis, Texas",wildfires,Wildfires,2025-02-08,-98.0428,30.5792,US-AUSTIN,Austin,United States,30.2672,-97.7431,45.05
EONET_12666,Wildfire in Australia 1023505,wildfires,Wildfires,2025-02-07,144.89278913265767,-41.41849649911012,US-SAN_FRANCISCO,San Francisco,United States,37.7749,-122.4194,12860.86
EONET_12673,Wildfire in Cameroon 1023507,wildfires,Wildfires,2025-02-07,12.765299415367926,5.992173212751177,US-MIAMI,Miami,United States,25.7617,-80.1918,10012.86
EONET_12739,"Iceman RX Wildfire, Lawrence, South Dakota",wildfires,Wildfires,2025-02-07,-103.818467,44.178633,US-DENVER,Denver,United States,39.7392,-104.9903,503.05
EONET_12687,"RX KIS C-44-51 Wildfire, Natchitoches, Louisiana",wildfires,Wildfires,2025-02-07,-93.018056,31.448056,US-HOUSTON,Houston,United States,29.7604,-95.3698,293.03
EONET_12686,"RX CAT C-95 Wildfire, Grant, Louisiana",wildfires,Wildfires,2025-02-07,-92.543084,31.462534,US-NEW_ORLEANS,New Orleans,United States,29.9511,-90.0715,289.95
EONET_12684,"SHNF C-105 RX Wildfire, San Jacinto, Texas",wildfires,Wildfires,2025-02-07,-95.116667,30.5,US-HOUSTON,Houston,United States,29.7604,-95.3698,85.77
EONET_12685,"MiC04 RX Wildfire, Escambia, Alabama",wildfires,Wildfires,2025-02-07,-86.777237,31.065655,US-NEW_ORLEANS,New Orleans,United States,29.9511,-90.0715,339.03
EONET_12693,"RX KIS C-28-41 Wildfire, Natchitoches, Louisiana",wildfires,Wildfires,2025-02-06,-93.065833,31.453611,US-HOUSTON,Houston,United States,29.7604,-95.3698,289.93
EONET_12677,"Kings Ferry Wildfire, Franklin, Mississippi",wildfires,Wildfires,2025-02-06,-90.893408,31.374053,US-NEW_ORLEANS,New Orleans,United States,29.9511,-90.0715,176.68
EONET_12689,"LBJ COMP 908 S RX Wildfire, Wise, Texas",wildfires,Wildfires,2025-02-06,-97.645533,33.40895,US-DALLAS,Dallas,United States,32.7767,-96.797,105.79
EONET_12695,"RX Cottle 0384 Wildfire, Cottle, Texas",wildfires,Wildfires,2025-02-06,-100.4166667,34.13333333,US-DALLAS,Dallas,United States,32.7767,-96.797,368.1
EONET_12690,"SNF Indian Mounds C-102 RX Wildfire, Sabine, Texas",wildfires,Wildfires,2025-02-06,-93.703333,31.317717,US-HOUSTON,Houston,United States,29.7604,-95.3698,235.49
EONET_12692,"RX CALV C-111 Wildfire, Vernon, Louisiana",wildfires,Wildfires,2025-02-06,-93.144,30.976,US-HOUSTON,Houston,United States,29.7604,-95.3698,252.71
EONET_12694,"DCNF COMP 34 RX Wildfire, Houston, Texas",wildfires,Wildfires,2025-02-06,-95.1963,31.3924,US-HOUSTON,Houston,United States,29.7604,-95.3698,182.23
EONET_12688,"ANF Mud Creek RX Wildfire, Angelina, Texas",wildfires,Wildfires,2025-02-06,-94.316883,31.175467,US-HOUSTON,Houston,United States,29.7604,-95.3698,186.92
EONET_12824,"RX Compartment 166-170 Wildfire, Oglethorpe, Georgia",wildfires,Wildfires,2025-02-05,-83.266083,33.772783,US-NEW_ORLEANS,New Orleans,United States,29.9511,-90.0715,770.19
EONET_12698,"Chickasawhay 372 &amp; 378 RX Wildfire, Wayne, Mississippi",wildfires,Wildfires,2025-02-05,-88.8924,31.526,US-NEW_ORLEANS,New Orleans,United States,29.9511,-90.0715,208.24
EONET_12696,"DCNF COMP 28 RX Wildfire, Houston, Texas",wildfires,Wildfires,2025-02-05,-95.1042,31.3999,US-HOUSTON,Houston,United States,29.7604,-95.3698,184.07
EONET_12697,"SHNF COMP 21 RX Wildfire, Montgomery, Texas",wildfires,Wildfires,2025-02-05,-95.654833,30.528333,US-HOUSTON,Houston,United States,29.7604,-95.3698,89.68
EONET_12679,"RKC 06/07 RX Wildfire, Escambia, Alabama",wildfires,Wildfires,2025-02-05,-86.833059,31.007087,US-NEW_ORLEANS,New Orleans,United States,29.9511,-90.0715,331.79
EONET_12691,"Rx Polk 0366 Wildfire, Polk, Texas",wildfires,Wildfires,2025-02-05,-94.67,30.81601,US-HOUSTON,Houston,United States,29.7604,-95.3698,135.25
EONET_12654,Wildfire in Sudan 1023495,wildfires,Wildfires,2025-02-04,33.55179468121498,7.581735889510396,US-MIAMI,Miami,United States,25.7617,-80.1918,11962.84
EONET_12667,Wildfire in Ethiopia 1023502,wildfires,Wildfires,2025-02-04,34.27492944950135,7.224850642541192,US-MIAMI,Miami,United States,25.7617,-80.1918,12051.72
EONET_12700,"RKC04/05 RX Wildfire, Escambia, Alabama",wildfires,Wildfires,2025-02-04,-86.810544,31.026977,US-NEW_ORLEANS,New Orleans,United States,29.9511,-90.0715,334.56
EONET_12680,"BrB 04 RX Wildfire, Covington, Alabama",wildfires,Wildfires,2025-02-04,-86.631821,31.093738,US-NEW_ORLEANS,New Orleans,United States,29.9511,-90.0715,353.1
EONET_12683,"MiC 07 RX Wildfire, Escambia, Alabama",wildfires,Wildfires,2025-02-04,-86.725788,31.070564,US-NEW_ORLEANS,New Orleans,United States,29.9511,-90.0715,343.82
EONET_12741,"BrB05 Rx Wildfire, Covington, Alabama",wildfires,Wildfires,2025-02-04,-86.6629,31.088143,US-NEW_ORLEANS,New Orleans,United States,29.9511,-90.0715,350.11
EONET_12647,Wildfire in Chad 1023486,wildfires,Wildfires,2025-02-03,19.791915103344596,14.434706510708589,US-MIAMI,Miami,United States,25.7617,-80.1918,10280.72
EONET_12655,Wildfire in Sudan 1023496,wildfires,Wildfires,2025-02-03,32.86439845438164,8.106091862888794,US-MIAMI,Miami,United States,25.7617,-80.1918,11868.08
EONET_12664,Wildfire in The Democratic Republic of Congo 1023500,wildfires,Wildfires,2025-02-03,29.60683213109463,4.244247573323041,US-MIAMI,Miami,United States,25.7617,-80.1918,11762.88
EONET_12668,Wildfire in The Democratic Republic of Congo 1023506,wildfires,Wildfires,2025-02-03,29.66008976360997,4.430541130428701,US-MIAMI,Miami,United States,25.7617,-80.1918,11758.26
EONET_12669,Wildfire in Central African Republic 1023503,wildfires,Wildfires,2025-02-03,23.59600170653006,7.1207920563773595,US-MIAMI,Miami,United States,25.7617,-80.1918,11025.54
EONET_12670,Wildfire in Venezuela 1023504,wildfires,Wildfires,2025-02-03,-69.51307154577344,7.867227016877645,US-MIAMI,Miami,United States,25.7617,-80.1918,2288.55
EONET_12620,"Rx Cedar Lake N Shore Wildfire, Le Flore, Oklahoma",wildfires,Wildfires,2025-02-03,-94.7045,34.773117,US-DALLAS,Dallas,United States,32.7767,-96.797,294.41
EONET_12622,"Comp 2 RX Wildfire, Hale, Alabama",wildfires,Wildfires,2025-02-03,-87.476667,32.966333,US-NEW_ORLEANS,New Orleans,United States,29.9511,-90.0715,415.88
EONET_12699,"Pyramid SRA 2 RX Wildfire, Perry, Illinois",wildfires,Wildfires,2025-02-03,-89.52647,38.0065,US-DALLAS,Dallas,United States,32.7767,-96.797,878.39
EONET_12621,"RX - Cades Cove Wildfire, Blount, Tennessee",wildfires,Wildfires,2025-02-03,-83.803833,35.591333,US-NEW_ORLEANS,New Orleans,United States,29.9511,-90.0715,857.92
EONET_12642,Wildfire in Australia 1023479,wildfires,Wildfires,2025-02-02,144.99643423665097,-41.545329380223215,US-SAN_FRANCISCO,San Francisco,United States,37.7749,-122.4194,12860.1
EONET_12648,Wildfire in Chad 1023483,wildfires,Wildfires,2025-02-02,19.74483578980161,11.719616923580602,US-MIAMI,Miami,United States,25.7617,-80.1918,10414.84
EONET_12649,Wildfire in Argentina 1023485,wildfires,Wildfires,2025-02-02,-58.30192154366178,-29.546235675996385,US-MIAMI,Miami,United States,25.7617,-80.1918,6578.03
EONET_12656,Wildfire in Australia 1023493,wildfires,Wildfires,2025-02-02,145.29635138093386,-41.61247878410094,US-SAN_FRANCISCO,San Francisco,United States,37.7749,-122.4194,12841.87
EONET_12657,Wildfire in Australia 1023494,wildfires,Wildfires,2025-02-02,138.0758590504984,-32.7383457270778,US-SAN_FRANCISCO,San Francisco,United States,37.7749,-122.4194,12917.71
EONET_12665,Wildfire in Australia 1023501,wildfires,Wildfires,2025-02-02,139.39973681864168,-30.104321913048224,US-SAN_FRANCISCO,San Francisco,United States,37.7749,-122.4194,12660.98
EONET_12674,Wildfire in Australia 1023508,wildfires,Wildfires,2025-02-02,145.92134868577241,-41.79390265112694,US-SAN_FRANCISCO,San Francisco,United States,37.7749,-122.4194,12806.33
EONET_12610,Tropical Cyclone 15P,severeStorms,Severe Storms,2025-02-02,165.9,-19.4,US-SAN_FRANCISCO,San Francisco,United States,37.7749,-122.4194,9810.86
EONET_12610,Tropical Cyclone 15P,severeStorms,Severe Storms,2025-02-02,166.8,-19.9,US-SAN_FRANCISCO,San Francisco,United States,37.7749,-122.4194,9777.14
EONET_12610,Tropical Cyclone 15P,severeStorms,Severe Storms,2025-02-03,167.8,-20.7,US-SAN_FRANCISCO,San Francisco,United States,37.7749,-122.4194,9758.87
EONET_12610,Tropical Cyclone 15P,severeStorms,Severe Storms,2025-02-03,167.8,-20.8,US-SAN_FRANCISCO,San Francisco,United States,37.7749,-122.4194,9766.32
EONET_12610,Tropical Cyclone 15P,severeStorms,Severe Storms,2025-02-03,168.0,-21.0,US-SAN_FRANCISCO,San Francisco,United States,37.7749,-122.4194,9765.82
EONET_12610,Tropical Cyclone 15P,severeStorms,Severe Storms,2025-02-03,168.2,-21.1,US-SAN_FRANCISCO,San Francisco,United States,37.7749,-122.4194,9757.92
EONET_12610,Tropical Cyclone 15P,severeStorms,Severe Storms,2025-02-04,169.3,-21.4,US-SAN_FRANCISCO,San Francisco,United States,37.7749,-122.4194,9696.33
EONET_12610,Tropical Cyclone 15P,severeStorms,Severe Storms,2025-02-04,170.5,-21.4,US-SAN_FRANCISCO,San Francisco,United States,37.7749,-122.4194,9605.34
EONET_12610,Tropical Cyclone 15P,severeStorms,Severe Storms,2025-02-04,172.4,-21.5,US-SAN_FRANCISCO,San Francisco,United States,37.7749,-122.4194,9470.49
EONET_12610,Tropical Cyclone 15P,severeStorms,Severe Storms,2025-02-04,173.0,-21.4,US-SAN_FRANCISCO,San Francisco,United States,37.7749,-122.4194,9418.14
EONET_12610,Tropical Cyclone 15P,severeStorms,Severe Storms,2025-02-05,174.1,-21.3,US-SAN_FRANCISCO,San Francisco,United States,37.7749,-122.4194,9329.0
EONET_12626,"ANF Bannister East RX Wildfire, San Augustine, Texas",wildfires,Wildfires,2025-02-02,-94.21575,31.3347,US-HOUSTON,Houston,United States,29.7604,-95.3698,207.02
EONET_12625,"ANF Bullet Creek RX Wildfire, San Augustine, Texas",wildfires,Wildfires,2025-02-02,-94.305583,31.2783,US-HOUSTON,Houston,United States,29.7604,-95.3698,197.18
EONET_12609,Tropical Cyclone Taliah,severeStorms,Severe Storms,2025-02-02,116.7,-14.6,US-SAN_FRANCISCO,San Francisco,United States,37.7749,-122.4194,13694.88
EONET_12609,Tropical Cyclone Taliah,severeStorms,Severe Storms,2025-02-02,116.7,-14.4,US-SAN_FRANCISCO,San Francisco,United States,37.7749,-122.4194,13681.83
EONET_12609,Tropical Cyclone Taliah,severeStorms,Severe Storms,2025-02-02,116.5,-14.4,US-SAN_FRANCISCO,San Francisco,United States,37.7749,-122.4194,13699.26
EONET_12609,Tropical Cyclone Taliah,severeStorms,Severe Storms,2025-02-02,115.4,-15.1,US-SAN_FRANCISCO,San Francisco,United States,37.7749,-122.4194,13840.72
EONET_12609,Tropical Cyclone Taliah,severeStorms,Severe Storms,2025-02-03,115.1,-15.2,US-SAN_FRANCISCO,San Francisco,United States,37.7749,-122.4194,13873.34
EONET_12609,Tropical Cyclone Taliah,severeStorms,Severe Storms,2025-02-03,114.3,-15.1,US-SAN_FRANCISCO,San Francisco,United States,37.7749,-122.4194,13936.46
EONET_12609,Tropical Cyclone Taliah,severeStorms,Severe Storms,2025-02-03,113.8,-15.2,US-SAN_FRANCISCO,San Francisco,United States,37.7749,-122.4194,13986.44
EONET_12609,Tropical Cyclone Taliah,severeStorms,Severe Storms,2025-02-03,112.8,-15.4,US-SAN_FRANCISCO,San Francisco,United States,37.7749,-122.4194,14086.34
EONET_12609,Tropical Cyclone Taliah,severeStorms,Severe Storms,2025-02-04,112.2,-15.4,US-SAN_FRANCISCO,San Francisco,United States,37.7749,-122.4194,14138.38
EONET_12609,Tropical Cyclone Taliah,severeStorms,Severe Storms,2025-02-04,110.9,-15.5,US-SAN_FRANCISCO,San Francisco,United States,37.7749,-122.4194,14257.47
EONET_12609,Tropical Cyclone Taliah,severeStorms,Severe Storms,2025-02-04,110.4,-15.6,US-SAN_FRANCISCO,San Francisco,United States,37.7749,-122.4194,14307.25
EONET_12609,Tropical Cyclone Taliah,severeStorms,Severe Storms,2025-02-04,109.4,-15.9,US-SAN_FRANCISCO,San Francisco,United States,37.7749,-122.4194,14413.29
EONET_12609,Tropical Cyclone Taliah,severeStorms,Severe Storms,2025-02-05,108.7,-15.5,US-SAN_FRANCISCO,San Francisco,United States,37.7749,-122.4194,14447.16
EONET_12609,Tropical Cyclone Taliah,severeStorms,Severe Storms,2025-02-05,107.4,-15.2,US-SAN_FRANCISCO,San Francisco,United States,37.7749,-122.4194,14538.62
EONET_12609,Tropical Cyclone Taliah,severeStorms,Severe Storms,2025-02-05,106.7,-14.9,US-SAN_FRANCISCO,San Francisco,United States,37.7749,-122.4194,14578.16
EONET_12609,Tropical Cyclone Taliah,severeStorms,Severe Storms,2025-02-05,106.0,-14.8,US-SAN_FRANCISCO,San Francisco,United States,37.7749,-122.4194,14630.94
EONET_12609,Tropical Cyclone Taliah,severeStorms,Severe Storms,2025-02-06,104.8,-14.9,US-SAN_FRANCISCO,San Francisco,United States,37.7749,-122.4194,14739.54
EONET_12609,Tropical Cyclone Taliah,severeStorms,Severe Storms,2025-02-06,103.8,-14.9,US-SAN_FRANCISCO,San Francisco,United States,37.7749,-122.4194,14823.99
EONET_12609,Tropical Cyclone Taliah,severeStorms,Severe Storms,2025-02-06,102.5,-14.8,US-SAN_FRANCISCO,San Francisco,United States,37.7749,-122.4194,14926.28
EONET_12609,Tropical Cyclone Taliah,severeStorms,Severe Storms,2025-02-06,101.5,-14.5,US-SAN_FRANCISCO,San Francisco,United States,37.7749,-122.4194,14988.7
EONET_12609,Tropical Cyclone Taliah,severeStorms,Severe Storms,2025-02-07,100.8,-15.2,US-SAN_FRANCISCO,San Francisco,United States,37.7749,-122.4194,15096.21
EONET_12609,Tropical Cyclone Taliah,severeStorms,Severe Storms,2025-02-07,99.5,-15.6,US-SAN_FRANCISCO,San Francisco,United States,37.7749,-122.4194,15232.33
EONET_12609,Tropical Cyclone Taliah,severeStorms,Severe Storms,2025-02-07,98.3,-15.8,US-SAN_FRANCISCO,San Francisco,United States,37.7749,-122.4194,15345.68
EONET_12609,Tropical Cyclone Taliah,severeStorms,Severe Storms,2025-02-07,96.9,-15.8,US-SAN_FRANCISCO,San Francisco,United States,37.7749,-122.4194,15460.63
EONET_12609,Tropical Cyclone Taliah,severeStorms,Severe Storms,2025-02-08,96.5,-15.8,US-SAN_FRANCISCO,San Francisco,United States,37.7749,-122.4194,15493.29
EONET_12609,Tropical Cyclone Taliah,severeStorms,Severe Storms,2025-02-08,95.9,-15.8,US-SAN_FRANCISCO,San Francisco,United States,37.7749,-122.4194,15542.11
EONET_12609,Tropical Cyclone Taliah,severeStorms,Severe Storms,2025-02-08,95.2,-15.7,US-SAN_FRANCISCO,San Francisco,United States,37.7749,-122.4194,15591.51
EONET_12609,Tropical Cyclone Taliah,severeStorms,Severe Storms,2025-02-08,94.7,-15.7,US-SAN_FRANCISCO,San Francisco,United States,37.7749,-122.4194,15631.79
EONET_12609,Tropical Cyclone Taliah,severeStorms,Severe Storms,2025-02-09,94.4,-15.2,US-SAN_FRANCISCO,San Francisco,United States,37.7749,-122.4194,15618.91
EONET_12609,Tropical Cyclone Taliah,severeStorms,Severe Storms,2025-02-09,93.8,-15.1,US-SAN_FRANCISCO,San Francisco,United States,37.7749,-122.4194,15659.22
EONET_12609,Tropical Cyclone Taliah,severeStorms,Severe Storms,2025-02-09,93.6,-15.0,US-SAN_FRANCISCO,San Francisco,United States,37.7749,-122.4194,15667.57
EONET_12609,Tropical Cyclone Taliah,severeStorms,Severe Storms,2025-02-09,93.3,-14.9,US-SAN_FRANCISCO,San Francisco,United States,37.7749,-122.4194,15683.75
EONET_12609,Tropical Cyclone Taliah,severeStorms,Severe Storms,2025-02-10,93.1,-14.6,US-SAN_FRANCISCO,San Francisco,United States,37.7749,-122.4194,15676.75
EONET_12609,Tropical Cyclone Taliah,severeStorms,Severe Storms,2025-02-10,92.9,-14.0,US-SAN_FRANCISCO,San Francisco,United States,37.7749,-122.4194,15646.47
EONET_12609,Tropical Cyclone Taliah,severeStorms,Severe Storms,2025-02-10,93.0,-14.8,US-SAN_FRANCISCO,San Francisco,United States,37.7749,-122.4194,15699.8
EONET_12609,Tropical Cyclone Taliah,severeStorms,Severe Storms,2025-02-10,92.4,-14.1,US-SAN_FRANCISCO,San Francisco,United States,37.7749,-122.4194,15693.04
EONET_12609,Tropical Cyclone Taliah,severeStorms,Severe Storms,2025-02-11,92.3,-14.5,US-SAN_FRANCISCO,San Francisco,United States,37.7749,-122.4194,15731.63
EONET_12609,Tropical Cyclone Taliah,severeStorms,Severe Storms,2025-02-11,92.1,-14.6,US-SAN_FRANCISCO,San Francisco,United States,37.7749,-122.4194,15754.87
EONET_12609,Tropical Cyclone Taliah,severeStorms,Severe Storms,2025-02-11,91.9,-15.3,US-SAN_FRANCISCO,San Francisco,United States,37.7749,-122.4194,15824.02
EONET_12609,Tropical Cyclone Taliah,severeStorms,Severe Storms,2025-02-11,91.7,-16.0,US-SAN_FRANCISCO,San Francisco,United States,37.7749,-122.4194,15892.71
EONET_12609,Tropical Cyclone Taliah,severeStorms,Severe Storms,2025-02-12,91.3,-16.6,US-SAN_FRANCISCO,San Francisco,United States,37.7749,-122.4194,15969.25
EONET_12609,Tropical Cyclone Taliah,severeStorms,Severe Storms,2025-02-12,90.6,-17.7,US-SAN_FRANCISCO,San Francisco,United States,37.7749,-122.4194,16106.32
EONET_12609,Tropical Cyclone Taliah,severeStorms,Severe Storms,2025-02-12,90.0,-19.0,US-SAN_FRANCISCO,San Francisco,United States,37.7749,-122.4194,16249.0
EONET_12609,Tropical Cyclone Taliah,severeStorms,Severe Storms,2025-02-12,89.6,-20.2,US-SAN_FRANCISCO,San Francisco,United States,37.7749,-122.4194,16366.77
EONET_12609,Tropical Cyclone Taliah,severeStorms,Severe Storms,2025-02-13,88.5,-20.9,US-SAN_FRANCISCO,San Francisco,United States,37.7749,-122.4194,16504.71
EONET_12609,Tropical Cyclone Taliah,severeStorms,Severe Storms,2025-02-13,87.3,-21.9,US-SAN_FRANCISCO,San Francisco,United States,37.7749,-122.4194,16671.21
EONET_12609,Tropical Cyclone Taliah,severeStorms,Severe Storms,2025-02-13,86.5,-22.7,US-SAN_FRANCISCO,San Francisco,United States,37.7749,-122.4194,16790.92
EONET_12609,Tropical Cyclone Taliah,severeStorms,Severe Storms,2025-02-13,85.6,-23.1,US-SAN_FRANCISCO,San Francisco,United States,37.7749,-122.4194,16890.96
EONET_12609,Tropical Cyclone Taliah,severeStorms,Severe Storms,2025-02-14,85.1,-23.3,US-SAN_FRANCISCO,San Francisco,United States,37.7749,-122.4194,16944.93
EONET_12609,Tropical Cyclone Taliah,severeStorms,Severe Storms,2025-02-14,84.4,-23.7,US-SAN_FRANCISCO,San Francisco,United States,37.7749,-122.4194,17028.57
EONET_12609,Tropical Cyclone Taliah,severeStorms,Severe Storms,2025-02-14,84.1,-24.1,US-SAN_FRANCISCO,San Francisco,United States,37.7749,-122.4194,17079.89
EONET_12609,Tropical Cyclone Taliah,severeStorms,Severe Storms,2025-02-14,83.8,-24.5,US-SAN_FRANCISCO,San Francisco,United States,37.7749,-122.4194,17131.01
EONET_12609,Tropical Cyclone Taliah,severeStorms,Severe Storms,2025-02-15,83.7,-24.9,US-SAN_FRANCISCO,San Francisco,United States,37.7749,-122.4194,17165.7
EONET_12609,Tropical Cyclone Taliah,severeStorms,Severe Storms,2025-02-15,83.5,-25.2,US-SAN_FRANCISCO,San Francisco,United States,37.7749,-122.4194,17201.68
EONET_12609,Tropical Cyclone Taliah,severeStorms,Severe Storms,2025-02-15,83.0,-25.4,US-SAN_FRANCISCO,San Francisco,United States,37.7749,-122.4194,17255.4
EONET_12609,Tropical Cyclone Taliah,severeStorms,Severe Storms,2025-02-15,82.6,-25.7,US-SAN_FRANCISCO,San Francisco,United States,37.7749,-122.4194,17307.47
EONET_12609,Tropical Cyclone Taliah,severeStorms,Severe Storms,2025-02-16,81.8,-26.6,US-SAN_FRANCISCO,San Francisco,United States,37.7749,-122.4194,17430.46
EONET_12609,Tropical Cyclone Taliah,severeStorms,Severe Storms,2025-02-16,81.0,-27.3,US-SAN_FRANCISCO,San Francisco,United States,37.7749,-122.4194,17539.85
EONET_12609,Tropical Cyclone Taliah,severeStorms,Severe Storms,2025-02-16,79.9,-28.3,US-SAN_FRANCISCO,San Francisco,United States,37.7749,-122.4194,17691.36
EONET_12609,Tropical Cyclone Taliah,severeStorms,Severe Storms,2025-02-16,79.1,-28.9,US-SAN_FRANCISCO,San Francisco,United States,37.7749,-122.4194,17793.03
EONET_12609,Tropical Cyclone Taliah,severeStorms,Severe Storms,2025-02-17,78.2,-29.2,US-MIAMI,Miami,United States,25.7617,-80.1918,17852.71
EONET_12609,Tropical Cyclone Taliah,severeStorms,Severe Storms,2025-02-17,77.8,-29.4,US-MIAMI,Miami,United States,25.7617,-80.1918,17812.08
EONET_12609,Tropical Cyclone Taliah,severeStorms,Severe Storms,2025-02-17,77.4,-29.7,US-MIAMI,Miami,United States,25.7617,-80.1918,17770.34
EONET_12609,Tropical Cyclone Taliah,severeStorms,Severe Storms,2025-02-17,77.0,-30.0,US-MIAMI,Miami,United States,25.7617,-80.1918,17728.45
EONET_12609,Tropical Cyclone Taliah,severeStorms,Severe Storms,2025-02-18,76.7,-30.4,US-MIAMI,Miami,United States,25.7617,-80.1918,17694.6
EONET_12609,Tropical Cyclone Taliah,severeStorms,Severe Storms,2025-02-18,76.3,-30.9,US-MIAMI,Miami,United States,25.7617,-80.1918,17649.3
EONET_12609,Tropical Cyclone Taliah,severeStorms,Severe Storms,2025-02-18,76.0,-31.0,US-MIAMI,Miami,United States,25.7617,-80.1918,17619.4
EONET_12609,Tropical Cyclone Taliah,severeStorms,Severe Storms,2025-02-18,75.9,-31.1,US-MIAMI,Miami,United States,25.7617,-80.1918,17608.39
EONET_12611,Wildfire in Australia 1023472,wildfires,Wildfires,2025-02-01,141.43774569174607,-36.59669026588205,US-SAN_FRANCISCO,San Francisco,United States,37.7749,-122.4194,12861.31
EONET_12612,Wildfire in Australia 1023474,wildfires,Wildfires,2025-02-01,141.4270239294413,-36.61220067228274,US-SAN_FRANCISCO,San Francisco,United States,37.7749,-122.4194,12862.99
EONET_12658,Wildfire in Sudan 1023490,wildfires,Wildfires,2025-02-01,32.84008263788477,8.310542967083636,US-MIAMI,Miami,United States,25.7617,-80.1918,11854.37
EONET_12659,Wildfire in Central African Republic 1023497,wildfires,Wildfires,2025-02-01,24.37244301642445,6.653354631996438,US-MIAMI,Miami,United States,25.7617,-80.1918,11125.58
EONET_12663,Wildfire in Guinea 1023499,wildfires,Wildfires,2025-02-01,-9.80178177483444,9.291269831717326,US-MIAMI,Miami,United States,25.7617,-80.1918,7603.4
EONET_12600,Tropical Cyclone Vince,severeStorms,Severe Storms,2025-02-01,101.3,-15.6,US-SAN_FRANCISCO,San Francisco,United States,37.7749,-122.4194,15082.39
EONET_12600,Tropical Cyclone Vince,severeStorms,Severe Storms,2025-02-02,100.2,-15.7,US-SAN_FRANCISCO,San Francisco,United States,37.7749,-122.4194,15181.18
EONET_12600,Tropical Cyclone Vince,severeStorms,Severe Storms,2025-02-02,98.9,-15.7,US-SAN_FRANCISCO,San Francisco,United States,37.7749,-122.4194,15289.06
EONET_12600,Tropical Cyclone Vince,severeStorms,Severe Storms,2025-02-02,98.0,-15.5,US-SAN_FRANCISCO,San Francisco,United States,37.7749,-122.4194,15349.03
EONET_12600,Tropical Cyclone Vince,severeStorms,Severe Storms,2025-02-02,97.1,-15.6,US-SAN_FRANCISCO,San Francisco,United States,37.7749,-122.4194,15429.93
EONET_12600,Tropical Cyclone Vince,severeStorms,Severe Storms,2025-02-03,96.3,-15.9,US-SAN_FRANCISCO,San Francisco,United States,37.7749,-122.4194,15516.79
EONET_12600,Tropical Cyclone Vince,severeStorms,Severe Storms,2025-02-03,94.9,-16.5,US-SAN_FRANCISCO,San Francisco,United States,37.7749,-122.4194,15673.87
EONET_12600,Tropical Cyclone Vince,severeStorms,Severe Storms,2025-02-03,93.6,-16.6,US-SAN_FRANCISCO,San Francisco,United States,37.7749,-122.4194,15786.11
EONET_12600,Tropical Cyclone Vince,severeStorms,Severe Storms,2025-02-03,92.1,-17.1,US-SAN_FRANCISCO,San Francisco,United States,37.7749,-122.4194,15942.86
EONET_12600,Tropical Cyclone Vince,severeStorms,Severe Storms,2025-02-04,91.0,-17.2,US-SAN_FRANCISCO,San Francisco,United States,37.7749,-122.4194,16037.65
EONET_12600,Tropical Cyclone Vince,severeStorms,Severe Storms,2025-02-04,90.1,-17.8,US-SAN_FRANCISCO,San Francisco,United States,37.7749,-122.4194,16153.27
EONET_12600,Tropical Cyclone Vince,severeStorms,Severe Storms,2025-02-04,89.0,-17.9,US-SAN_FRANCISCO,San Francisco,United States,37.7749,-122.4194,16247.16
EONET_12600,Tropical Cyclone Vince,severeStorms,Severe Storms,2025-02-04,88.0,-18.2,US-SAN_FRANCISCO,San Francisco,United States,37.7749,-122.4194,16347.64
EONET_12600,Tropical Cyclone Vince,severeStorms,Severe Storms,2025-02-05,86.9,-18.5,US-SAN_FRANCISCO,San Francisco,United States,37.7749,-122.4194,16455.4
EONET_12600,Tropical Cyclone Vince,severeStorms,Severe Storms,2025-02-05,85.7,-18.9,US-SAN_FRANCISCO,San Francisco,United States,37.7749,-122.4194,16577.88
EONET_12600,Tropical Cyclone Vince,severeStorms,Severe Storms,2025-02-05,84.7,-18.7,US-SAN_FRANCISCO,San Francisco,United States,37.7749,-122.4194,16638.11
EONET_12600,Tropical Cyclone Vince,severeStorms,Severe Storms,2025-02-05,83.9,-18.8,US-SAN_FRANCISCO,San Francisco,United States,37.7749,-122.4194,16705.7
EONET_12600,Tropical Cyclone Vince,severeStorms,Severe Storms,2025-02-06,83.3,-19.0,US-SAN_FRANCISCO,San Francisco,United States,37.7749,-122.4194,16765.94
EONET_12600,Tropical Cyclone Vince,severeStorms,Severe Storms,2025-02-06,82.5,-19.3,US-SAN_FRANCISCO,San Francisco,United States,37.7749,-122.4194,16848.62
EONET_12600,Tropical Cyclone Vince,severeStorms,Severe Storms,2025-02-06,81.7,-19.5,US-SAN_FRANCISCO,San Francisco,United States,37.7749,-122.4194,16922.95
EONET_12600,Tropical Cyclone Vince,severeStorms,Severe Storms,2025-02-06,80.7,-19.7,US-SAN_FRANCISCO,San Francisco,United States,37.7749,-122.4194,17011.15
EONET_12600,Tropical Cyclone Vince,severeStorms,Severe Storms,2025-02-07,79.6,-19.8,US-SAN_FRANCISCO,San Francisco,United States,37.7749,-122.4194,17097.25
EONET_12600,Tropical Cyclone Vince,severeStorms,Severe Storms,2025-02-07,78.3,-19.8,US-SAN_FRANCISCO,San Francisco,United States,37.7749,-122.4194,17187.14
EONET_12600,Tropical Cyclone Vince,severeStorms,Severe Storms,2025-02-07,77.0,-19.9,US-SACRAMENTO,Sacramento,United States,38.5816,-121.4944,17281.46
EONET_12600,Tropical Cyclone Vince,severeStorms,Severe Storms,2025-02-07,75.9,-20.1,US-SACRAMENTO,Sacramento,United States,38.5816,-121.4944,17366.99
EONET_12600,Tropical Cyclone Vince,severeStorms,Severe Storms,2025-02-08,74.6,-20.3,US-MIAMI,Miami,United States,25.7617,-80.1918,17369.58
EONET_12600,Tropical Cyclone Vince,severeStorms,Severe Storms,2025-02-08,73.4,-20.4,US-MIAMI,Miami,United States,25.7617,-80.1918,17253.83
EONET_12600,Tropical Cyclone Vince,severeStorms,Severe Storms,2025-02-08,72.5,-20.4,US-MIAMI,Miami,United States,25.7617,-80.1918,17164.31
EONET_12600,Tropical Cyclone Vince,severeStorms,Severe Storms,2025-02-08,71.5,-20.5,US-MIAMI,Miami,United States,25.7617,-80.1918,17067.97
EONET_12600,Tropical Cyclone Vince,severeStorms,Severe Storms,2025-02-09,70.7,-20.5,US-MIAMI,Miami,United States,25.7617,-80.1918,16988.19
EONET_12600,Tropical Cyclone Vince,severeStorms,Severe Storms,2025-02-09,70.0,-20.6,US-MIAMI,Miami,United States,25.7617,-80.1918,16921.5
EONET_12600,Tropical Cyclone Vince,severeStorms,Severe Storms,2025-02-09,69.6,-21.0,US-MIAMI,Miami,United States,25.7617,-80.1918,16893.82
EONET_12600,Tropical Cyclone Vince,severeStorms,Severe Storms,2025-02-09,69.3,-21.6,US-MIAMI,Miami,United States,25.7617,-80.1918,16881.17
EONET_12600,Tropical Cyclone Vince,severeStorms,Severe Storms,2025-02-10,68.7,-22.1,US-MIAMI,Miami,United States,25.7617,-80.1918,16834.61
EONET_12600,Tropical Cyclone Vince,severeStorms,Severe Storms,2025-02-10,68.3,-23.0,US-MIAMI,Miami,United States,25.7617,-80.1918,16816.73
EONET_12600,Tropical Cyclone Vince,severeStorms,Severe Storms,2025-02-10,68.4,-23.8,US-MIAMI,Miami,United States,25.7617,-80.1918,16844.14
EONET_12600,Tropical Cyclone Vince,severeStorms,Severe Storms,2025-02-10,68.5,-24.9,US-MIAMI,Miami,United States,25.7617,-80.1918,16874.42
EONET_12600,Tropical Cyclone Vince,severeStorms,Severe Storms,2025-02-11,68.7,-25.8,US-MIAMI,Miami,United States,25.7617,-80.1918,16907.72
EONET_12600,Tropical Cyclone Vince,severeStorms,Severe Storms,2025-02-11,69.2,-26.9,US-MIAMI,Miami,United States,25.7617,-80.1918,16969.48
EONET_12600,Tropical Cyclone Vince,severeStorms,Severe Storms,2025-02-11,69.8,-27.9,US-MIAMI,Miami,United States,25.7617,-80.1918,17035.44
EONET_12600,Tropical Cyclone Vince,severeStorms,Severe Storms,2025-02-11,70.1,-28.9,US-MIAMI,Miami,United States,25.7617,-80.1918,17067.46
EONET_12600,Tropical Cyclone Vince,severeStorms,Severe Storms,2025-02-12,70.3,-30.0,US-MIAMI,Miami,United States,25.7617,-80.1918,17085.02
EONET_12619,"Blue Hills Wildfire, Moore, Texas",wildfires,Wildfires,2025-02-01,-101.65394,35.70057,US-DENVER,Denver,United States,39.7392,-104.9903,536.35
EONET_12594,Wildfire in Australia 1023459,wildfires,Wildfires,2025-01-31,129.5254345867185,-21.64408170376146,US-SAN_FRANCISCO,San Francisco,United States,37.7749,-122.4194,13007.32
EONET_12638,Wildfire in The Democratic Republic of Congo 1023476,wildfires,Wildfires,2025-01-31,29.691445600068988,4.391303135306596,US-MIAMI,Miami,United States,25.7617,-80.1918,11763.39
EONET_12639,Wildfire in Australia 1023477,wildfires,Wildfires,2025-01-31,133.2365228848466,-23.71304577349745,US-SAN_FRANCISCO,San Francisco,United States,37.7749,-122.4194,12808.64
EONET_12630,"BFR HFR Unit 9/10 RX Wildfire, Randall, Texas",wildfires,Wildfires,2025-01-31,-102.103892,34.895881,US-DALLAS,Dallas,United States,32.7767,-96.797,543.75
EONET_12628,"APQ Recreation Area 10 Rx  0131 Wildfire, Highlands, Florida",wildfires,Wildfires,2025-01-31,-81.201153,27.639541,US-MIAMI,Miami,United States,25.7617,-80.1918,231.63
EONET_12617,Iceberg A23B,seaLakeIce,Sea and Lake Ice,2025-01-31,-40.87,-56.79,US-MIAMI,Miami,United States,25.7617,-80.1918,9893.15
EONET_12617,Iceberg A23B,seaLakeIce,Sea and Lake Ice,2025-02-06,-40.94,-57.42,US-MIAMI,Miami,United States,25.7617,-80.1918,9948.28
EONET_12617,Iceberg A23B,seaLakeIce,Sea and Lake Ice,2025-02-14,-40.23,-57.81,US-MIAMI,Miami,United States,25.7617,-80.1918,10008.07
EONET_12617,Iceberg A23B,seaLakeIce,Sea and Lake Ice,2025-02-28,-39.53,-58.3,US-MIAMI,Miami,United States,25.7617,-80.1918,10076.34
EONET_12617,Iceberg A23B,seaLakeIce,Sea and Lake Ice,2025-03-13,-38.99,-57.41,US-MIAMI,Miami,United States,25.7617,-80.1918,10015.29
EONET_12618,Iceberg A84,seaLakeIce,Sea and Lake Ice,2025-01-31,-75.8,-72.69,US-MIAMI,Miami,United States,25.7617,-80.1918,10952.4
EONET_12618,Iceberg A84,seaLakeIce,Sea and Lake Ice,2025-02-06,-77.85,-72.19,US-MIAMI,Miami,United States,25.7617,-80.1918,10893.21
EONET_12618,Iceberg A84,seaLakeIce,Sea and Lake Ice,2025-02-14,-79.81,-72.06,US-MIAMI,Miami,United States,25.7617,-80.1918,10877.32
EONET_12618,Iceberg A84,seaLakeIce,Sea and Lake Ice,2025-02-28,-81.03,-72.88,US-MIAMI,Miami,United States,25.7617,-80.1918,10968.64
EONET_12618,Iceberg A84,seaLakeIce,Sea and Lake Ice,2025-03-13,-82.43,-73.6,US-MIAMI,Miami,United States,25.7617,-80.1918,11049.77
EONET_12618,Iceberg A84,seaLakeIce,Sea and Lake Ice,2025-03-21,-84.35,-73.44,US-MIAMI,Miami,United States,25.7617,-80.1918,11035.09
EONET_12618,Iceberg A84,seaLakeIce,Sea and Lake Ice,2025-04-04,-86.23,-72.86,US-MIAMI,Miami,United States,25.7617,-80.1918,10975.72
EONET_12618,Iceberg A84,seaLakeIce,Sea and Lake Ice,2025-04-11,-87.79,-72.71,US-MIAMI,Miami,United States,25.7617,-80.1918,10964.69
EONET_12618,Iceberg A84,seaLakeIce,Sea and Lake Ice,2025-04-18,-90.64,-72.11,US-MIAMI,Miami,United States,25.7617,-80.1918,10912.35
EONET_12618,Iceberg A84,seaLakeIce,Sea and Lake Ice,2025-04-24,-91.86,-72.4,US-MIAMI,Miami,United States,25.7617,-80.1918,10951.32
EONET_12618,Iceberg A84,seaLakeIce,Sea and Lake Ice,2025-05-09,-93.89,-72.42,US-MIAMI,Miami,United States,25.7617,-80.1918,10967.14
EONET_12618,Iceberg A84,seaLakeIce,Sea and Lake Ice,2025-05-16,-94.85,-72.04,US-MIAMI,Miami,United States,25.7617,-80.1918,10933.21
EONET_12618,Iceberg A84,seaLakeIce,Sea and Lake Ice,2026-01-02,-96.27,-71.64,US-MIAMI,Miami,United States,25.7617,-80.1918,10901.92
EONET_12618,Iceberg A84,seaLakeIce,Sea and Lake Ice,2026-01-30,-100.25,-71.61,US-MIAMI,Miami,United States,25.7617,-80.1918,10938.08
EONET_12618,Iceberg A84,seaLakeIce,Sea and Lake Ice,2026-02-26,-103.78,-72.35,US-MIAMI,Miami,United States,25.7617,-80.1918,11056.61
EONET_12618,Iceberg A84,seaLakeIce,Sea and Lake Ice,2026-03-26,-103.89,-73.1,US-MIAMI,Miami,United States,25.7617,-80.1918,11135.53
EONET_12618,Iceberg A84,seaLakeIce,Sea and Lake Ice,2026-04-10,-104.89,-73.86,US-MIAMI,Miami,United States,25.7617,-80.1918,11225.73
EONET_12618,Iceberg A84,seaLakeIce,Sea and Lake Ice,2026-04-24,-106.83,-73.24,US-MIAMI,Miami,United States,25.7617,-80.1918,11186.72
EONET_12595,Wildfire in Australia 1023460,wildfires,Wildfires,2025-01-30,129.76627104819855,-21.57456381971143,US-SAN_FRANCISCO,San Francisco,United States,37.7749,-122.4194,12982.17
EONET_12596,Wildfire in Australia 1023461,wildfires,Wildfires,2025-01-30,128.22824873414183,-21.908774378537625,US-SAN_FRANCISCO,San Francisco,United States,37.7749,-122.4194,13136.2
EONET_12660,Wildfire in Central African Republic 1023491,wildfires,Wildfires,2025-01-30,23.48879600480071,6.371227222863023,US-MIAMI,Miami,United States,25.7617,-80.1918,11053.62
EONET_12661,Wildfire in Australia 1023498,wildfires,Wildfires,2025-01-30,114.53919872604449,-26.72809886289526,US-SAN_FRANCISCO,San Francisco,United States,37.7749,-122.4194,14603.52
EONET_12629,"Fixed Wing Wildfire, Perry, Mississippi",wildfires,Wildfires,2025-01-30,-88.97825,31.130883,US-NEW_ORLEANS,New Orleans,United States,29.9511,-90.0715,167.84
EONET_12635,"Rx Camp 0251 Wildfire, Camp, Texas",wildfires,Wildfires,2025-01-30,-94.856,32.949027,US-DALLAS,Dallas,United States,32.7767,-96.797,182.3
EONET_12632,"APQ Recreation Area 10 Rx 0130 Wildfire, Highlands, Florida",wildfires,Wildfires,2025-01-30,-81.201153,27.639541,US-MIAMI,Miami,United States,25.7617,-80.1918,231.63
EONET_12634,"MiC 02 RX Wildfire, Escambia, Alabama",wildfires,Wildfires,2025-01-30,-86.741262,31.0947,US-NEW_ORLEANS,New Orleans,United States,29.9511,-90.0715,343.38
EONET_12631,"OSF CPT 34 35 Rx 0130 Wildfire, Baker, Florida",wildfires,Wildfires,2025-01-30,-82.315783,30.348833,US-MIAMI,Miami,United States,25.7617,-80.1918,550.97
EONET_12633,"FPR Big Pine Island Rx 0130 Wildfire, Collier, Florida",wildfires,Wildfires,2025-01-30,-81.375717,26.194033,US-MIAMI,Miami,United States,25.7617,-80.1918,127.74
EONET_12623,"NORTH FORK Wildfire, McDowell, North Carolina",wildfires,Wildfires,2025-01-29,-82.012972,35.780278,US-NEW_ORLEANS,New Orleans,United States,29.9511,-90.0715,992.59
EONET_12576,Wildfire in Australia 1023446,wildfires,Wildfires,2025-01-29,136.24833739827668,-21.28478969016617,US-SAN_FRANCISCO,San Francisco,United States,37.7749,-122.4194,12402.23
EONET_12577,Wildfire in Australia 1023447,wildfires,Wildfires,2025-01-29,129.99623318922966,-21.88545679030662,US-SAN_FRANCISCO,San Francisco,United States,37.7749,-122.4194,12980.72
EONET_12578,Wildfire in Australia 1023448,wildfires,Wildfires,2025-01-29,133.36242480924074,-23.61386299955419,US-SAN_FRANCISCO,San Francisco,United States,37.7749,-122.4194,12791.91
EONET_12579,Wildfire in Australia 1023449,wildfires,Wildfires,2025-01-29,130.06978055529294,-21.744266064008457,US-SAN_FRANCISCO,San Francisco,United States,37.7749,-122.4194,12965.88
EONET_12580,Wildfire in Australia 1023450,wildfires,Wildfires,2025-01-29,129.8340025202946,-21.896389066878967,US-SAN_FRANCISCO,San Francisco,United States,37.7749,-122.4194,12995.5
EONET_12581,Wildfire in Argentina 1023453,wildfires,Wildfires,2025-01-29,-64.99776701739984,-42.42085113643347,US-MIAMI,Miami,United States,25.7617,-80.1918,7740.27
EONET_12597,Wildfire in Australia 1023458,wildfires,Wildfires,2025-01-29,130.41058593591805,-21.986378553248763,US-SAN_FRANCISCO,San Francisco,United States,37.7749,-122.4194,12950.69
EONET_12601,Wildfire in Australia 1023464,wildfires,Wildfires,2025-01-29,121.3404813531587,-22.63570407297024,US-SAN_FRANCISCO,San Francisco,United States,37.7749,-122.4194,13781.39
EONET_12602,Wildfire in Australia 1023465,wildfires,Wildfires,2025-01-29,130.52624581854514,-21.968328145153276,US-SAN_FRANCISCO,San Francisco,United States,37.7749,-122.4194,12939.55
EONET_12603,Wildfire in Argentina 1023466,wildfires,Wildfires,2025-01-29,-71.27855558190157,-39.549283063006605,US-MIAMI,Miami,United States,25.7617,-80.1918,7320.93
EONET_12604,Wildfire in The Democratic Republic of Congo 1023467,wildfires,Wildfires,2025-01-29,26.344467867976064,4.7114204743932655,US-MIAMI,Miami,United States,25.7617,-80.1918,11419.21
EONET_12605,Wildfire in Australia 1023468,wildfires,Wildfires,2025-01-29,136.0485708807638,-21.24119156101582,US-SAN_FRANCISCO,San Francisco,United States,37.7749,-122.4194,12416.8
EONET_12613,Wildfire in The Democratic Republic of Congo 1023473,wildfires,Wildfires,2025-01-29,29.54600839192834,4.169479291926629,US-MIAMI,Miami,United States,25.7617,-80.1918,11760.88
EONET_12643,Wildfire in Australia 1023482,wildfires,Wildfires,2025-01-29,135.37777735987646,-18.171704188049798,US-SAN_FRANCISCO,San Francisco,United States,37.7749,-122.4194,12284.12
EONET_12650,Wildfire in Argentina 1023484,wildfires,Wildfires,2025-01-29,-71.57446270555205,-41.87159400914621,US-MIAMI,Miami,United States,25.7617,-80.1918,7572.55
EONET_12662,Wildfire in Central African Republic 1023492,wildfires,Wildfires,2025-01-29,25.627342431436055,6.526968954050283,US-MIAMI,Miami,United States,25.7617,-80.1918,11254.73
EONET_12627,"Cahas Mounttain Fire Wildfire, Franklin, Virginia",wildfires,Wildfires,2025-01-29,-80.0352778,37.1205556,US-NEW_ORLEANS,New Orleans,United States,29.9511,-90.0715,1223.74
EONET_12624,"BIG SPRINGS Wildfire, Delaware, Oklahoma",wildfires,Wildfires,2025-01-29,-94.902576,36.305556,US-DALLAS,Dallas,United States,32.7767,-96.797,429.02
EONET_12637,"OSF CPT 129 19 RX 0129 Wildfire, Columbia, Florida",wildfires,Wildfires,2025-01-29,-82.591117,30.407667,US-MIAMI,Miami,United States,25.7617,-80.1918,567.65
EONET_12636,"EVP HID Rx 0129 Wildfire, Miami-Dade, Florida",wildfires,Wildfires,2025-01-29,-80.729517,25.359967,US-MIAMI,Miami,United States,25.7617,-80.1918,70.04
EONET_12541,Tropical Cyclone Elvis,severeStorms,Severe Storms,2025-01-29,43.5,-25.5,US-MIAMI,Miami,United States,25.7617,-80.1918,14415.93
EONET_12541,Tropical Cyclone Elvis,severeStorms,Severe Storms,2025-01-29,42.6,-25.0,US-MIAMI,Miami,United States,25.7617,-80.1918,14314.87
EONET_12541,Tropical Cyclone Elvis,severeStorms,Severe Storms,2025-01-29,42.6,-24.8,US-MIAMI,Miami,United States,25.7617,-80.1918,14309.48
EONET_12541,Tropical Cyclone Elvis,severeStorms,Severe Storms,2025-01-29,43.2,-25.8,US-MIAMI,Miami,United States,25.7617,-80.1918,14394.28
EONET_12541,Tropical Cyclone Elvis,severeStorms,Severe Storms,2025-01-30,43.7,-25.7,US-MIAMI,Miami,United States,25.7617,-80.1918,14440.53
EONET_12541,Tropical Cyclone Elvis,severeStorms,Severe Storms,2025-01-30,44.2,-26.8,US-MIAMI,Miami,United States,25.7617,-80.1918,14515.82
EONET_12541,Tropical Cyclone Elvis,severeStorms,Severe Storms,2025-01-30,45.6,-28.3,US-MIAMI,Miami,United States,25.7617,-80.1918,14683.58
EONET_12541,Tropical Cyclone Elvis,severeStorms,Severe Storms,2025-01-30,46.8,-29.5,US-MIAMI,Miami,United States,25.7617,-80.1918,14820.94
EONET_12541,Tropical Cyclone Elvis,severeStorms,Severe Storms,2025-01-31,47.6,-30.6,US-MIAMI,Miami,United States,25.7617,-80.1918,14914.48
EONET_12541,Tropical Cyclone Elvis,severeStorms,Severe Storms,2025-01-31,48.5,-31.7,US-MIAMI,Miami,United States,25.7617,-80.1918,15013.88
EONET_12541,Tropical Cyclone Elvis,severeStorms,Severe Storms,2025-01-31,49.4,-32.7,US-MIAMI,Miami,United States,25.7617,-80.1918,15108.47
EONET_12541,Tropical Cyclone Elvis,severeStorms,Severe Storms,2025-01-31,51.9,-34.1,US-MIAMI,Miami,United States,25.7617,-80.1918,15348.93
EONET_12606,Wildfire in Central African Republic 1023462,wildfires,Wildfires,2025-01-28,20.755136879863,7.2170449334925735,US-MIAMI,Miami,United States,25.7617,-80.1918,10742.27
EONET_12607,Wildfire in Argentina 1023469,wildfires,Wildfires,2025-01-28,-71.53338735597129,-44.11259937851845,US-MIAMI,Miami,United States,25.7617,-80.1918,7819.6
EONET_12608,Wildfire in Central African Republic 1023463,wildfires,Wildfires,2025-01-28,24.54248508156241,6.542163458246979,US-MIAMI,Miami,United States,25.7617,-80.1918,11147.96
EONET_12614,Wildfire in The Democratic Republic of Congo 1023470,wildfires,Wildfires,2025-01-28,26.37529569387727,4.461904024310162,US-MIAMI,Miami,United States,25.7617,-80.1918,11435.14
EONET_12644,Wildfire in Central African Republic 1023480,wildfires,Wildfires,2025-01-28,21.285451024725283,7.590988359496671,US-MIAMI,Miami,United States,25.7617,-80.1918,10775.3
EONET_12651,Wildfire in Central African Republic 1023487,wildfires,Wildfires,2025-01-28,25.136092727396697,6.919191198615752,US-MIAMI,Miami,United States,25.7617,-80.1918,11186.37
EONET_12652,Wildfire in Argentina 1023488,wildfires,Wildfires,2025-01-28,-60.447795168425365,-28.72112020073024,US-MIAMI,Miami,United States,25.7617,-80.1918,6414.72
EONET_12549,"RX Cottle 0244 Wildfire, Cottle, Texas",wildfires,Wildfires,2025-01-28,-100.4166667,34.13333333,US-DALLAS,Dallas,United States,32.7767,-96.797,368.1
EONET_12542,Tropical Cyclone Faida,severeStorms,Severe Storms,2025-01-28,76.2,-11.7,US-SACRAMENTO,Sacramento,United States,38.5816,-121.4944,16550.29
EONET_12542,Tropical Cyclone Faida,severeStorms,Severe Storms,2025-01-28,76.4,-12.2,US-SACRAMENTO,Sacramento,United States,38.5816,-121.4944,16589.44
EONET_12542,Tropical Cyclone Faida,severeStorms,Severe Storms,2025-01-29,76.1,-12.7,US-SACRAMENTO,Sacramento,United States,38.5816,-121.4944,16653.82
EONET_12542,Tropical Cyclone Faida,severeStorms,Severe Storms,2025-01-29,75.4,-14.0,US-SACRAMENTO,Sacramento,United States,38.5816,-121.4944,16817.01
EONET_12542,Tropical Cyclone Faida,severeStorms,Severe Storms,2025-01-29,75.0,-14.6,US-SACRAMENTO,Sacramento,United States,38.5816,-121.4944,16896.17
EONET_12542,Tropical Cyclone Faida,severeStorms,Severe Storms,2025-01-29,74.4,-15.3,US-SACRAMENTO,Sacramento,United States,38.5816,-121.4944,16995.18
EONET_12542,Tropical Cyclone Faida,severeStorms,Severe Storms,2025-01-30,72.7,-16.0,US-MIAMI,Miami,United States,25.7617,-80.1918,17004.6
EONET_12542,Tropical Cyclone Faida,severeStorms,Severe Storms,2025-01-30,71.2,-16.3,US-MIAMI,Miami,United States,25.7617,-80.1918,16873.47
EONET_12542,Tropical Cyclone Faida,severeStorms,Severe Storms,2025-01-30,69.9,-16.6,US-MIAMI,Miami,United States,25.7617,-80.1918,16760.12
EONET_12542,Tropical Cyclone Faida,severeStorms,Severe Storms,2025-01-30,68.5,-16.2,US-MIAMI,Miami,United States,25.7617,-80.1918,16605.39
EONET_12542,Tropical Cyclone Faida,severeStorms,Severe Storms,2025-01-31,67.3,-16.1,US-MIAMI,Miami,United States,25.7617,-80.1918,16483.27
EONET_12542,Tropical Cyclone Faida,severeStorms,Severe Storms,2025-01-31,66.5,-15.7,US-MIAMI,Miami,United States,25.7617,-80.1918,16387.1
EONET_12542,Tropical Cyclone Faida,severeStorms,Severe Storms,2025-01-31,65.6,-16.9,US-MIAMI,Miami,United States,25.7617,-80.1918,16349.35
EONET_12542,Tropical Cyclone Faida,severeStorms,Severe Storms,2025-01-31,64.0,-16.9,US-MIAMI,Miami,United States,25.7617,-80.1918,16190.75
EONET_12542,Tropical Cyclone Faida,severeStorms,Severe Storms,2025-02-01,62.3,-17.1,US-MIAMI,Miami,United States,25.7617,-80.1918,16029.68
EONET_12542,Tropical Cyclone Faida,severeStorms,Severe Storms,2025-02-01,61.8,-17.0,US-MIAMI,Miami,United States,25.7617,-80.1918,15976.01
EONET_12542,Tropical Cyclone Faida,severeStorms,Severe Storms,2025-02-01,60.8,-17.6,US-MIAMI,Miami,United States,25.7617,-80.1918,15899.28
EONET_12542,Tropical Cyclone Faida,severeStorms,Severe Storms,2025-02-01,59.7,-18.1,US-MIAMI,Miami,United States,25.7617,-80.1918,15807.77
EONET_12542,Tropical Cyclone Faida,severeStorms,Severe Storms,2025-02-02,58.8,-18.5,US-MIAMI,Miami,United States,25.7617,-80.1918,15731.99
EONET_12542,Tropical Cyclone Faida,severeStorms,Severe Storms,2025-02-02,57.0,-19.3,US-MIAMI,Miami,United States,25.7617,-80.1918,15579.11
EONET_12542,Tropical Cyclone Faida,severeStorms,Severe Storms,2025-02-02,55.8,-19.3,US-MIAMI,Miami,United States,25.7617,-80.1918,15458.94
EONET_12542,Tropical Cyclone Faida,severeStorms,Severe Storms,2025-02-02,53.1,-18.3,US-MIAMI,Miami,United States,25.7617,-80.1918,15154.31
EONET_12542,Tropical Cyclone Faida,severeStorms,Severe Storms,2025-02-03,51.2,-18.3,US-MIAMI,Miami,United States,25.7617,-80.1918,14964.04
EONET_12542,Tropical Cyclone Faida,severeStorms,Severe Storms,2025-02-03,52.1,-18.1,US-MIAMI,Miami,United States,25.7617,-80.1918,15047.09
EONET_12542,Tropical Cyclone Faida,severeStorms,Severe Storms,2025-02-03,50.5,-18.1,US-MIAMI,Miami,United States,25.7617,-80.1918,14886.87
EONET_12542,Tropical Cyclone Faida,severeStorms,Severe Storms,2025-02-03,51.3,-19.2,US-MIAMI,Miami,United States,25.7617,-80.1918,15005.06
EONET_12542,Tropical Cyclone Faida,severeStorms,Severe Storms,2025-02-04,49.9,-18.4,US-MIAMI,Miami,United States,25.7617,-80.1918,14837.4
EONET_12542,Tropical Cyclone Faida,severeStorms,Severe Storms,2025-02-04,50.0,-18.8,US-MIAMI,Miami,United States,25.7617,-80.1918,14861.32
EONET_12542,Tropical Cyclone Faida,severeStorms,Severe Storms,2025-02-04,50.4,-19.6,US-MIAMI,Miami,United States,25.7617,-80.1918,14928.35
EONET_12542,Tropical Cyclone Faida,severeStorms,Severe Storms,2025-02-04,49.6,-20.1,US-MIAMI,Miami,United States,25.7617,-80.1918,14864.7
EONET_12542,Tropical Cyclone Faida,severeStorms,Severe Storms,2025-02-05,48.7,-20.4,US-MIAMI,Miami,United States,25.7617,-80.1918,14784.45
EONET_12547,"Rx Big Flat Wildfire, Johnson, Arkansas",wildfires,Wildfires,2025-01-28,-93.687909,35.654283,US-DALLAS,Dallas,United States,32.7767,-96.797,429.03
EONET_12548,"Buttram RX Wildfire, Ozark, Missouri",wildfires,Wildfires,2025-01-28,-92.764833,36.702667,US-DALLAS,Dallas,United States,32.7767,-96.797,571.11
EONET_12545,"OCF Bowers Bluff/Mud Lake Rx 0128 Wildfire, Lake, Florida",wildfires,Wildfires,2025-01-28,-81.538667,29.095167,US-MIAMI,Miami,United States,25.7617,-80.1918,393.77
EONET_12546,"ANF BU 312 Rx 0128 Wildfire, Wakulla, Florida",wildfires,Wildfires,2025-01-28,-84.647,30.196,US-NEW_ORLEANS,New Orleans,United States,29.9511,-90.0715,522.64
EONET_12565,Wildfire in Australia 1023430,wildfires,Wildfires,2025-01-27,128.53236848328459,-20.88336116083613,US-SAN_FRANCISCO,San Francisco,United States,37.7749,-122.4194,13048.38
EONET_12566,Wildfire in Australia 1023431,wildfires,Wildfires,2025-01-27,133.55486210204344,-23.6954090111821,US-SAN_FRANCISCO,San Francisco,United States,37.7749,-122.4194,12780.17
EONET_12567,Wildfire in Australia 1023434,wildfires,Wildfires,2025-01-27,137.05208275210717,-20.47876545478382,US-SAN_FRANCISCO,San Francisco,United States,37.7749,-122.4194,12283.0
EONET_12582,Wildfire in The Democratic Republic of Congo 1023439,wildfires,Wildfires,2025-01-27,29.461207611977972,4.270072900099985,US-MIAMI,Miami,United States,25.7617,-80.1918,11747.3
EONET_12583,Wildfire in Australia 1023454,wildfires,Wildfires,2025-01-27,147.53775362853253,-29.793679739330724,US-SAN_FRANCISCO,San Francisco,United States,37.7749,-122.4194,11981.37
EONET_12584,Wildfire in Australia 1023451,wildfires,Wildfires,2025-01-27,130.57027694561188,-22.799132904857977,US-SAN_FRANCISCO,San Francisco,United States,37.7749,-122.4194,12985.13
EONET_12585,Wildfire in Senegal 1023452,wildfires,Wildfires,2025-01-27,-12.933448242081461,13.012954372032757,US-MIAMI,Miami,United States,25.7617,-80.1918,7125.63
EONET_12586,Wildfire in Sudan 1023438,wildfires,Wildfires,2025-01-27,31.8502560904744,8.896386720677828,US-MIAMI,Miami,United States,25.7617,-80.1918,11727.55
EONET_12598,Wildfire in Central African Republic 1023456,wildfires,Wildfires,2025-01-27,23.876386527319223,7.1993776159901754,US-MIAMI,Miami,United States,25.7617,-80.1918,11048.88
EONET_12615,Wildfire in Central African Republic 1023471,wildfires,Wildfires,2025-01-27,25.0126396242242,6.604124756620417,US-MIAMI,Miami,United States,25.7617,-80.1918,11190.7
EONET_12645,Wildfire in Chad 1023478,wildfires,Wildfires,2025-01-27,19.600395279239702,10.73437955446191,US-MIAMI,Miami,United States,25.7617,-80.1918,10450.93
EONET_12653,Wildfire in Australia 1023489,wildfires,Wildfires,2025-01-27,130.65086491802245,-21.83254646420518,US-SAN_FRANCISCO,San Francisco,United States,37.7749,-122.4194,12920.59
EONET_12551,"GRASS RX Wildfire, Bernalillo, New Mexico",wildfires,Wildfires,2025-01-27,-106.499783,35.038367,US-DENVER,Denver,United States,39.7392,-104.9903,539.43
EONET_12550,"FPR Ridge Road Rx 0127 Wildfire, Collier, Florida",wildfires,Wildfires,2025-01-27,-81.354117,26.18145,US-MIAMI,Miami,United States,25.7617,-80.1918,125.21
EONET_12531,Wildfire in Australia 1023424,wildfires,Wildfires,2025-01-26,142.26831861566103,-37.39018998001453,US-SAN_FRANCISCO,San Francisco,United States,37.7749,-122.4194,12840.22
EONET_12568,Wildfire in Sudan 1023433,wildfires,Wildfires,2025-01-26,33.64880139151565,7.3367814061969465,US-MIAMI,Miami,United States,25.7617,-80.1918,11985.76
EONET_12569,Wildfire in Australia 1023435,wildfires,Wildfires,2025-01-26,130.70949808302024,-22.03345377254713,US-SAN_FRANCISCO,San Francisco,United States,37.7749,-122.4194,12927.51
EONET_12570,Wildfire in Burkina Faso 1023436,wildfires,Wildfires,2025-01-26,0.49081958160892775,11.453506668235889,US-MIAMI,Miami,United States,25.7617,-80.1918,8534.13
EONET_12587,Wildfire in Australia 1023455,wildfires,Wildfires,2025-01-26,142.32325318877983,-37.108913005351596,US-SAN_FRANCISCO,San Francisco,United States,37.7749,-122.4194,12820.62
EONET_12599,Wildfire in Guinea 1023457,wildfires,Wildfires,2025-01-26,-9.727618384364476,9.39538873791439,US-MIAMI,Miami,United States,25.7617,-80.1918,7606.09
EONET_12554,"APQ Rec Area 5 Rx 0126 Wildfire, Polk, Florida",wildfires,Wildfires,2025-01-26,-81.245628,27.723578,US-MIAMI,Miami,United States,25.7617,-80.1918,241.95
EONET_12553,"BCP Boot Hill Echo 0126 Rx Wildfire, Collier, Florida",wildfires,Wildfires,2025-01-26,-81.119033,25.99505,US-MIAMI,Miami,United States,25.7617,-80.1918,96.32
EONET_12571,Wildfire in Australia 1023432,wildfires,Wildfires,2025-01-25,126.5488084885653,-22.037281256641645,US-SAN_FRANCISCO,San Francisco,United States,37.7749,-122.4194,13290.44
EONET_12559,"Rx Anderson 0224 Wildfire, Anderson, Texas",wildfires,Wildfires,2025-01-25,-95.646472,31.963781,US-DALLAS,Dallas,United States,32.7767,-96.797,140.87
EONET_12560,"Rx Camp 0219 Wildfire, Camp, Texas",wildfires,Wildfires,2025-01-25,-94.795964,32.912309,US-DALLAS,Dallas,United States,32.7767,-96.797,187.54
EONET_12556,"ANF Sandy Creek COMP 73/74/75 RX Wildfire, Angelina, Texas",wildfires,Wildfires,2025-01-25,-94.221833,31.100967,US-HOUSTON,Houston,United States,29.7604,-95.3698,185.29
EONET_12558,"RX CALE C-373 Wildfire, Rapides, Louisiana",wildfires,Wildfires,2025-01-25,-92.5479,31.1223,US-NEW_ORLEANS,New Orleans,United States,29.9511,-90.0715,270.56
EONET_12557,"BCP Boot Hill Echo Rx 0125 Wildfire, Collier, Florida",wildfires,Wildfires,2025-01-25,-81.119033,25.99505,US-MIAMI,Miami,United States,25.7617,-80.1918,96.32
EONET_12516,Wildfire in Australia 1023406,wildfires,Wildfires,2025-01-24,134.38004849294296,-19.080078881179855,US-SAN_FRANCISCO,San Francisco,United States,37.7749,-122.4194,12427.87
EONET_12532,"Wildfire in Sudan, Central African Republic 1023417",wildfires,Wildfires,2025-01-24,26.47168101225164,6.1079861834422955,US-MIAMI,Miami,United States,25.7617,-80.1918,11358.99
EONET_12572,Wildfire in Central African Republic 1023428,wildfires,Wildfires,2025-01-24,23.601687852250752,7.681942136359429,US-MIAMI,Miami,United States,25.7617,-80.1918,10997.11
EONET_12573,Wildfire in Benin 1023437,wildfires,Wildfires,2025-01-24,2.685864166391419,11.781485004998006,US-MIAMI,Miami,United States,25.7617,-80.1918,8737.34
EONET_12588,Wildfire in Central African Republic 1023440,wildfires,Wildfires,2025-01-24,25.74499923763562,6.556596691689325,US-MIAMI,Miami,United States,25.7617,-80.1918,11264.66
EONET_12616,Wildfire in Central African Republic 1023475,wildfires,Wildfires,2025-01-24,25.059919627027313,6.587240195930185,US-MIAMI,Miami,United States,25.7617,-80.1918,11196.19
EONET_12646,Wildfire in Ghana 1023481,wildfires,Wildfires,2025-01-24,-2.8735749802971253,7.044105874080034,US-MIAMI,Miami,United States,25.7617,-80.1918,8400.85
EONET_12843,"RX WINN C-84 Wildfire, Winn, Louisiana",wildfires,Wildfires,2025-01-24,-92.545833,31.850833,US-NEW_ORLEANS,New Orleans,United States,29.9511,-90.0715,316.77
EONET_12561,"RX CAT C65-66 Wildfire, Grant, Louisiana",wildfires,Wildfires,2025-01-24,-92.54385,31.552117,US-NEW_ORLEANS,New Orleans,United States,29.9511,-90.0715,295.81
EONET_12562,"BCP Boothill Echo Rx 0124 Wildfire, Collier, Florida",wildfires,Wildfires,2025-01-24,-81.119033,25.99505,US-MIAMI,Miami,United States,25.7617,-80.1918,96.32
EONET_12552,"Hubbard Barbaree RX Wildfire, Clay, Alabama",wildfires,Wildfires,2025-01-23,-85.891111,33.439444,US-NEW_ORLEANS,New Orleans,United States,29.9511,-90.0715,553.86
EONET_12507,Wildfire in Mexico 1023393,wildfires,Wildfires,2025-01-23,-116.37322751142813,31.724787241878797,US-LOS_ANGELES,Los Angeles,United States,34.0522,-118.2437,312.2
EONET_12508,Wildfire in Mali 1023400,wildfires,Wildfires,2025-01-23,3.3073357069855387,15.978467335760367,US-MIAMI,Miami,United States,25.7617,-80.1918,8609.58
EONET_12509,Wildfire in Australia 1023396,wildfires,Wildfires,2025-01-23,134.7105768112027,-20.398595554411198,US-SAN_FRANCISCO,San Francisco,United States,37.7749,-122.4194,12480.79
EONET_12517,Wildfire in Australia 1023407,wildfires,Wildfires,2025-01-23,141.25320940587116,-21.823154313911843,US-SAN_FRANCISCO,San Francisco,United States,37.7749,-122.4194,12006.16
EONET_12518,Wildfire in Australia 1023408,wildfires,Wildfires,2025-01-23,131.41137712176814,-21.161524269874647,US-SAN_FRANCISCO,San Francisco,United States,37.7749,-122.4194,12814.05
EONET_12519,Wildfire in Central African Republic 1023402,wildfires,Wildfires,2025-01-23,23.781454601735984,7.204621254029128,US-MIAMI,Miami,United States,25.7617,-80.1918,11039.33
EONET_12533,Wildfire in Australia 1023422,wildfires,Wildfires,2025-01-23,140.22887240711827,-20.68107420454767,US-SAN_FRANCISCO,San Francisco,United States,37.7749,-122.4194,12022.08
EONET_12534,Wildfire in Central African Republic 1023419,wildfires,Wildfires,2025-01-23,24.9667888539489,6.700097422951898,US-MIAMI,Miami,United States,25.7617,-80.1918,11181.24
EONET_12535,Wildfire in Australia 1023425,wildfires,Wildfires,2025-01-23,133.56402366360498,-20.579189452891754,US-SAN_FRANCISCO,San Francisco,United States,37.7749,-122.4194,12591.43
EONET_12589,Wildfire in Central African Republic 1023442,wildfires,Wildfires,2025-01-23,21.295372552036213,7.932238558926085,US-MIAMI,Miami,United States,25.7617,-80.1918,10758.89
EONET_12590,Wildfire in Sudan 1023441,wildfires,Wildfires,2025-01-23,26.65846224045128,6.705074429748912,US-MIAMI,Miami,United States,25.7617,-80.1918,11345.9
EONET_12543,"BORDER 2 Wildfire, San Diego, California",wildfires,Wildfires,2025-01-23,-116.841271,32.600524,US-LOS_ANGELES,Los Angeles,United States,34.0522,-118.2437,207.44
EONET_12555,"DCNF COMP 27 RX Wildfire, Houston, Texas",wildfires,Wildfires,2025-01-23,-95.080147,31.42057,US-HOUSTON,Houston,United States,29.7604,-95.3698,186.67
EONET_12563,"Redbank RX Wildfire, Pennington, South Dakota",wildfires,Wildfires,2025-01-23,-103.935533,43.992117,US-DENVER,Denver,United States,39.7392,-104.9903,480.89
EONET_12502,Wildfire in Australia 1023391,wildfires,Wildfires,2025-01-22,137.69269414198752,-21.69205573182248,US-SAN_FRANCISCO,San Francisco,United States,37.7749,-122.4194,12302.87
EONET_12503,Wildfire in Australia 1023392,wildfires,Wildfires,2025-01-22,119.64922948625868,-32.050764362710375,US-SAN_FRANCISCO,San Francisco,United States,37.7749,-122.4194,14422.91
EONET_12510,Wildfire in Burkina Faso 1023401,wildfires,Wildfires,2025-01-22,-1.4673808092817984,13.586130211170978,US-MIAMI,Miami,United States,25.7617,-80.1918,8244.15
EONET_12511,"Wildfire in Sudan, Central African Republic 1023397",wildfires,Wildfires,2025-01-22,26.549608165786484,6.098686187696297,US-MIAMI,Miami,United States,25.7617,-80.1918,11367.08
EONET_12520,Wildfire in Australia 1023409,wildfires,Wildfires,2025-01-22,141.39129930892824,-21.856100928187576,US-SAN_FRANCISCO,San Francisco,United States,37.7749,-122.4194,11996.45
EONET_12521,Wildfire in Central African Republic 1023403,wildfires,Wildfires,2025-01-22,25.91995736862296,6.8331246646720025,US-MIAMI,Miami,United States,25.7617,-80.1918,11267.28
EONET_12526,Wildfire in Central African Republic 1023415,wildfires,Wildfires,2025-01-22,24.256649013390984,7.5841122244415,US-MIAMI,Miami,United States,25.7617,-80.1918,11066.05
EONET_12527,Wildfire in Central African Republic 1023416,wildfires,Wildfires,2025-01-22,23.764768315491057,7.267330153046085,US-MIAMI,Miami,United States,25.7617,-80.1918,11034.46
EONET_12536,Wildfire in Central African Republic 1023426,wildfires,Wildfires,2025-01-22,26.68604940892622,5.763256592769755,US-MIAMI,Miami,United States,25.7617,-80.1918,11397.94
EONET_12537,Wildfire in The Democratic Republic of Congo 1023423,wildfires,Wildfires,2025-01-22,29.54241317313306,4.01911380504089,US-MIAMI,Miami,United States,25.7617,-80.1918,11768.44
EONET_12538,Wildfire in Central African Republic 1023420,wildfires,Wildfires,2025-01-22,25.091297584432013,6.7545981231062,US-MIAMI,Miami,United States,25.7617,-80.1918,11190.56
EONET_12574,Wildfire in Sudan 1023427,wildfires,Wildfires,2025-01-22,31.603239169720382,8.94059994269145,US-MIAMI,Miami,United States,25.7617,-80.1918,11701.58
EONET_12591,Wildfire in The Democratic Republic of Congo 1023443,wildfires,Wildfires,2025-01-22,29.734615007658604,4.336038515922353,US-MIAMI,Miami,United States,25.7617,-80.1918,11770.52
EONET_12544,"HUGHES Wildfire, Los Angeles, California",wildfires,Wildfires,2025-01-22,-118.559217,34.543023,US-LOS_ANGELES,Los Angeles,United States,34.0522,-118.2437,61.8
EONET_12564,"D-7 Bear RX Wildfire, Navajo, Arizona",wildfires,Wildfires,2025-01-22,-110.212133,34.25595,US-PHOENIX,Phoenix,United States,33.4484,-112.074,193.97
EONET_12522,Wildfire in Sudan 1023404,wildfires,Wildfires,2025-01-21,32.34030216683976,8.722052538647928,US-MIAMI,Miami,United States,25.7617,-80.1918,11783.87
EONET_12528,Wildfire in Central African Republic 1023412,wildfires,Wildfires,2025-01-21,21.91508754106496,8.157632765255649,US-MIAMI,Miami,United States,25.7617,-80.1918,10807.97
EONET_12529,Wildfire in Central African Republic 1023413,wildfires,Wildfires,2025-01-21,25.98875937334182,6.744350843999465,US-MIAMI,Miami,United States,25.7617,-80.1918,11278.62
EONET_12575,Wildfire in Nigeria 1023429,wildfires,Wildfires,2025-01-21,11.362924116958574,7.8367224763728744,US-MIAMI,Miami,United States,25.7617,-80.1918,9784.16
EONET_12592,Wildfire in Central African Republic 1023444,wildfires,Wildfires,2025-01-21,21.14377901442735,7.3491119452343,US-MIAMI,Miami,United States,25.7617,-80.1918,10773.72
EONET_12593,Wildfire in Nigeria 1023445,wildfires,Wildfires,2025-01-21,11.452327533308084,7.892386383174827,US-MIAMI,Miami,United States,25.7617,-80.1918,9790.34
EONET_13383,Flood in Indonesia 1103103,floods,Floods,2025-01-20,107.6404716,-6.8891904,US-SAN_FRANCISCO,San Francisco,United States,37.7749,-122.4194,13928.01
EONET_12498,Wildfire in Sudan 1023384,wildfires,Wildfires,2025-01-20,26.85266626351784,6.615419856825279,US-MIAMI,Miami,United States,25.7617,-80.1918,11369.52
EONET_12504,Wildfire in Colombia 1023390,wildfires,Wildfires,2025-01-20,-68.52812867969303,5.982303785656416,US-MIAMI,Miami,United States,25.7617,-80.1918,2524.63
EONET_12512,Wildfire in Central African Republic 1023398,wildfires,Wildfires,2025-01-20,24.573898604345196,7.256387123481471,US-MIAMI,Miami,United States,25.7617,-80.1918,11114.0
EONET_12513,Wildfire in Central African Republic 1023394,wildfires,Wildfires,2025-01-20,24.83139570507956,7.345413921117982,US-MIAMI,Miami,United States,25.7617,-80.1918,11134.47
EONET_12539,Wildfire in Sudan 1023418,wildfires,Wildfires,2025-01-20,26.98873017050219,6.666161404898235,US-MIAMI,Miami,United States,25.7617,-80.1918,11380.08
EONET_12540,Wildfire in Central African Republic 1023421,wildfires,Wildfires,2025-01-20,19.64024871587587,7.884066761994765,US-MIAMI,Miami,United States,25.7617,-80.1918,10599.1
EONET_12640,"Puracé Volcano, Colombia",volcanoes,Volcanoes,2025-01-20,-76.4,2.32,US-MIAMI,Miami,United States,25.7617,-80.1918,2637.97
EONET_12514,Wildfire in Chad 1023399,wildfires,Wildfires,2025-01-19,18.28788429900183,10.205279962666301,US-MIAMI,Miami,United States,25.7617,-80.1918,10349.81
EONET_12515,Wildfire in Ethiopia 1023395,wildfires,Wildfires,2025-01-19,34.346772348557046,7.341853267579223,US-MIAMI,Miami,United States,25.7617,-80.1918,12052.0
EONET_12530,Wildfire in Central African Republic 1023414,wildfires,Wildfires,2025-01-19,26.43200412145335,6.181797933976179,US-MIAMI,Miami,United States,25.7617,-80.1918,11351.26
EONET_12499,Wildfire in Central African Republic 1023385,wildfires,Wildfires,2025-01-18,25.018956451952462,6.855641426990895,US-MIAMI,Miami,United States,25.7617,-80.1918,11178.25
EONET_12505,Wildfire in Chile 1023388,wildfires,Wildfires,2025-01-18,-72.80214481008075,-37.923025622132336,US-MIAMI,Miami,United States,25.7617,-80.1918,7123.29
EONET_12506,Wildfire in Senegal 1023389,wildfires,Wildfires,2025-01-18,-12.992122839026663,12.976353057355581,US-MIAMI,Miami,United States,25.7617,-80.1918,7121.32
EONET_12523,Wildfire in Central African Republic 1023410,wildfires,Wildfires,2025-01-18,24.42158559408052,7.181224669158938,US-MIAMI,Miami,United States,25.7617,-80.1918,11103.04
EONET_12524,Wildfire in Central African Republic 1023411,wildfires,Wildfires,2025-01-18,24.497252713447917,7.270970996872754,US-MIAMI,Miami,United States,25.7617,-80.1918,11105.77
EONET_12487,"BRR Canvasback RX Wildfire, Brazoria, Texas",wildfires,Wildfires,2025-01-18,-95.266185,29.131072,US-HOUSTON,Houston,United States,29.7604,-95.3698,70.69
EONET_12488,"BRR Walker Ditch RX Wildfire, Brazoria, Texas",wildfires,Wildfires,2025-01-18,-95.269524,29.130928,US-HOUSTON,Houston,United States,29.7604,-95.3698,70.66
EONET_12497,Tropical Cyclone Sean,severeStorms,Severe Storms,2025-01-18,119.1,-19.3,US-SAN_FRANCISCO,San Francisco,United States,37.7749,-122.4194,13780.54
EONET_12497,Tropical Cyclone Sean,severeStorms,Severe Storms,2025-01-18,118.1,-19.3,US-SAN_FRANCISCO,San Francisco,United States,37.7749,-122.4194,13868.41
EONET_12497,Tropical Cyclone Sean,severeStorms,Severe Storms,2025-01-18,117.8,-19.0,US-SAN_FRANCISCO,San Francisco,United States,37.7749,-122.4194,13876.47
EONET_12497,Tropical Cyclone Sean,severeStorms,Severe Storms,2025-01-18,117.3,-19.2,US-SAN_FRANCISCO,San Francisco,United States,37.7749,-122.4194,13932.59
EONET_12497,Tropical Cyclone Sean,severeStorms,Severe Storms,2025-01-19,116.3,-19.4,US-SAN_FRANCISCO,San Francisco,United States,37.7749,-122.4194,14032.58
EONET_12497,Tropical Cyclone Sean,severeStorms,Severe Storms,2025-01-19,115.2,-19.6,US-SAN_FRANCISCO,San Francisco,United States,37.7749,-122.4194,14141.29
EONET_12497,Tropical Cyclone Sean,severeStorms,Severe Storms,2025-01-19,114.4,-20.2,US-SAN_FRANCISCO,San Francisco,United States,37.7749,-122.4194,14247.76
EONET_12497,Tropical Cyclone Sean,severeStorms,Severe Storms,2025-01-19,113.4,-20.4,US-SAN_FRANCISCO,San Francisco,United States,37.7749,-122.4194,14347.53
EONET_12497,Tropical Cyclone Sean,severeStorms,Severe Storms,2025-01-20,112.3,-21.0,US-SAN_FRANCISCO,San Francisco,United States,37.7749,-122.4194,14479.88
EONET_12497,Tropical Cyclone Sean,severeStorms,Severe Storms,2025-01-20,111.6,-21.7,US-SAN_FRANCISCO,San Francisco,United States,37.7749,-122.4194,14582.65
EONET_12497,Tropical Cyclone Sean,severeStorms,Severe Storms,2025-01-20,110.9,-22.4,US-SAN_FRANCISCO,San Francisco,United States,37.7749,-122.4194,14684.88
EONET_12497,Tropical Cyclone Sean,severeStorms,Severe Storms,2025-01-20,110.0,-23.3,US-SAN_FRANCISCO,San Francisco,United States,37.7749,-122.4194,14815.5
EONET_12497,Tropical Cyclone Sean,severeStorms,Severe Storms,2025-01-21,109.2,-24.1,US-SAN_FRANCISCO,San Francisco,United States,37.7749,-122.4194,14930.76
EONET_12497,Tropical Cyclone Sean,severeStorms,Severe Storms,2025-01-21,108.2,-25.1,US-SAN_FRANCISCO,San Francisco,United States,37.7749,-122.4194,15073.64
EONET_12497,Tropical Cyclone Sean,severeStorms,Severe Storms,2025-01-21,107.7,-26.0,US-SAN_FRANCISCO,San Francisco,United States,37.7749,-122.4194,15165.85
EONET_12497,Tropical Cyclone Sean,severeStorms,Severe Storms,2025-01-21,107.1,-26.7,US-SAN_FRANCISCO,San Francisco,United States,37.7749,-122.4194,15255.25
EONET_12497,Tropical Cyclone Sean,severeStorms,Severe Storms,2025-01-22,107.0,-27.3,US-SAN_FRANCISCO,San Francisco,United States,37.7749,-122.4194,15294.83
EONET_12497,Tropical Cyclone Sean,severeStorms,Severe Storms,2025-01-22,107.1,-27.8,US-SAN_FRANCISCO,San Francisco,United States,37.7749,-122.4194,15311.25
EONET_12497,Tropical Cyclone Sean,severeStorms,Severe Storms,2025-01-22,107.3,-28.1,US-SAN_FRANCISCO,San Francisco,United States,37.7749,-122.4194,15308.6
EONET_12497,Tropical Cyclone Sean,severeStorms,Severe Storms,2025-01-22,107.5,-28.4,US-SAN_FRANCISCO,San Francisco,United States,37.7749,-122.4194,15305.8
EONET_12497,Tropical Cyclone Sean,severeStorms,Severe Storms,2025-01-23,107.8,-29.2,US-SAN_FRANCISCO,San Francisco,United States,37.7749,-122.4194,15318.12
EONET_12497,Tropical Cyclone Sean,severeStorms,Severe Storms,2025-01-23,108.2,-30.1,US-SAN_FRANCISCO,San Francisco,United States,37.7749,-122.4194,15325.26
EONET_12481,Wildfire in Burkina Faso 1023378,wildfires,Wildfires,2025-01-17,-0.10904156138328022,13.06104584557223,US-MIAMI,Miami,United States,25.7617,-80.1918,8402.21
EONET_12494,Wildfire in Senegal 1023381,wildfires,Wildfires,2025-01-17,-13.12286976324657,12.938343020102494,US-MIAMI,Miami,United States,25.7617,-80.1918,7109.86
EONET_12489,"Coyote Run Wildfire, Hockley, Texas",wildfires,Wildfires,2025-01-17,-102.49785,33.59301667,US-DALLAS,Dallas,United States,32.7767,-96.797,538.16
EONET_12490,"RX CALV C-240-241-242 Wildfire, Vernon, Louisiana",wildfires,Wildfires,2025-01-17,-93.0487,31.0459,US-HOUSTON,Houston,United States,29.7604,-95.3698,264.53
EONET_12467,Wildfire in Australia 1023365,wildfires,Wildfires,2025-01-16,145.81224168300193,-23.215124418195842,US-SAN_FRANCISCO,San Francisco,United States,37.7749,-122.4194,11708.86
EONET_12482,Wildfire in Australia 1023379,wildfires,Wildfires,2025-01-16,141.35813577175176,-21.97063635244438,US-SAN_FRANCISCO,San Francisco,United States,37.7749,-122.4194,12006.46
EONET_12493,Wildfire in Kenya 1023380,wildfires,Wildfires,2025-01-16,39.01424498500139,1.1868267133553414,US-MIAMI,Miami,United States,25.7617,-80.1918,12841.93
EONET_12495,Wildfire in Australia 1023382,wildfires,Wildfires,2025-01-16,133.6474109002013,-19.845794552829524,US-SAN_FRANCISCO,San Francisco,United States,37.7749,-122.4194,12539.09
EONET_12486,"RX WINN C-88-89 Wildfire, Winn, Louisiana",wildfires,Wildfires,2025-01-16,-92.537713,31.822407,US-NEW_ORLEANS,New Orleans,United States,29.9511,-90.0715,314.12
EONET_12491,"RX CAT C-88 Wildfire, Grant, Louisiana",wildfires,Wildfires,2025-01-16,-92.514816,31.488211,US-NEW_ORLEANS,New Orleans,United States,29.9511,-90.0715,289.4
EONET_12459,Wildfire in Australia 1023359,wildfires,Wildfires,2025-01-15,145.83193104098336,-23.365211933574177,US-SAN_FRANCISCO,San Francisco,United States,37.7749,-122.4194,11716.79
EONET_12468,Wildfire in Australia 1023368,wildfires,Wildfires,2025-01-15,145.8073170545561,-23.216810394284703,US-SAN_FRANCISCO,San Francisco,United States,37.7749,-122.4194,11709.38
EONET_12475,Wildfire in Australia 1023372,wildfires,Wildfires,2025-01-15,137.14379953718876,-17.40762574804121,US-SAN_FRANCISCO,San Francisco,United States,37.7749,-122.4194,12082.0
EONET_12476,Wildfire in Australia 1023373,wildfires,Wildfires,2025-01-15,140.39014905459132,-21.432914061210248,US-SAN_FRANCISCO,San Francisco,United States,37.7749,-122.4194,12055.42
EONET_12496,Wildfire in Australia 1023383,wildfires,Wildfires,2025-01-15,147.2790250758761,-24.826809836165882,US-SAN_FRANCISCO,San Francisco,United States,37.7749,-122.4194,11689.7
EONET_12525,Wildfire in Sudan 1023405,wildfires,Wildfires,2025-01-15,32.63591237407198,8.430679414319268,US-MIAMI,Miami,United States,25.7617,-80.1918,11828.23
EONET_12492,"APQ NC Range Rx 0115 Wildfire, Polk, Florida",wildfires,Wildfires,2025-01-15,-81.314278,27.696106,US-MIAMI,Miami,United States,25.7617,-80.1918,242.26
EONET_12460,Wildfire in Australia 1023358,wildfires,Wildfires,2025-01-14,146.73447185026714,-22.18161304787214,US-SAN_FRANCISCO,San Francisco,United States,37.7749,-122.4194,11565.29
EONET_12477,Wildfire in Australia 1023374,wildfires,Wildfires,2025-01-14,133.48205481072037,-19.80699487068191,US-SAN_FRANCISCO,San Francisco,United States,37.7749,-122.4194,12551.09
EONET_12483,Wildfire in Kenya 1023375,wildfires,Wildfires,2025-01-14,38.83808433827175,1.1341487917791186,US-MIAMI,Miami,United States,25.7617,-80.1918,12827.74
EONET_12500,Wildfire in Venezuela 1023387,wildfires,Wildfires,2025-01-14,-68.30449310013243,6.515491876709809,US-MIAMI,Miami,United States,25.7617,-80.1918,2484.48
EONET_12448,Wildfire in Sudan 1023342,wildfires,Wildfires,2025-01-13,33.08764341530124,7.421579749843402,US-MIAMI,Miami,United States,25.7617,-80.1918,11927.47
EONET_12461,Wildfire in Sudan 1023353,wildfires,Wildfires,2025-01-13,33.65236570153123,6.45361411829087,US-MIAMI,Miami,United States,25.7617,-80.1918,12035.17
EONET_12469,Wildfire in Central African Republic 1023361,wildfires,Wildfires,2025-01-13,25.460475329045163,6.669826489264874,US-MIAMI,Miami,United States,25.7617,-80.1918,11231.0
EONET_12470,Wildfire in Australia 1023366,wildfires,Wildfires,2025-01-13,139.96745647880354,-21.42530741847581,US-SAN_FRANCISCO,San Francisco,United States,37.7749,-122.4194,12091.13
EONET_12478,Wildfire in Australia 1023369,wildfires,Wildfires,2025-01-13,141.25314823354648,-21.949739850997183,US-SAN_FRANCISCO,San Francisco,United States,37.7749,-122.4194,12014.09
EONET_12501,Wildfire in Nigeria 1023386,wildfires,Wildfires,2025-01-13,5.053132570691755,9.78260358107889,US-MIAMI,Miami,United States,25.7617,-80.1918,9064.9
EONET_12814,"Telica Volcano, Nicaragua",volcanoes,Volcanoes,2025-01-13,-86.84,12.606,US-MIAMI,Miami,United States,25.7617,-80.1918,1620.0
EONET_12449,Wildfire in The Democratic Republic of Congo 1023343,wildfires,Wildfires,2025-01-12,26.128782520478033,4.447515288257361,US-MIAMI,Miami,United States,25.7617,-80.1918,11411.68
EONET_12462,Wildfire in Sudan 1023354,wildfires,Wildfires,2025-01-12,26.745302612329276,6.725158403435517,US-MIAMI,Miami,United States,25.7617,-80.1918,11353.3
EONET_12463,Wildfire in Sudan 1023355,wildfires,Wildfires,2025-01-12,26.895142800086475,6.0864942896052545,US-MIAMI,Miami,United States,25.7617,-80.1918,11401.42
EONET_12479,Wildfire in Australia 1023370,wildfires,Wildfires,2025-01-12,139.4251629402829,-20.24571330288662,US-SAN_FRANCISCO,San Francisco,United States,37.7749,-122.4194,12063.78
EONET_12484,Wildfire in Ghana 1023376,wildfires,Wildfires,2025-01-12,-0.8653330885248,7.548671615640485,US-MIAMI,Miami,United States,25.7617,-80.1918,8578.32
EONET_12485,Wildfire in Central African Republic 1023377,wildfires,Wildfires,2025-01-12,24.612864779731442,6.75767404080306,US-MIAMI,Miami,United States,25.7617,-80.1918,11143.68
EONET_12432,Wildfire in Nigeria 1023333,wildfires,Wildfires,2025-01-11,5.589456117209345,10.993517693760356,US-MIAMI,Miami,United States,25.7617,-80.1918,9061.67
EONET_12433,Wildfire in Australia 1023334,wildfires,Wildfires,2025-01-11,138.23897402742574,-19.305321305745732,US-SAN_FRANCISCO,San Francisco,United States,37.7749,-122.4194,12107.0
EONET_12442,Wildfire in The Democratic Republic of Congo 1023337,wildfires,Wildfires,2025-01-11,29.26135608622843,3.7938585656117905,US-MIAMI,Miami,United States,25.7617,-80.1918,11752.77
EONET_12443,Wildfire in Nigeria 1023336,wildfires,Wildfires,2025-01-11,5.599164518849277,10.992991359871047,US-MIAMI,Miami,United States,25.7617,-80.1918,9062.66
EONET_12450,Wildfire in Central African Republic 1023344,wildfires,Wildfires,2025-01-11,24.25481699013978,7.775183636136251,US-MIAMI,Miami,United States,25.7617,-80.1918,11055.95
EONET_12471,Wildfire in Sudan 1023362,wildfires,Wildfires,2025-01-11,26.933773896508768,6.516761095625926,US-MIAMI,Miami,United States,25.7617,-80.1918,11382.6
EONET_12472,Wildfire in Central African Republic 1023363,wildfires,Wildfires,2025-01-11,24.350935124985455,7.743850682212539,US-MIAMI,Miami,United States,25.7617,-80.1918,11066.94
EONET_12473,Wildfire in Central African Republic 1023367,wildfires,Wildfires,2025-01-11,23.796949151399215,7.664019043088235,US-MIAMI,Miami,United States,25.7617,-80.1918,11017.09
EONET_12480,Wildfire in Australia 1023371,wildfires,Wildfires,2025-01-11,140.13584969703714,-20.462994352762895,US-SAN_FRANCISCO,San Francisco,United States,37.7749,-122.4194,12016.34
EONET_12444,Wildfire in Nigeria 1023340,wildfires,Wildfires,2025-01-10,5.572152824857128,10.76482854700278,US-MIAMI,Miami,United States,25.7617,-80.1918,9070.61
EONET_12445,Wildfire in Sudan 1023338,wildfires,Wildfires,2025-01-10,29.236285748068173,5.608946883876972,US-MIAMI,Miami,United States,25.7617,-80.1918,11654.57
EONET_12451,Wildfire in Central African Republic 1023345,wildfires,Wildfires,2025-01-10,25.624691005966262,6.765445317063179,US-MIAMI,Miami,United States,25.7617,-80.1918,11242.03
EONET_12452,Wildfire in Central African Republic 1023346,wildfires,Wildfires,2025-01-10,25.723481470697422,6.78049963138462,US-MIAMI,Miami,United States,25.7617,-80.1918,11250.88
EONET_12464,Wildfire in Central African Republic 1023356,wildfires,Wildfires,2025-01-10,24.90814684353292,6.95073734290221,US-MIAMI,Miami,United States,25.7617,-80.1918,11162.49
EONET_12465,Wildfire in Central African Republic 1023357,wildfires,Wildfires,2025-01-10,24.189575001044624,7.4047704422892755,US-MIAMI,Miami,United States,25.7617,-80.1918,11068.82
EONET_12466,Wildfire in Australia 1023360,wildfires,Wildfires,2025-01-10,147.3683595858013,-20.69990393467754,US-SAN_FRANCISCO,San Francisco,United States,37.7749,-122.4194,11415.91
EONET_12474,"Wildfire in Central African Republic, Sudan 1023364",wildfires,Wildfires,2025-01-10,25.2913840782008,7.734524458992688,US-MIAMI,Miami,United States,25.7617,-80.1918,11158.93
EONET_12418,"BCP Boot Hill C/D Rx 0110 Wildfire, Collier, Florida",wildfires,Wildfires,2025-01-10,-81.085317,25.94815,US-MIAMI,Miami,United States,25.7617,-80.1918,91.78
EONET_12420,"APQ Rec Area 7 Rx 0110 Wildfire, Polk, Florida",wildfires,Wildfires,2025-01-10,-81.272392,27.65506,US-MIAMI,Miami,United States,25.7617,-80.1918,236.31
EONET_12377,Tropical Cyclone Pita,severeStorms,Severe Storms,2025-01-10,-173.4,-18.0,US-SAN_FRANCISCO,San Francisco,United States,37.7749,-122.4194,8173.0
EONET_12377,Tropical Cyclone Pita,severeStorms,Severe Storms,2025-01-10,-172.2,-18.5,US-SAN_FRANCISCO,San Francisco,United States,37.7749,-122.4194,8135.38
EONET_12377,Tropical Cyclone Pita,severeStorms,Severe Storms,2025-01-10,-170.3,-19.1,US-SAN_FRANCISCO,San Francisco,United States,37.7749,-122.4194,8063.04
EONET_12377,Tropical Cyclone Pita,severeStorms,Severe Storms,2025-01-11,-167.6,-19.9,US-LOS_ANGELES,Los Angeles,United States,34.0522,-118.2437,7953.53
EONET_12377,Tropical Cyclone Pita,severeStorms,Severe Storms,2025-01-11,-164.2,-21.4,US-LOS_ANGELES,Los Angeles,United States,34.0522,-118.2437,7851.62
EONET_12377,Tropical Cyclone Pita,severeStorms,Severe Storms,2025-01-11,-161.5,-21.9,US-LOS_ANGELES,Los Angeles,United States,34.0522,-118.2437,7722.55
EONET_12377,Tropical Cyclone Pita,severeStorms,Severe Storms,2025-01-11,-160.6,-21.8,US-LOS_ANGELES,Los Angeles,United States,34.0522,-118.2437,7657.72
EONET_12377,Tropical Cyclone Pita,severeStorms,Severe Storms,2025-01-12,-158.8,-21.9,US-LOS_ANGELES,Los Angeles,United States,34.0522,-118.2437,7557.12
EONET_12378,Wildfire in Australia 1023278,wildfires,Wildfires,2025-01-09,125.78742919713191,-30.072085940749545,US-SAN_FRANCISCO,San Francisco,United States,37.7749,-122.4194,13801.29
EONET_12379,Wildfire in Australia 1023302,wildfires,Wildfires,2025-01-09,145.76167885915638,-23.30549663822745,US-SAN_FRANCISCO,San Francisco,United States,37.7749,-122.4194,11718.86
EONET_12403,Wildfire in Central African Republic 1023303,wildfires,Wildfires,2025-01-09,23.11224176150521,8.809754411235778,US-MIAMI,Miami,United States,25.7617,-80.1918,10891.08
EONET_12434,Wildfire in Australia 1023326,wildfires,Wildfires,2025-01-09,139.96617152175995,-19.84364421931252,US-SAN_FRANCISCO,San Francisco,United States,37.7749,-122.4194,11991.89
EONET_12435,Wildfire in Australia 1023331,wildfires,Wildfires,2025-01-09,140.0673165900393,-19.85475106635724,US-SAN_FRANCISCO,San Francisco,United States,37.7749,-122.4194,11983.88
EONET_12453,Wildfire in Sudan 1023347,wildfires,Wildfires,2025-01-09,28.49067881867336,6.075907061947565,US-MIAMI,Miami,United States,25.7617,-80.1918,11557.31
EONET_12419,"KENNETH Wildfire, Ventura, California",wildfires,Wildfires,2025-01-09,-118.6688889,34.1855556,US-LOS_ANGELES,Los Angeles,United States,34.0522,-118.2437,41.86
EONET_12376,Tropical Cyclone Dikeledi,severeStorms,Severe Storms,2025-01-09,61.6,-13.6,US-MIAMI,Miami,United States,25.7617,-80.1918,15810.6
EONET_12376,Tropical Cyclone Dikeledi,severeStorms,Severe Storms,2025-01-09,60.1,-13.6,US-MIAMI,Miami,United States,25.7617,-80.1918,15663.05
EONET_12376,Tropical Cyclone Dikeledi,severeStorms,Severe Storms,2025-01-10,58.6,-13.6,US-MIAMI,Miami,United States,25.7617,-80.1918,15515.06
EONET_12376,Tropical Cyclone Dikeledi,severeStorms,Severe Storms,2025-01-10,57.1,-13.6,US-MIAMI,Miami,United States,25.7617,-80.1918,15366.68
EONET_12376,Tropical Cyclone Dikeledi,severeStorms,Severe Storms,2025-01-10,55.6,-13.5,US-MIAMI,Miami,United States,25.7617,-80.1918,15213.54
EONET_12376,Tropical Cyclone Dikeledi,severeStorms,Severe Storms,2025-01-10,54.2,-13.3,US-MIAMI,Miami,United States,25.7617,-80.1918,15065.72
EONET_12376,Tropical Cyclone Dikeledi,severeStorms,Severe Storms,2025-01-11,53.0,-13.0,US-MIAMI,Miami,United States,25.7617,-80.1918,14933.23
EONET_12376,Tropical Cyclone Dikeledi,severeStorms,Severe Storms,2025-01-11,51.6,-12.7,US-MIAMI,Miami,United States,25.7617,-80.1918,14780.73
EONET_12376,Tropical Cyclone Dikeledi,severeStorms,Severe Storms,2025-01-11,50.3,-12.6,US-MIAMI,Miami,United States,25.7617,-80.1918,14646.92
EONET_12376,Tropical Cyclone Dikeledi,severeStorms,Severe Storms,2025-01-11,49.0,-12.9,US-MIAMI,Miami,United States,25.7617,-80.1918,14530.49
EONET_12376,Tropical Cyclone Dikeledi,severeStorms,Severe Storms,2025-01-12,47.5,-13.3,US-MIAMI,Miami,United States,25.7617,-80.1918,14397.96
EONET_12376,Tropical Cyclone Dikeledi,severeStorms,Severe Storms,2025-01-12,46.2,-13.6,US-MIAMI,Miami,United States,25.7617,-80.1918,14280.72
EONET_12376,Tropical Cyclone Dikeledi,severeStorms,Severe Storms,2025-01-12,44.8,-14.1,US-MIAMI,Miami,United States,25.7617,-80.1918,14161.5
EONET_12376,Tropical Cyclone Dikeledi,severeStorms,Severe Storms,2025-01-12,43.9,-14.4,US-MIAMI,Miami,United States,25.7617,-80.1918,14083.74
EONET_12376,Tropical Cyclone Dikeledi,severeStorms,Severe Storms,2025-01-13,42.7,-14.5,US-MIAMI,Miami,United States,25.7617,-80.1918,13967.66
EONET_12376,Tropical Cyclone Dikeledi,severeStorms,Severe Storms,2025-01-13,41.1,-14.8,US-MIAMI,Miami,United States,25.7617,-80.1918,13819.62
EONET_12376,Tropical Cyclone Dikeledi,severeStorms,Severe Storms,2025-01-13,40.6,-15.2,US-MIAMI,Miami,United States,25.7617,-80.1918,13785.66
EONET_12376,Tropical Cyclone Dikeledi,severeStorms,Severe Storms,2025-01-13,40.2,-15.5,US-MIAMI,Miami,United States,25.7617,-80.1918,13757.58
EONET_12376,Tropical Cyclone Dikeledi,severeStorms,Severe Storms,2025-01-14,39.9,-16.2,US-MIAMI,Miami,United States,25.7617,-80.1918,13755.1
EONET_12376,Tropical Cyclone Dikeledi,severeStorms,Severe Storms,2025-01-14,39.9,-16.7,US-MIAMI,Miami,United States,25.7617,-80.1918,13774.43
EONET_12376,Tropical Cyclone Dikeledi,severeStorms,Severe Storms,2025-01-14,39.7,-18.0,US-MIAMI,Miami,United States,25.7617,-80.1918,13803.39
EONET_12376,Tropical Cyclone Dikeledi,severeStorms,Severe Storms,2025-01-14,39.8,-18.9,US-MIAMI,Miami,United States,25.7617,-80.1918,13846.08
EONET_12376,Tropical Cyclone Dikeledi,severeStorms,Severe Storms,2025-01-15,40.5,-20.3,US-MIAMI,Miami,United States,25.7617,-80.1918,13964.54
EONET_12376,Tropical Cyclone Dikeledi,severeStorms,Severe Storms,2025-01-15,41.1,-21.7,US-MIAMI,Miami,United States,25.7617,-80.1918,14070.15
EONET_12376,Tropical Cyclone Dikeledi,severeStorms,Severe Storms,2025-01-15,41.7,-23.9,US-MIAMI,Miami,United States,25.7617,-80.1918,14196.11
EONET_12376,Tropical Cyclone Dikeledi,severeStorms,Severe Storms,2025-01-15,42.3,-25.7,US-MIAMI,Miami,United States,25.7617,-80.1918,14304.01
EONET_12376,Tropical Cyclone Dikeledi,severeStorms,Severe Storms,2025-01-16,43.4,-27.5,US-MIAMI,Miami,United States,25.7617,-80.1918,14454.37
EONET_12376,Tropical Cyclone Dikeledi,severeStorms,Severe Storms,2025-01-16,44.7,-28.9,US-MIAMI,Miami,United States,25.7617,-80.1918,14608.92
EONET_12376,Tropical Cyclone Dikeledi,severeStorms,Severe Storms,2025-01-16,47.0,-30.6,US-MIAMI,Miami,United States,25.7617,-80.1918,14857.55
EONET_12376,Tropical Cyclone Dikeledi,severeStorms,Severe Storms,2025-01-16,48.9,-31.8,US-MIAMI,Miami,United States,25.7617,-80.1918,15052.64
EONET_12376,Tropical Cyclone Dikeledi,severeStorms,Severe Storms,2025-01-17,51.6,-32.9,US-MIAMI,Miami,United States,25.7617,-80.1918,15315.13
EONET_12376,Tropical Cyclone Dikeledi,severeStorms,Severe Storms,2025-01-17,54.8,-33.7,US-MIAMI,Miami,United States,25.7617,-80.1918,15615.5
EONET_12376,Tropical Cyclone Dikeledi,severeStorms,Severe Storms,2025-01-17,58.0,-34.2,US-MIAMI,Miami,United States,25.7617,-80.1918,15910.19
EONET_12376,Tropical Cyclone Dikeledi,severeStorms,Severe Storms,2025-01-17,61.9,-35.0,US-MIAMI,Miami,United States,25.7617,-80.1918,16261.05
EONET_12422,"APQ Rec Area 5  Rx 0109 Wildfire, Polk, Florida",wildfires,Wildfires,2025-01-09,-81.24836,27.704922,US-MIAMI,Miami,United States,25.7617,-80.1918,240.2
EONET_12421,"BCP Boot Hill Rx 0109 Wildfire, Collier, Florida",wildfires,Wildfires,2025-01-09,-81.085317,25.94815,US-MIAMI,Miami,United States,25.7617,-80.1918,91.78
EONET_12641,"Whakaari/White Island Volcano, New Zealand",volcanoes,Volcanoes,2025-01-09,177.18,-37.52,US-LOS_ANGELES,Los Angeles,United States,34.0522,-118.2437,10383.1
EONET_12380,Wildfire in Mauritania 1023279,wildfires,Wildfires,2025-01-08,-11.94974634230096,15.702602425320045,US-MIAMI,Miami,United States,25.7617,-80.1918,7111.92
EONET_12381,Wildfire in The Democratic Republic of Congo 1023280,wildfires,Wildfires,2025-01-08,29.457309382668015,3.8292096493421384,US-MIAMI,Miami,United States,25.7617,-80.1918,11770.09
EONET_12382,Wildfire in Central African Republic 1023294,wildfires,Wildfires,2025-01-08,24.154199456171117,7.913806124390041,US-MIAMI,Miami,United States,25.7617,-80.1918,11038.95
EONET_12404,Wildfire in Sudan 1023304,wildfires,Wildfires,2025-01-08,33.83242924666901,7.332794170794209,US-MIAMI,Miami,United States,25.7617,-80.1918,12003.5
EONET_12405,Wildfire in Central African Republic 1023314,wildfires,Wildfires,2025-01-08,25.336951189878747,6.6520885959471014,US-MIAMI,Miami,United States,25.7617,-80.1918,11219.87
EONET_12423,Wildfire in Central African Republic 1023323,wildfires,Wildfires,2025-01-08,25.442888423391533,6.75566072257997,US-MIAMI,Miami,United States,25.7617,-80.1918,11224.81
EONET_12424,Wildfire in Nigeria 1023325,wildfires,Wildfires,2025-01-08,4.342710486779855,9.9588595360055,US-MIAMI,Miami,United States,25.7617,-80.1918,8986.03
EONET_12446,Wildfire in Central African Republic 1023341,wildfires,Wildfires,2025-01-08,19.775751159734504,7.767161010147166,US-MIAMI,Miami,United States,25.7617,-80.1918,10618.29
EONET_12454,Wildfire in Central African Republic 1023348,wildfires,Wildfires,2025-01-08,24.425489866895546,7.72251172360353,US-MIAMI,Miami,United States,25.7617,-80.1918,11075.31
EONET_12354,"RX KIS C-49 Wildfire, Natchitoches, Louisiana",wildfires,Wildfires,2025-01-08,-92.973889,31.450278,US-HOUSTON,Houston,United States,29.7604,-95.3698,296.44
EONET_12842,"RX CALE C-13 Wildfire, Rapides, Louisiana",wildfires,Wildfires,2025-01-08,-92.5583,31.216583,US-NEW_ORLEANS,New Orleans,United States,29.9511,-90.0715,276.52
EONET_12353,"APQ Area 5A Rx 0108 Wildfire, Polk, Florida",wildfires,Wildfires,2025-01-08,-81.314449,27.739102,US-MIAMI,Miami,United States,25.7617,-80.1918,246.52
EONET_12352,"BCP Boot Hill C/D Rx 0108 Wildfire, Collier, Florida",wildfires,Wildfires,2025-01-08,-81.085317,25.94815,US-MIAMI,Miami,United States,25.7617,-80.1918,91.78
EONET_12350,"HURST Wildfire, Los Angeles, California",wildfires,Wildfires,2025-01-08,-118.4622222,34.3261111,US-LOS_ANGELES,Los Angeles,United States,34.0522,-118.2437,36.49
EONET_12349,"EATON Wildfire, Los Angeles, California",wildfires,Wildfires,2025-01-07,-118.10544,34.19163,US-LOS_ANGELES,Los Angeles,United States,34.0522,-118.2437,20.06
EONET_12356,Wildfire in Argentina 1023260,wildfires,Wildfires,2025-01-07,-66.71514727835157,-35.95567608521341,US-MIAMI,Miami,United States,25.7617,-80.1918,7007.02
EONET_12370,Wildfire in Sudan 1023271,wildfires,Wildfires,2025-01-07,28.957613591734024,6.046657074348727,US-MIAMI,Miami,United States,25.7617,-80.1918,11604.23
EONET_12383,Wildfire in Central African Republic 1023281,wildfires,Wildfires,2025-01-07,24.15904609267727,7.52858009754865,US-MIAMI,Miami,United States,25.7617,-80.1918,11059.42
EONET_12384,Wildfire in Central African Republic 1023295,wildfires,Wildfires,2025-01-07,25.60411936346031,6.903869153322301,US-MIAMI,Miami,United States,25.7617,-80.1918,11232.8
EONET_12385,Wildfire in Sudan 1023282,wildfires,Wildfires,2025-01-07,27.437838205581603,6.5421536504062585,US-MIAMI,Miami,United States,25.7617,-80.1918,11430.3
EONET_12386,Wildfire in Sudan 1023283,wildfires,Wildfires,2025-01-07,28.855603032498763,6.295209944028489,US-MIAMI,Miami,United States,25.7617,-80.1918,11581.1
EONET_12387,Wildfire in Sudan 1023284,wildfires,Wildfires,2025-01-07,28.969304007635042,5.9993010878662725,US-MIAMI,Miami,United States,25.7617,-80.1918,11607.88
EONET_12406,Wildfire in Sudan 1023305,wildfires,Wildfires,2025-01-07,27.341513340882162,6.298346450801321,US-MIAMI,Miami,United States,25.7617,-80.1918,11433.78
EONET_12436,Wildfire in Central African Republic 1023327,wildfires,Wildfires,2025-01-07,23.958303953071848,7.684651482376449,US-MIAMI,Miami,United States,25.7617,-80.1918,11031.75
EONET_12437,Wildfire in Central African Republic 1023328,wildfires,Wildfires,2025-01-07,23.60841318310432,7.851640253908411,US-MIAMI,Miami,United States,25.7617,-80.1918,10988.99
EONET_12455,Wildfire in Central African Republic 1023349,wildfires,Wildfires,2025-01-07,23.891138700244177,7.5493546097607265,US-MIAMI,Miami,United States,25.7617,-80.1918,11032.21
EONET_12456,Wildfire in Central African Republic 1023350,wildfires,Wildfires,2025-01-07,23.183202059395853,8.030579323339342,US-MIAMI,Miami,United States,25.7617,-80.1918,10938.28
EONET_12457,Wildfire in Argentina 1023352,wildfires,Wildfires,2025-01-07,-60.54322013405463,-28.71080477762367,US-MIAMI,Miami,United States,25.7617,-80.1918,6410.31
EONET_12355,"APQ Area 5 Rx 0107 Wildfire, Polk, Florida",wildfires,Wildfires,2025-01-07,-81.276512,27.731363,US-MIAMI,Miami,United States,25.7617,-80.1918,244.06
EONET_12337,Wildfire in Australia 1023253,wildfires,Wildfires,2025-01-06,131.98437690174902,-18.480783674567423,US-SAN_FRANCISCO,San Francisco,United States,37.7749,-122.4194,12599.63
EONET_12346,"Wildfire in United States 1023255 (Palisades Wildfire, Los Angeles, California)",wildfires,Wildfires,2025-01-06,-118.52992278167513,34.07474954660046,US-LOS_ANGELES,Los Angeles,United States,34.0522,-118.2437,26.48
EONET_12388,Wildfire in Central African Republic 1023291,wildfires,Wildfires,2025-01-06,24.164441395508042,7.514049306173647,US-MIAMI,Miami,United States,25.7617,-80.1918,11060.7
EONET_12389,Wildfire in Central African Republic 1023292,wildfires,Wildfires,2025-01-06,25.21332028341864,7.725678776004848,US-MIAMI,Miami,United States,25.7617,-80.1918,11151.81
EONET_12390,Wildfire in Sudan 1023285,wildfires,Wildfires,2025-01-06,28.4728767783849,6.378599198369397,US-MIAMI,Miami,United States,25.7617,-80.1918,11539.52
EONET_12391,Wildfire in Sudan 1023296,wildfires,Wildfires,2025-01-06,28.24967569124323,6.147168518914891,US-MIAMI,Miami,United States,25.7617,-80.1918,11530.11
EONET_12392,Wildfire in Central African Republic 1023297,wildfires,Wildfires,2025-01-06,25.007763225542003,7.085800428065205,US-MIAMI,Miami,United States,25.7617,-80.1918,11165.18
EONET_12407,Wildfire in Central African Republic 1023306,wildfires,Wildfires,2025-01-06,25.889295293482096,6.246463308773805,US-MIAMI,Miami,United States,25.7617,-80.1918,11294.92
EONET_12408,Wildfire in Central African Republic 1023316,wildfires,Wildfires,2025-01-06,24.46233082295362,7.474815796445171,US-MIAMI,Miami,United States,25.7617,-80.1918,11091.78
EONET_12409,Wildfire in Sudan 1023317,wildfires,Wildfires,2025-01-06,26.754148669766906,6.1867273120739315,US-MIAMI,Miami,United States,25.7617,-80.1918,11382.42
EONET_12425,Wildfire in Central African Republic 1023318,wildfires,Wildfires,2025-01-06,23.55662384457641,7.4872386286773684,US-MIAMI,Miami,United States,25.7617,-80.1918,11002.78
EONET_12438,Wildfire in Central African Republic 1023335,wildfires,Wildfires,2025-01-06,24.171376560384335,7.946916634133042,US-MIAMI,Miami,United States,25.7617,-80.1918,11038.9
EONET_12357,Wildfire in Australia 1023268,wildfires,Wildfires,2025-01-05,133.13946134985105,-17.873800587891576,US-SAN_FRANCISCO,San Francisco,United States,37.7749,-122.4194,12460.76
EONET_12371,Wildfire in Sudan 1023272,wildfires,Wildfires,2025-01-05,28.207039347601764,6.297082799880828,US-MIAMI,Miami,United States,25.7617,-80.1918,11518.03
EONET_12393,Wildfire in Sudan 1023298,wildfires,Wildfires,2025-01-05,28.545461311198515,5.6308675668764545,US-MIAMI,Miami,United States,25.7617,-80.1918,11586.2
EONET_12394,Wildfire in Central African Republic 1023299,wildfires,Wildfires,2025-01-05,24.591782035299385,7.9208183558595175,US-MIAMI,Miami,United States,25.7617,-80.1918,11081.17
EONET_12395,Wildfire in Central African Republic 1023286,wildfires,Wildfires,2025-01-05,24.34650207283469,6.475854407302515,US-MIAMI,Miami,United States,25.7617,-80.1918,11132.22
EONET_12396,Wildfire in Sudan 1023287,wildfires,Wildfires,2025-01-05,28.445732347747235,5.811804597708213,US-MIAMI,Miami,United States,25.7617,-80.1918,11566.93
EONET_12397,Wildfire in Central African Republic 1023288,wildfires,Wildfires,2025-01-05,24.18684005038328,8.069433371206948,US-MIAMI,Miami,United States,25.7617,-80.1918,11034.03
EONET_12398,Wildfire in Ghana 1023293,wildfires,Wildfires,2025-01-05,-0.45518888252213874,7.27309173801219,US-MIAMI,Miami,United States,25.7617,-80.1918,8632.24
EONET_12426,Wildfire in Sudan 1023319,wildfires,Wildfires,2025-01-05,28.507116677675402,5.42044010992553,US-MIAMI,Miami,United States,25.7617,-80.1918,11593.58
EONET_12427,"Wildfire in Sudan, Central African Republic 1023320",wildfires,Wildfires,2025-01-05,26.37064526922372,6.353502387198686,US-MIAMI,Miami,United States,25.7617,-80.1918,11336.3
EONET_12439,Wildfire in Sudan 1023332,wildfires,Wildfires,2025-01-05,28.5307387750879,5.188508864013533,US-MIAMI,Miami,United States,25.7617,-80.1918,11608.12
EONET_12440,Wildfire in Sudan 1023329,wildfires,Wildfires,2025-01-05,28.597558334224125,6.177868233600621,US-MIAMI,Miami,United States,25.7617,-80.1918,11562.29
EONET_12447,Wildfire in Sudan 1023339,wildfires,Wildfires,2025-01-05,27.078157404442244,6.580669705812777,US-MIAMI,Miami,United States,25.7617,-80.1918,11393.29
EONET_12315,Wildfire in Australia 1023235,wildfires,Wildfires,2025-01-04,128.0892515441246,-19.320116584927433,US-SAN_FRANCISCO,San Francisco,United States,37.7749,-122.4194,12992.35
EONET_12338,Wildfire in Sudan 1023247,wildfires,Wildfires,2025-01-04,28.83886535544099,7.307432235925848,US-MIAMI,Miami,United States,25.7617,-80.1918,11525.41
EONET_12339,Wildfire in Nigeria 1023257,wildfires,Wildfires,2025-01-04,6.274460362330006,9.94628663313389,US-MIAMI,Miami,United States,25.7617,-80.1918,9178.59
EONET_12358,Wildfire in Australia 1023269,wildfires,Wildfires,2025-01-04,132.55111940108387,-18.43698266365114,US-SAN_FRANCISCO,San Francisco,United States,37.7749,-122.4194,12547.37
EONET_12359,Wildfire in Sudan 1023261,wildfires,Wildfires,2025-01-04,26.560440507239445,6.757619497248186,US-MIAMI,Miami,United States,25.7617,-80.1918,11333.6
EONET_12410,Wildfire in Central African Republic 1023308,wildfires,Wildfires,2025-01-04,24.57200421840502,7.918437301030897,US-MIAMI,Miami,United States,25.7617,-80.1918,11079.37
EONET_12411,Wildfire in Sudan 1023307,wildfires,Wildfires,2025-01-04,32.604941578819094,9.45370374704859,US-MIAMI,Miami,United States,25.7617,-80.1918,11768.03
EONET_12428,Wildfire in Sudan 1023321,wildfires,Wildfires,2025-01-04,25.390808624740867,7.471348448177638,US-MIAMI,Miami,United States,25.7617,-80.1918,11182.37
EONET_12429,"Wildfire in Central African Republic, Sudan 1023322",wildfires,Wildfires,2025-01-04,26.780344047784485,5.968224719019125,US-MIAMI,Miami,United States,25.7617,-80.1918,11396.42
EONET_12458,Wildfire in Sudan 1023351,wildfires,Wildfires,2025-01-04,32.6489740605288,8.34621625159277,US-MIAMI,Miami,United States,25.7617,-80.1918,11834.19
EONET_12326,Wildfire in Sudan 1023236,wildfires,Wildfires,2025-01-03,28.715603136286663,5.823383987547148,US-MIAMI,Miami,United States,25.7617,-80.1918,11592.57
EONET_12340,Wildfire in Ghana 1023254,wildfires,Wildfires,2025-01-03,-0.677084138142933,7.376306623347025,US-MIAMI,Miami,United States,25.7617,-80.1918,8605.21
EONET_12360,Wildfire in Sudan 1023262,wildfires,Wildfires,2025-01-03,28.955048839890075,5.4773990472185385,US-MIAMI,Miami,United States,25.7617,-80.1918,11634.19
EONET_12361,Wildfire in Australia 1023263,wildfires,Wildfires,2025-01-03,143.8686649039378,-19.94182459663413,US-SAN_FRANCISCO,San Francisco,United States,37.7749,-122.4194,11663.65
EONET_12372,Wildfire in Sudan 1023273,wildfires,Wildfires,2025-01-03,30.82633640276625,4.694532163988489,US-MIAMI,Miami,United States,25.7617,-80.1918,11857.85
EONET_12399,Wildfire in Central African Republic 1023300,wildfires,Wildfires,2025-01-03,24.06505273140386,7.920999912004943,US-MIAMI,Miami,United States,25.7617,-80.1918,11029.89
EONET_12441,Wildfire in Benin 1023330,wildfires,Wildfires,2025-01-03,1.5259532162596805,11.31447983579301,US-MIAMI,Miami,United States,25.7617,-80.1918,8643.42
EONET_12299,Wildfire in Sudan 1023215,wildfires,Wildfires,2025-01-02,32.20238942634547,4.991143274451286,US-MIAMI,Miami,United States,25.7617,-80.1918,11975.45
EONET_12300,Wildfire in Central African Republic 1023216,wildfires,Wildfires,2025-01-02,25.306617211078507,7.135346282679075,US-MIAMI,Miami,United States,25.7617,-80.1918,11191.73
EONET_12301,Wildfire in Australia 1023221,wildfires,Wildfires,2025-01-02,139.45651729891827,-19.66849278545917,US-SAN_FRANCISCO,San Francisco,United States,37.7749,-122.4194,12024.74
EONET_12327,Wildfire in Australia 1023245,wildfires,Wildfires,2025-01-02,139.77204418429983,-20.322378666275718,US-SAN_FRANCISCO,San Francisco,United States,37.7749,-122.4194,12038.76
EONET_12341,Wildfire in Central African Republic 1023251,wildfires,Wildfires,2025-01-02,24.38113238269224,7.9453238061978535,US-MIAMI,Miami,United States,25.7617,-80.1918,11059.4
EONET_12347,Wildfire in Sudan 1023258,wildfires,Wildfires,2025-01-02,29.519441922371442,5.7726484994225284,US-MIAMI,Miami,United States,25.7617,-80.1918,11673.37
EONET_12362,Wildfire in Sudan 1023264,wildfires,Wildfires,2025-01-02,27.22592214909259,6.304150886320627,US-MIAMI,Miami,United States,25.7617,-80.1918,11422.22
EONET_12373,Wildfire in Central African Republic 1023274,wildfires,Wildfires,2025-01-02,24.661319102789626,6.901886751822888,US-MIAMI,Miami,United States,25.7617,-80.1918,11140.94
EONET_12412,Wildfire in Sudan 1023309,wildfires,Wildfires,2025-01-02,26.293489489141802,7.147499841829622,US-MIAMI,Miami,United States,25.7617,-80.1918,11287.15
EONET_12413,Wildfire in Sudan 1023310,wildfires,Wildfires,2025-01-02,23.734281689835793,8.865031092041828,US-MIAMI,Miami,United States,25.7617,-80.1918,10948.65
EONET_12414,Wildfire in Cambodia 1023315,wildfires,Wildfires,2025-01-02,102.79340642999857,13.552649251455412,US-SAN_FRANCISCO,San Francisco,United States,37.7749,-122.4194,12613.91
EONET_12289,Wildfire in Australia 1023209,wildfires,Wildfires,2025-01-01,145.6479987140522,-23.141873376916116,US-SAN_FRANCISCO,San Francisco,United States,37.7749,-122.4194,11717.94
EONET_12302,Wildfire in Sudan 1023217,wildfires,Wildfires,2025-01-01,33.21019872367589,5.6053010320311065,US-MIAMI,Miami,United States,25.7617,-80.1918,12039.38
EONET_12303,"Wildfire in Central African Republic, Sudan 1023214",wildfires,Wildfires,2025-01-01,25.638146080993973,7.159515007951265,US-MIAMI,Miami,United States,25.7617,-80.1918,11222.76
EONET_12304,Wildfire in Central African Republic 1023218,wildfires,Wildfires,2025-01-01,25.282955006640076,7.263545725315286,US-MIAMI,Miami,United States,25.7617,-80.1918,11182.73
EONET_12316,Wildfire in Central African Republic 1023225,wildfires,Wildfires,2025-01-01,24.682404353351295,7.4266108762336716,US-MIAMI,Miami,United States,25.7617,-80.1918,11115.73
EONET_12317,Wildfire in Central African Republic 1023226,wildfires,Wildfires,2025-01-01,25.31521200797027,7.1314161961233085,US-MIAMI,Miami,United States,25.7617,-80.1918,11192.77
EONET_12318,"Wildfire in Central African Republic, Sudan 1023232",wildfires,Wildfires,2025-01-01,25.596329189778793,7.154042552980861,US-MIAMI,Miami,United States,25.7617,-80.1918,11218.97
EONET_12319,"Wildfire in Central African Republic, Sudan 1023233",wildfires,Wildfires,2025-01-01,25.38756107947169,7.321409363258191,US-MIAMI,Miami,United States,25.7617,-80.1918,11189.9
EONET_12328,Wildfire in Sudan 1023246,wildfires,Wildfires,2025-01-01,27.020264488215748,6.932637287457487,US-MIAMI,Miami,United States,25.7617,-80.1918,11369.11
EONET_12329,Wildfire in Central African Republic 1023237,wildfires,Wildfires,2025-01-01,24.070280344680395,8.236082854540957,US-MIAMI,Miami,United States,25.7617,-80.1918,11014.02
EONET_12342,Wildfire in Sudan 1023248,wildfires,Wildfires,2025-01-01,28.790837717505433,6.108187699792875,US-MIAMI,Miami,United States,25.7617,-80.1918,11584.76
EONET_12348,Wildfire in Sudan 1023259,wildfires,Wildfires,2025-01-01,33.336011825860055,5.653799586554413,US-MIAMI,Miami,United States,25.7617,-80.1918,12048.84
EONET_12363,Wildfire in Sudan 1023270,wildfires,Wildfires,2025-01-01,27.06965475270917,6.814826268339849,US-MIAMI,Miami,United States,25.7617,-80.1918,11380.12
EONET_12400,Wildfire in Central African Republic 1023301,wildfires,Wildfires,2025-01-01,23.316758534764386,8.065929197503586,US-MIAMI,Miami,United States,25.7617,-80.1918,10949.48
EONET_12401,Wildfire in Sudan 1023289,wildfires,Wildfires,2025-01-01,28.323536540747092,5.782587809832636,US-MIAMI,Miami,United States,25.7617,-80.1918,11556.58
EONET_12402,Wildfire in Sudan 1023290,wildfires,Wildfires,2025-01-01,28.635655693744823,5.366769725535472,US-MIAMI,Miami,United States,25.7617,-80.1918,11608.94
EONET_12415,Wildfire in Nigeria 1023313,wildfires,Wildfires,2025-01-01,8.3091365221266,7.4672586391727815,US-MIAMI,Miami,United States,25.7617,-80.1918,9498.31
EONET_12416,Wildfire in Sudan 1023311,wildfires,Wildfires,2025-01-01,26.408365326896188,7.279329852468023,US-MIAMI,Miami,United States,25.7617,-80.1918,11291.38
EONET_12417,Wildfire in Central African Republic 1023312,wildfires,Wildfires,2025-01-01,23.9971550742324,7.8233705991794,US-MIAMI,Miami,United States,25.7617,-80.1918,11028.34
EONET_12430,Wildfire in Nigeria 1023324,wildfires,Wildfires,2025-01-01,5.707004688934809,10.738353922767246,US-MIAMI,Miami,United States,25.7617,-80.1918,9085.22
EONET_12314,"Williams County Wildfire, Williams, North Dakota",wildfires,Wildfires,2025-01-01,-103.62226,48.50282,US-DENVER,Denver,United States,39.7392,-104.9903,980.52
EONET_12305,Wildfire in Sudan 1023210,wildfires,Wildfires,2024-12-31,26.20167704572428,7.108130554584191,US-MIAMI,Miami,United States,25.7617,-80.1918,11280.29
EONET_12306,Wildfire in Central African Republic 1023222,wildfires,Wildfires,2024-12-31,23.54838429397989,8.328229278608866,US-MIAMI,Miami,United States,25.7617,-80.1918,10958.46
EONET_12307,Wildfire in Sudan 1023223,wildfires,Wildfires,2024-12-31,28.23291241255462,5.9826071809141546,US-MIAMI,Miami,United States,25.7617,-80.1918,11537.19
EONET_12320,Wildfire in Central African Republic 1023227,wildfires,Wildfires,2024-12-31,25.25894235538426,7.266378284672815,US-MIAMI,Miami,United States,25.7617,-80.1918,11180.25
EONET_12330,Wildfire in Sudan 1023238,wildfires,Wildfires,2024-12-31,27.275564416995596,6.715445291087088,US-MIAMI,Miami,United States,25.7617,-80.1918,11405.38
EONET_12331,Wildfire in Sudan 1023244,wildfires,Wildfires,2024-12-31,28.63980075781764,5.161423251213588,US-MIAMI,Miami,United States,25.7617,-80.1918,11620.18
EONET_12343,Wildfire in Central African Republic 1023249,wildfires,Wildfires,2024-12-31,24.720602259724377,7.539876500960804,US-MIAMI,Miami,United States,25.7617,-80.1918,11113.56
EONET_12364,Wildfire in Central African Republic 1023265,wildfires,Wildfires,2024-12-31,23.345129131347512,8.804583536249867,US-MIAMI,Miami,United States,25.7617,-80.1918,10913.99
EONET_12365,Wildfire in Central African Republic 1023266,wildfires,Wildfires,2024-12-31,24.432461879308494,7.035208922425168,US-MIAMI,Miami,United States,25.7617,-80.1918,11111.68
EONET_12374,Wildfire in Sudan 1023275,wildfires,Wildfires,2024-12-31,32.82646701499584,9.636456734238907,US-MIAMI,Miami,United States,25.7617,-80.1918,11778.7
EONET_12375,Wildfire in Nigeria 1023276,wildfires,Wildfires,2024-12-31,10.556407306837032,9.019905871814057,US-MIAMI,Miami,United States,25.7617,-80.1918,9647.23
EONET_12431,"Yasur Volcano, Vanuatu",volcanoes,Volcanoes,2024-12-31,169.447,-19.532,US-SAN_FRANCISCO,San Francisco,United States,37.7749,-122.4194,9544.29
EONET_12290,Wildfire in Sudan 1023202,wildfires,Wildfires,2024-12-30,24.330016349942017,8.374277877520441,US-MIAMI,Miami,United States,25.7617,-80.1918,11032.08
EONET_12308,Wildfire in Sudan 1023212,wildfires,Wildfires,2024-12-30,34.23122225076278,6.7273560490286295,US-MIAMI,Miami,United States,25.7617,-80.1918,12075.35
EONET_12321,Wildfire in Sudan 1023228,wildfires,Wildfires,2024-12-30,27.026129872183947,6.465793080806328,US-MIAMI,Miami,United States,25.7617,-80.1918,11394.27
EONET_12322,"Wildfire in Central African Republic, Sudan 1023229",wildfires,Wildfires,2024-12-30,24.891520142755166,8.121046275394463,US-MIAMI,Miami,United States,25.7617,-80.1918,11099.85
EONET_12323,Wildfire in Sudan 1023234,wildfires,Wildfires,2024-12-30,25.787079105825043,7.899065703811093,US-MIAMI,Miami,United States,25.7617,-80.1918,11198.45
EONET_12332,Wildfire in Central African Republic 1023240,wildfires,Wildfires,2024-12-30,24.17598543282239,8.17001793731142,US-MIAMI,Miami,United States,25.7617,-80.1918,11027.74
EONET_12333,Wildfire in Sudan 1023239,wildfires,Wildfires,2024-12-30,28.39455601125998,6.010655029311915,US-MIAMI,Miami,United States,25.7617,-80.1918,11551.43
EONET_12344,Wildfire in Sudan 1023252,wildfires,Wildfires,2024-12-30,26.34065666366354,7.387414121325905,US-MIAMI,Miami,United States,25.7617,-80.1918,11279.12
EONET_12243,Wildfire in Australia 1023173,wildfires,Wildfires,2024-12-29,133.14704800621266,-17.726733463210202,US-SAN_FRANCISCO,San Francisco,United States,37.7749,-122.4194,12450.87
EONET_12244,Wildfire in Sudan 1023165,wildfires,Wildfires,2024-12-29,28.243029948199272,5.76598484550449,US-MIAMI,Miami,United States,25.7617,-80.1918,11549.62
EONET_12264,Wildfire in Australia 1023185,wildfires,Wildfires,2024-12-29,132.21859673766923,-17.06398922433114,US-SAN_FRANCISCO,San Francisco,United States,37.7749,-122.4194,12490.44
EONET_12280,Wildfire in Sudan 1023191,wildfires,Wildfires,2024-12-29,27.14630100043045,6.510223056647439,US-MIAMI,Miami,United States,25.7617,-80.1918,11403.63
EONET_12324,Wildfire in Sudan 1023230,wildfires,Wildfires,2024-12-29,27.090493266571126,6.292370024590595,US-MIAMI,Miami,United States,25.7617,-80.1918,11409.65
EONET_12325,Wildfire in Sudan 1023231,wildfires,Wildfires,2024-12-29,28.657574587618303,5.493649613768618,US-MIAMI,Miami,United States,25.7617,-80.1918,11604.37
EONET_12334,Wildfire in Nigeria 1023243,wildfires,Wildfires,2024-12-29,5.829897146163884,10.445773245470278,US-MIAMI,Miami,United States,25.7617,-80.1918,9111.07
EONET_12345,Wildfire in Central African Republic 1023250,wildfires,Wildfires,2024-12-29,24.359244918800016,8.145142021584281,US-MIAMI,Miami,United States,25.7617,-80.1918,11046.86
EONET_12245,Wildfire in Sudan 1023154,wildfires,Wildfires,2024-12-28,27.56431958608968,6.734463068611611,US-MIAMI,Miami,United States,25.7617,-80.1918,11432.43
EONET_12246,Wildfire in Central African Republic 1023166,wildfires,Wildfires,2024-12-28,23.986243037059587,8.242940241935587,US-MIAMI,Miami,United States,25.7617,-80.1918,11005.49
EONET_12247,"Wildfire in Central African Republic, Sudan 1023167",wildfires,Wildfires,2024-12-28,25.167160920092606,7.474565902609471,US-MIAMI,Miami,United States,25.7617,-80.1918,11160.44
EONET_12248,Wildfire in Central African Republic 1023163,wildfires,Wildfires,2024-12-28,23.879051112068094,8.103531536277943,US-MIAMI,Miami,United States,25.7617,-80.1918,11002.3
EONET_12265,Wildfire in Australia 1023187,wildfires,Wildfires,2024-12-28,135.30977008759658,-17.25107698706078,US-SAN_FRANCISCO,San Francisco,United States,37.7749,-122.4194,12231.95
EONET_12266,Wildfire in Senegal 1023183,wildfires,Wildfires,2024-12-28,-12.750769932772975,13.21831060433692,US-MIAMI,Miami,United States,25.7617,-80.1918,7135.16
EONET_12267,Wildfire in Central African Republic 1023186,wildfires,Wildfires,2024-12-28,22.20722639459965,8.803820061048462,US-MIAMI,Miami,United States,25.7617,-80.1918,10803.3
EONET_12268,Wildfire in Sudan 1023175,wildfires,Wildfires,2024-12-28,24.28912935494622,8.510301301586463,US-MIAMI,Miami,United States,25.7617,-80.1918,11021.01
EONET_12281,Wildfire in Chad 1023196,wildfires,Wildfires,2024-12-28,19.436361210695747,10.904065572091588,US-MIAMI,Miami,United States,25.7617,-80.1918,10426.38
EONET_12282,"Wildfire in Central African Republic, Sudan 1023192",wildfires,Wildfires,2024-12-28,24.670174324444023,8.14617076379209,US-MIAMI,Miami,United States,25.7617,-80.1918,11077.03
EONET_12291,Wildfire in Central African Republic 1023203,wildfires,Wildfires,2024-12-28,23.86432821739193,7.748692625272149,US-MIAMI,Miami,United States,25.7617,-80.1918,11019.27
EONET_12292,Wildfire in Australia 1023207,wildfires,Wildfires,2024-12-28,132.31626558957637,-20.30091561235889,US-SAN_FRANCISCO,San Francisco,United States,37.7749,-122.4194,12682.93
EONET_12309,Wildfire in Sudan 1023224,wildfires,Wildfires,2024-12-28,26.485782308663456,6.858677543263291,US-MIAMI,Miami,United States,25.7617,-80.1918,11321.03
EONET_12310,Wildfire in Australia 1023220,wildfires,Wildfires,2024-12-28,144.12163105672698,-20.13989157541881,US-SAN_FRANCISCO,San Francisco,United States,37.7749,-122.4194,11654.81
EONET_12311,Wildfire in Australia 1023213,wildfires,Wildfires,2024-12-28,135.35111581184833,-19.652437610671935,US-SAN_FRANCISCO,San Francisco,United States,37.7749,-122.4194,12379.02
EONET_12366,Wildfire in Sudan 1023267,wildfires,Wildfires,2024-12-28,27.8191907345819,5.548516889793419,US-MIAMI,Miami,United States,25.7617,-80.1918,11519.78
EONET_12235,Tropical Cyclone 06P,severeStorms,Severe Storms,2024-12-28,174.5,-16.4,US-SAN_FRANCISCO,San Francisco,United States,37.7749,-122.4194,8916.97
EONET_12235,Tropical Cyclone 06P,severeStorms,Severe Storms,2024-12-29,175.5,-16.8,US-SAN_FRANCISCO,San Francisco,United States,37.7749,-122.4194,8872.26
EONET_12235,Tropical Cyclone 06P,severeStorms,Severe Storms,2024-12-29,176.9,-17.3,US-SAN_FRANCISCO,San Francisco,United States,37.7749,-122.4194,8806.63
EONET_12235,Tropical Cyclone 06P,severeStorms,Severe Storms,2024-12-29,178.3,-17.5,US-SAN_FRANCISCO,San Francisco,United States,37.7749,-122.4194,8718.93
EONET_12235,Tropical Cyclone 06P,severeStorms,Severe Storms,2024-12-29,179.8,-17.4,US-SAN_FRANCISCO,San Francisco,United States,37.7749,-122.4194,8601.16
EONET_12235,Tropical Cyclone 06P,severeStorms,Severe Storms,2024-12-30,-179.2,-17.4,US-SAN_FRANCISCO,San Francisco,United States,37.7749,-122.4194,8528.75
EONET_12236,Wildfire in Senegal 1023149,wildfires,Wildfires,2024-12-27,-12.992992174680735,13.119811868550203,US-MIAMI,Miami,United States,25.7617,-80.1918,7115.12
EONET_12237,Wildfire in Sudan 1023150,wildfires,Wildfires,2024-12-27,25.720513181555557,7.560869577734518,US-MIAMI,Miami,United States,25.7617,-80.1918,11209.75
EONET_12249,"Wildfire in Central African Republic, Sudan 1023168",wildfires,Wildfires,2024-12-27,23.57150501859612,8.93168974718822,US-MIAMI,Miami,United States,25.7617,-80.1918,10929.38
EONET_12250,Wildfire in Central African Republic 1023169,wildfires,Wildfires,2024-12-27,23.504470864279615,8.629271989415493,US-MIAMI,Miami,United States,25.7617,-80.1918,10938.57
EONET_12251,"Wildfire in Sudan, Central African Republic 1023170",wildfires,Wildfires,2024-12-27,26.400942609511336,6.547949349626037,US-MIAMI,Miami,United States,25.7617,-80.1918,11329.07
EONET_12252,Wildfire in Sudan 1023171,wildfires,Wildfires,2024-12-27,27.558520882581565,6.689468337688547,US-MIAMI,Miami,United States,25.7617,-80.1918,11434.25
EONET_12253,Wildfire in Central African Republic 1023174,wildfires,Wildfires,2024-12-27,24.93377710957316,7.6467436438240215,US-MIAMI,Miami,United States,25.7617,-80.1918,11128.74
EONET_12269,Wildfire in Central African Republic 1023176,wildfires,Wildfires,2024-12-27,24.622956593525625,7.599629854515654,US-MIAMI,Miami,United States,25.7617,-80.1918,11100.93
EONET_12270,Wildfire in Central African Republic 1023177,wildfires,Wildfires,2024-12-27,23.78254629289589,8.06330808171338,US-MIAMI,Miami,United States,25.7617,-80.1918,10994.99
EONET_12271,Wildfire in Central African Republic 1023178,wildfires,Wildfires,2024-12-27,23.978395359210438,8.237630868150829,US-MIAMI,Miami,United States,25.7617,-80.1918,11005.01
EONET_12272,Wildfire in Central African Republic 1023179,wildfires,Wildfires,2024-12-27,23.86357837457175,8.129756506247471,US-MIAMI,Miami,United States,25.7617,-80.1918,10999.44
EONET_12283,Wildfire in Sudan 1023193,wildfires,Wildfires,2024-12-27,28.156225273652712,6.109092952157781,US-MIAMI,Miami,United States,25.7617,-80.1918,11523.04
EONET_12284,Wildfire in Central African Republic 1023198,wildfires,Wildfires,2024-12-27,23.412842125647995,8.151080191066356,US-MIAMI,Miami,United States,25.7617,-80.1918,10954.43
EONET_12293,Wildfire in Ghana 1023200,wildfires,Wildfires,2024-12-27,-1.1347593284638946,10.04018296591252,US-MIAMI,Miami,United States,25.7617,-80.1918,8436.39
EONET_12294,Wildfire in Central African Republic 1023204,wildfires,Wildfires,2024-12-27,24.662069294403462,7.1086760671747165,US-MIAMI,Miami,United States,25.7617,-80.1918,11130.28
EONET_12295,Wildfire in Central African Republic 1023205,wildfires,Wildfires,2024-12-27,23.76733229180104,8.208512372088983,US-MIAMI,Miami,United States,25.7617,-80.1918,10985.98
EONET_12312,Wildfire in Central African Republic 1023211,wildfires,Wildfires,2024-12-27,23.440408208448083,8.696436566740989,US-MIAMI,Miami,United States,25.7617,-80.1918,10928.86
EONET_12313,Wildfire in Central African Republic 1023219,wildfires,Wildfires,2024-12-27,23.761056770447674,7.510097387588692,US-MIAMI,Miami,United States,25.7617,-80.1918,11021.55
EONET_12335,Wildfire in Sudan 1023241,wildfires,Wildfires,2024-12-27,23.72777515054142,8.97897606456161,US-MIAMI,Miami,United States,25.7617,-80.1918,10942.09
EONET_12238,Wildfire in Australia 1023151,wildfires,Wildfires,2024-12-26,139.5608362749088,-19.968608906779078,US-SAN_FRANCISCO,San Francisco,United States,37.7749,-122.4194,12034.67
EONET_12254,Wildfire in Ghana 1023164,wildfires,Wildfires,2024-12-26,-0.3604746601194578,7.195006799160246,US-MIAMI,Miami,United States,25.7617,-80.1918,8645.37
EONET_12273,Wildfire in Sudan 1023182,wildfires,Wildfires,2024-12-26,28.722049883211167,6.569177788788793,US-MIAMI,Miami,United States,25.7617,-80.1918,11553.56
EONET_12274,Wildfire in South Africa 1023184,wildfires,Wildfires,2024-12-26,22.257301000497232,-33.34002923002207,US-MIAMI,Miami,United States,25.7617,-80.1918,12636.75
EONET_12275,Wildfire in Australia 1023188,wildfires,Wildfires,2024-12-26,138.23859035149061,-18.681559457608014,US-SAN_FRANCISCO,San Francisco,United States,37.7749,-122.4194,12067.68
EONET_12276,Wildfire in Central African Republic 1023180,wildfires,Wildfires,2024-12-26,23.786380694334504,8.438761940963216,US-MIAMI,Miami,United States,25.7617,-80.1918,10975.88
EONET_12277,Wildfire in Sudan 1023181,wildfires,Wildfires,2024-12-26,26.71447230443949,6.607790956857743,US-MIAMI,Miami,United States,25.7617,-80.1918,11356.46
EONET_12285,Wildfire in Sudan 1023199,wildfires,Wildfires,2024-12-26,27.892779507728637,5.902791592719028,US-MIAMI,Miami,United States,25.7617,-80.1918,11508.3
EONET_12286,Wildfire in Sudan 1023194,wildfires,Wildfires,2024-12-26,26.780350626723607,6.889039832041436,US-MIAMI,Miami,United States,25.7617,-80.1918,11348.08
EONET_12296,Wildfire in Sudan 1023201,wildfires,Wildfires,2024-12-26,28.95684115549879,5.84345069172117,US-MIAMI,Miami,United States,25.7617,-80.1918,11614.95
EONET_12297,Wildfire in Sudan 1023206,wildfires,Wildfires,2024-12-26,24.522016644912263,8.648603871350426,US-MIAMI,Miami,United States,25.7617,-80.1918,11036.4
EONET_12336,Wildfire in Sudan 1023242,wildfires,Wildfires,2024-12-26,26.671307514877125,6.308960834748664,US-MIAMI,Miami,United States,25.7617,-80.1918,11367.94
EONET_12218,Tropical Cyclone 05S,severeStorms,Severe Storms,2024-12-26,94.5,-11.7,US-SAN_FRANCISCO,San Francisco,United States,37.7749,-122.4194,15343.7
EONET_12218,Tropical Cyclone 05S,severeStorms,Severe Storms,2024-12-26,94.8,-11.7,US-SAN_FRANCISCO,San Francisco,United States,37.7749,-122.4194,15320.49
EONET_12218,Tropical Cyclone 05S,severeStorms,Severe Storms,2024-12-27,95.2,-11.8,US-SAN_FRANCISCO,San Francisco,United States,37.7749,-122.4194,15297.22
EONET_12218,Tropical Cyclone 05S,severeStorms,Severe Storms,2024-12-27,95.7,-11.9,US-SAN_FRANCISCO,San Francisco,United States,37.7749,-122.4194,15265.94
EONET_12218,Tropical Cyclone 05S,severeStorms,Severe Storms,2024-12-27,96.4,-12.5,US-SAN_FRANCISCO,San Francisco,United States,37.7749,-122.4194,15256.83
EONET_12218,Tropical Cyclone 05S,severeStorms,Severe Storms,2024-12-27,96.7,-13.2,US-SAN_FRANCISCO,San Francisco,United States,37.7749,-122.4194,15285.87
EONET_12218,Tropical Cyclone 05S,severeStorms,Severe Storms,2024-12-28,96.6,-14.0,US-SAN_FRANCISCO,San Francisco,United States,37.7749,-122.4194,15353.58
EONET_12218,Tropical Cyclone 05S,severeStorms,Severe Storms,2024-12-28,96.0,-14.4,US-SAN_FRANCISCO,San Francisco,United States,37.7749,-122.4194,15431.44
EONET_12255,"Wildfire in Central African Republic, Sudan 1023155",wildfires,Wildfires,2024-12-25,24.065838915888023,8.41146391521609,US-MIAMI,Miami,United States,25.7617,-80.1918,11004.47
EONET_12256,Wildfire in Central African Republic 1023172,wildfires,Wildfires,2024-12-25,24.930584770818943,7.907935485235593,US-MIAMI,Miami,United States,25.7617,-80.1918,11114.79
EONET_12278,Wildfire in Australia 1023190,wildfires,Wildfires,2024-12-25,139.47646895777228,-20.06234842672937,US-SAN_FRANCISCO,San Francisco,United States,37.7749,-122.4194,12047.84
EONET_12287,Wildfire in Ghana 1023197,wildfires,Wildfires,2024-12-25,-1.7678305853207863,10.676440358772018,US-MIAMI,Miami,United States,25.7617,-80.1918,8344.26
EONET_12298,Wildfire in Central African Republic 1023208,wildfires,Wildfires,2024-12-25,23.455012721342857,7.160662169295666,US-MIAMI,Miami,United States,25.7617,-80.1918,11009.7
EONET_12228,Wildfire in Sudan 1023140,wildfires,Wildfires,2024-12-24,33.31830135195603,5.960643929205326,US-MIAMI,Miami,United States,25.7617,-80.1918,12030.29
EONET_12229,Wildfire in Australia 1023145,wildfires,Wildfires,2024-12-24,143.72523774771264,-20.040331468586977,US-SAN_FRANCISCO,San Francisco,United States,37.7749,-122.4194,11682.21
EONET_12239,Wildfire in Australia 1023147,wildfires,Wildfires,2024-12-24,139.23801061055505,-19.08812664966159,US-SAN_FRANCISCO,San Francisco,United States,37.7749,-122.4194,12006.92
EONET_12240,Wildfire in Sudan 1023148,wildfires,Wildfires,2024-12-24,25.165886459683723,7.998438598310289,US-MIAMI,Miami,United States,25.7617,-80.1918,11132.92
EONET_12257,Wildfire in Sudan 1023156,wildfires,Wildfires,2024-12-24,26.86769016783881,7.304052627950877,US-MIAMI,Miami,United States,25.7617,-80.1918,11334.68
EONET_12258,Wildfire in Sudan 1023157,wildfires,Wildfires,2024-12-24,28.758573686998712,6.03307996712853,US-MIAMI,Miami,United States,25.7617,-80.1918,11585.62
EONET_12259,Wildfire in Senegal 1023161,wildfires,Wildfires,2024-12-24,-13.22090340811671,12.928030726983149,US-MIAMI,Miami,United States,25.7617,-80.1918,7100.49
EONET_12203,Wildfire in Sudan 1023118,wildfires,Wildfires,2024-12-23,33.240269573637335,6.060168006483732,US-MIAMI,Miami,United States,25.7617,-80.1918,12017.32
EONET_12204,Wildfire in Australia 1023130,wildfires,Wildfires,2024-12-23,146.22937318531575,-23.24685599582275,US-SAN_FRANCISCO,San Francisco,United States,37.7749,-122.4194,11676.0
EONET_12205,Wildfire in Australia 1023117,wildfires,Wildfires,2024-12-23,138.7319185515361,-19.883834863665182,US-SAN_FRANCISCO,San Francisco,United States,37.7749,-122.4194,12100.79
EONET_12206,Wildfire in Australia 1023125,wildfires,Wildfires,2024-12-23,134.3682704125999,-17.732976374049688,US-SAN_FRANCISCO,San Francisco,United States,37.7749,-122.4194,12344.56
EONET_12220,Wildfire in Australia 1023138,wildfires,Wildfires,2024-12-23,140.0207255986671,-20.42613870887447,US-SAN_FRANCISCO,San Francisco,United States,37.7749,-122.4194,12023.91
EONET_12230,Wildfire in Australia 1023146,wildfires,Wildfires,2024-12-23,120.64403253748308,-30.616429900612538,US-SAN_FRANCISCO,San Francisco,United States,37.7749,-122.4194,14269.07
EONET_12231,Wildfire in Sudan 1023141,wildfires,Wildfires,2024-12-23,31.862204905244752,6.851591531000284,US-MIAMI,Miami,United States,25.7617,-80.1918,11841.47
EONET_12241,Wildfire in Australia 1023152,wildfires,Wildfires,2024-12-23,145.49242110166543,-21.652017104608205,US-SAN_FRANCISCO,San Francisco,United States,37.7749,-122.4194,11635.7
EONET_12242,Wildfire in Australia 1023153,wildfires,Wildfires,2024-12-23,141.6229536369306,-19.269656671018662,US-SAN_FRANCISCO,San Francisco,United States,37.7749,-122.4194,11812.93
EONET_12260,Wildfire in Sudan 1023158,wildfires,Wildfires,2024-12-23,27.916501493900782,6.016896577836094,US-MIAMI,Miami,United States,25.7617,-80.1918,11504.59
EONET_12219,"Landville #2 Wildfire, Logan, West Virginia",wildfires,Wildfires,2024-12-23,-81.863359,37.715412,US-NEW_ORLEANS,New Orleans,United States,29.9511,-90.0715,1147.95
EONET_12367,"Kilauea Volcano, Hawaii",volcanoes,Volcanoes,2024-12-23,-155.287,19.421,US-SAN_FRANCISCO,San Francisco,United States,37.7749,-122.4194,3771.89
EONET_12207,Wildfire in Central African Republic 1023126,wildfires,Wildfires,2024-12-22,24.829211857916736,7.196690786437291,US-MIAMI,Miami,United States,25.7617,-80.1918,11142.0
EONET_12221,Wildfire in Central African Republic 1023139,wildfires,Wildfires,2024-12-22,24.743068123643862,7.036564030571083,US-MIAMI,Miami,United States,25.7617,-80.1918,11141.92
EONET_12222,Wildfire in Sudan 1023132,wildfires,Wildfires,2024-12-22,26.853612988715835,6.8067294949666515,US-MIAMI,Miami,United States,25.7617,-80.1918,11359.54
EONET_12232,Wildfire in Sudan 1023142,wildfires,Wildfires,2024-12-22,32.230527128580206,9.166606847356443,US-MIAMI,Miami,United States,25.7617,-80.1918,11748.63
EONET_12233,Wildfire in Sudan 1023143,wildfires,Wildfires,2024-12-22,29.075709532062124,5.935681496147373,US-MIAMI,Miami,United States,25.7617,-80.1918,11621.6
EONET_12234,Wildfire in Nigeria 1023144,wildfires,Wildfires,2024-12-22,5.197697717332322,11.748182304578076,US-MIAMI,Miami,United States,25.7617,-80.1918,8987.84
EONET_12261,Wildfire in Central African Republic 1023159,wildfires,Wildfires,2024-12-22,26.139944295213834,6.508332043399119,US-MIAMI,Miami,United States,25.7617,-80.1918,11305.7
EONET_12262,Wildfire in Sudan 1023160,wildfires,Wildfires,2024-12-22,26.368482527441614,7.968555698168621,US-MIAMI,Miami,United States,25.7617,-80.1918,11251.17
EONET_12263,Wildfire in Nigeria 1023162,wildfires,Wildfires,2024-12-22,5.71129068431093,10.351029112492064,US-MIAMI,Miami,United States,25.7617,-80.1918,9103.72
EONET_12368,"Masaya Volcano, Nicaragua",volcanoes,Volcanoes,2024-12-22,-86.1688,11.9844,US-MIAMI,Miami,United States,25.7617,-80.1918,1655.23
EONET_12197,Wildfire in Australia 1023115,wildfires,Wildfires,2024-12-21,143.92306171875097,-20.16860798854308,US-SAN_FRANCISCO,San Francisco,United States,37.7749,-122.4194,11673.58
EONET_12198,Wildfire in Sudan 1023111,wildfires,Wildfires,2024-12-21,31.407085731460796,7.805273453015888,US-MIAMI,Miami,United States,25.7617,-80.1918,11745.51
EONET_12199,Wildfire in The Democratic Republic of Congo 1023112,wildfires,Wildfires,2024-12-21,26.277834194151406,4.339395710293139,US-MIAMI,Miami,United States,25.7617,-80.1918,11431.9
EONET_12208,Wildfire in Sudan 1023119,wildfires,Wildfires,2024-12-21,26.639006605893616,6.372504507964626,US-MIAMI,Miami,United States,25.7617,-80.1918,11361.46
EONET_12209,Wildfire in Sudan 1023120,wildfires,Wildfires,2024-12-21,27.849364991729065,6.164890317160012,US-MIAMI,Miami,United States,25.7617,-80.1918,11490.24
EONET_12210,Wildfire in Sudan 1023121,wildfires,Wildfires,2024-12-21,32.45807396635831,9.433875777081592,US-MIAMI,Miami,United States,25.7617,-80.1918,11755.24
EONET_12223,Wildfire in Sudan 1023133,wildfires,Wildfires,2024-12-21,26.587178802255785,8.304323084719792,US-MIAMI,Miami,United States,25.7617,-80.1918,11254.58
EONET_12224,Wildfire in Sudan 1023134,wildfires,Wildfires,2024-12-21,28.603155493159004,6.778297162825552,US-MIAMI,Miami,United States,25.7617,-80.1918,11530.89
EONET_12279,Wildfire in Australia 1023189,wildfires,Wildfires,2024-12-21,143.58619126449713,-20.32765977480051,US-SAN_FRANCISCO,San Francisco,United States,37.7749,-122.4194,11712.49
EONET_12288,Wildfire in Sudan 1023195,wildfires,Wildfires,2024-12-21,28.897709145833957,5.714056510177389,US-MIAMI,Miami,United States,25.7617,-80.1918,11616.07
EONET_12200,Wildfire in Central African Republic 1023113,wildfires,Wildfires,2024-12-20,21.789189818886033,8.760960940595426,US-MIAMI,Miami,United States,25.7617,-80.1918,10764.76
EONET_12211,Wildfire in Australia 1023127,wildfires,Wildfires,2024-12-20,147.21505896767596,-24.223735734974618,US-SAN_FRANCISCO,San Francisco,United States,37.7749,-122.4194,11656.44
EONET_12225,Wildfire in Sudan 1023135,wildfires,Wildfires,2024-12-20,27.406221624295075,6.866296667724953,US-MIAMI,Miami,United States,25.7617,-80.1918,11410.1
EONET_12226,Wildfire in Sudan 1023137,wildfires,Wildfires,2024-12-20,25.077704718550947,8.119412186138792,US-MIAMI,Miami,United States,25.7617,-80.1918,11118.02
EONET_12182,Wildfire in Australia 1023099,wildfires,Wildfires,2024-12-19,142.51899469861064,-37.25185564740433,US-SAN_FRANCISCO,San Francisco,United States,37.7749,-122.4194,12813.35
EONET_12191,Wildfire in Benin 1023106,wildfires,Wildfires,2024-12-19,2.7793621549384278,11.865362153224195,US-MIAMI,Miami,United States,25.7617,-80.1918,8742.78
EONET_12201,Wildfire in Sudan 1023114,wildfires,Wildfires,2024-12-19,32.06158742806257,9.652931252488653,US-MIAMI,Miami,United States,25.7617,-80.1918,11705.41
EONET_12202,Wildfire in Sudan 1023116,wildfires,Wildfires,2024-12-19,26.10724174706148,7.0148931381953386,US-MIAMI,Miami,United States,25.7617,-80.1918,11275.99
EONET_12212,Wildfire in Central African Republic 1023128,wildfires,Wildfires,2024-12-19,22.21869305480532,9.236211455627362,US-MIAMI,Miami,United States,25.7617,-80.1918,10782.15
EONET_12213,Wildfire in Benin 1023129,wildfires,Wildfires,2024-12-19,1.6771967039617919,11.282823470518277,US-MIAMI,Miami,United States,25.7617,-80.1918,8659.9
EONET_12214,Wildfire in Sudan 1023122,wildfires,Wildfires,2024-12-19,28.048998571051854,6.079751998244758,US-MIAMI,Miami,United States,25.7617,-80.1918,11514.16
EONET_12215,Wildfire in Australia 1023131,wildfires,Wildfires,2024-12-19,139.44553945208315,-19.96298876078369,US-SAN_FRANCISCO,San Francisco,United States,37.7749,-122.4194,12044.25
EONET_12188,Wildfire in Ghana 1023104,wildfires,Wildfires,2024-12-18,-2.0138390674124684,9.459376982876414,US-MIAMI,Miami,United States,25.7617,-80.1918,8375.13
EONET_12192,Wildfire in Ghana 1023107,wildfires,Wildfires,2024-12-18,-1.8938193211369603,9.45624621320993,US-MIAMI,Miami,United States,25.7617,-80.1918,8387.26
EONET_12193,Wildfire in Sudan 1023105,wildfires,Wildfires,2024-12-18,31.547425301145744,9.13968705887703,US-MIAMI,Miami,United States,25.7617,-80.1918,11685.22
EONET_12216,Wildfire in Sudan 1023123,wildfires,Wildfires,2024-12-18,29.104091164328615,6.214360894263272,US-MIAMI,Miami,United States,25.7617,-80.1918,11609.52
EONET_12178,"Obar Railroad Wildfire, Quay, New Mexico",wildfires,Wildfires,2024-12-18,-103.190387,35.354386,US-DENVER,Denver,United States,39.7392,-104.9903,512.71
EONET_12183,Wildfire in Sudan 1023101,wildfires,Wildfires,2024-12-17,26.60656139531848,6.5755110777960954,US-MIAMI,Miami,United States,25.7617,-80.1918,11347.65
EONET_12189,Wildfire in Sudan 1023102,wildfires,Wildfires,2024-12-17,32.299037749287685,7.796701932269451,US-MIAMI,Miami,United States,25.7617,-80.1918,11831.33
EONET_12217,Wildfire in Sudan 1023124,wildfires,Wildfires,2024-12-17,32.846553837686145,9.771467259941888,US-MIAMI,Miami,United States,25.7617,-80.1918,11772.99
EONET_12227,Wildfire in Sudan 1023136,wildfires,Wildfires,2024-12-17,32.131352499286386,9.332724427581564,US-MIAMI,Miami,United States,25.7617,-80.1918,11729.94
EONET_12180,"UBC DT Block RX Wildfire, Coconino, Arizona",wildfires,Wildfires,2024-12-17,-111.468401,34.741449,US-PHOENIX,Phoenix,United States,33.4484,-112.074,154.21
EONET_12179,"RX CALV C-262-265 Wildfire, Vernon, Louisiana",wildfires,Wildfires,2024-12-17,-92.908717,31.0533,US-HOUSTON,Houston,United States,29.7604,-95.3698,276.34
EONET_12161,"Wildfire in Burkina Faso, Mali 1023086",wildfires,Wildfires,2024-12-16,-0.6277583371475721,15.059077423218392,US-MIAMI,Miami,United States,25.7617,-80.1918,8262.75
EONET_12167,Wildfire in Australia 1023090,wildfires,Wildfires,2024-12-16,142.46711012070458,-37.41261198267845,US-SAN_FRANCISCO,San Francisco,United States,37.7749,-122.4194,12826.14
EONET_12184,Wildfire in Sudan 1023096,wildfires,Wildfires,2024-12-16,26.320399396524785,8.157447038847955,US-MIAMI,Miami,United States,25.7617,-80.1918,11236.53
EONET_12185,Wildfire in Sudan 1023097,wildfires,Wildfires,2024-12-16,31.972620487727244,9.220984240534193,US-MIAMI,Miami,United States,25.7617,-80.1918,11721.11
EONET_12190,Wildfire in Sudan 1023103,wildfires,Wildfires,2024-12-16,29.12363987041677,6.091975439358199,US-MIAMI,Miami,United States,25.7617,-80.1918,11617.94
EONET_12196,Wildfire in Nigeria 1023110,wildfires,Wildfires,2024-12-16,5.375677639487464,6.9350526015659835,US-MIAMI,Miami,United States,25.7617,-80.1918,9231.08
EONET_12181,"APQ Rec Area 13 Rx 1214 Wildfire, Highlands, Florida",wildfires,Wildfires,2024-12-16,-81.294022,27.578295,US-MIAMI,Miami,United States,25.7617,-80.1918,229.77
EONET_12148,"Rx Lamar 3440 Wildfire, Lamar, Texas",wildfires,Wildfires,2024-12-16,-95.5874,33.8451,US-DALLAS,Dallas,United States,32.7767,-96.797,163.55
EONET_12173,"Raung Volcano, Indonesia",volcanoes,Volcanoes,2024-12-16,114.056,-8.119,US-SAN_FRANCISCO,San Francisco,United States,37.7749,-122.4194,13481.71
EONET_12168,Wildfire in Sudan 1023088,wildfires,Wildfires,2024-12-15,26.510492003022073,6.581660951987227,US-MIAMI,Miami,United States,25.7617,-80.1918,11337.97
EONET_12186,Wildfire in Ghana 1023100,wildfires,Wildfires,2024-12-15,-1.061756521358138,7.3051562997092345,US-MIAMI,Miami,United States,25.7617,-80.1918,8570.03
EONET_12194,Wildfire in Burkina Faso 1023108,wildfires,Wildfires,2024-12-15,-5.175711858487765,11.644825301940445,US-MIAMI,Miami,United States,25.7617,-80.1918,7960.64
EONET_12147,"Soap Wildfire, Yavapai, Arizona",wildfires,Wildfires,2024-12-15,-112.200767,34.088933,US-PHOENIX,Phoenix,United States,33.4484,-112.074,72.18
EONET_12150,"APQ Rec Area 4 Rx 1215 Wildfire, Polk, Florida",wildfires,Wildfires,2024-12-15,-81.332645,27.669495,US-MIAMI,Miami,United States,25.7617,-80.1918,240.5
EONET_12162,Wildfire in Sudan 1023082,wildfires,Wildfires,2024-12-14,32.63570905018464,9.695642753307384,US-MIAMI,Miami,United States,25.7617,-80.1918,11757.34
EONET_12169,Wildfire in Cote d&#039;Ivoire 1023091,wildfires,Wildfires,2024-12-14,-3.6594910900642263,8.793225281520789,US-MIAMI,Miami,United States,25.7617,-80.1918,8241.09
EONET_12195,Wildfire in Cote d&#039;Ivoire 1023109,wildfires,Wildfires,2024-12-14,-3.718219611202932,8.804297286483244,US-MIAMI,Miami,United States,25.7617,-80.1918,8234.71
EONET_12132,Wildfire in Niger 1023069,wildfires,Wildfires,2024-12-13,12.542507299986001,13.871897560840004,US-MIAMI,Miami,United States,25.7617,-80.1918,9609.14
EONET_12139,Wildfire in Cote d&#039;Ivoire 1023074,wildfires,Wildfires,2024-12-13,-3.7793502188578807,8.940257014081748,US-MIAMI,Miami,United States,25.7617,-80.1918,8222.35
EONET_12140,Wildfire in Sudan 1023076,wildfires,Wildfires,2024-12-13,29.241926081242337,6.353746851121146,US-MIAMI,Miami,United States,25.7617,-80.1918,11615.45
EONET_12141,Wildfire in Australia 1023077,wildfires,Wildfires,2024-12-13,145.76573525724984,-21.788925568901377,US-SAN_FRANCISCO,San Francisco,United States,37.7749,-122.4194,11621.45
EONET_12158,Wildfire in Australia 1023080,wildfires,Wildfires,2024-12-13,138.8801871658071,-19.968007239287235,US-SAN_FRANCISCO,San Francisco,United States,37.7749,-122.4194,12093.29
EONET_12163,Wildfire in Australia 1023087,wildfires,Wildfires,2024-12-13,116.59388568972828,-34.89628365692928,US-SAN_FRANCISCO,San Francisco,United States,37.7749,-122.4194,14808.22
EONET_12175,Wildfire in Ghana 1023094,wildfires,Wildfires,2024-12-13,-1.1077097207067432,8.043161141472076,US-MIAMI,Miami,United States,25.7617,-80.1918,8531.06
EONET_12151,"APQ Recreation Area 3 Rx 1213 Wildfire, Polk, Florida",wildfires,Wildfires,2024-12-13,-81.328526,27.682825,US-MIAMI,Miami,United States,25.7617,-80.1918,241.61
EONET_2734,Iceberg A23A,seaLakeIce,Sea and Lake Ice,2011-08-30,-41.4727,-75.8853,US-MIAMI,Miami,United States,25.7617,-80.1918,11618.36
EONET_2734,Iceberg A23A,seaLakeIce,Sea and Lake Ice,2021-03-26,-39.74,-75.7,US-MIAMI,Miami,United States,25.7617,-80.1918,11629.8
EONET_2734,Iceberg A23A,seaLakeIce,Sea and Lake Ice,2022-03-11,-37.63,-75.55,US-MIAMI,Miami,United States,25.7617,-80.1918,11652.62
EONET_2734,Iceberg A23A,seaLakeIce,Sea and Lake Ice,2022-04-08,-37.38,-75.08,US-MIAMI,Miami,United States,25.7617,-80.1918,11616.52
EONET_2734,Iceberg A23A,seaLakeIce,Sea and Lake Ice,2022-06-10,-38.83,-74.79,US-MIAMI,Miami,United States,25.7617,-80.1918,11565.2
EONET_2734,Iceberg A23A,seaLakeIce,Sea and Lake Ice,2022-08-05,-39.92,-74.31,US-MIAMI,Miami,United States,25.7617,-80.1918,11503.18
EONET_2734,Iceberg A23A,seaLakeIce,Sea and Lake Ice,2022-09-09,-40.86,-73.89,US-MIAMI,Miami,United States,25.7617,-80.1918,11448.59
EONET_2734,Iceberg A23A,seaLakeIce,Sea and Lake Ice,2022-10-21,-42.91,-73.66,US-MIAMI,Miami,United States,25.7617,-80.1918,11391.17
EONET_2734,Iceberg A23A,seaLakeIce,Sea and Lake Ice,2022-11-04,-43.85,-73.26,US-MIAMI,Miami,United States,25.7617,-80.1918,11337.66
EONET_2734,Iceberg A23A,seaLakeIce,Sea and Lake Ice,2022-12-02,-44.88,-72.85,US-MIAMI,Miami,United States,25.7617,-80.1918,11281.27
EONET_2734,Iceberg A23A,seaLakeIce,Sea and Lake Ice,2022-12-23,-45.99,-72.52,US-MIAMI,Miami,United States,25.7617,-80.1918,11230.78
EONET_2734,Iceberg A23A,seaLakeIce,Sea and Lake Ice,2023-01-13,-46.97,-72.15,US-MIAMI,Miami,United States,25.7617,-80.1918,11178.54
EONET_2734,Iceberg A23A,seaLakeIce,Sea and Lake Ice,2023-02-24,-48.51,-71.97,US-MIAMI,Miami,United States,25.7617,-80.1918,11135.19
EONET_2734,Iceberg A23A,seaLakeIce,Sea and Lake Ice,2023-03-31,-50.08,-71.88,US-MIAMI,Miami,United States,25.7617,-80.1918,11100.93
EONET_2734,Iceberg A23A,seaLakeIce,Sea and Lake Ice,2023-04-21,-51.9,-71.68,US-MIAMI,Miami,United States,25.7617,-80.1918,11052.82
EONET_2734,Iceberg A23A,seaLakeIce,Sea and Lake Ice,2023-05-12,-54.13,-71.02,US-MIAMI,Miami,United States,25.7617,-80.1918,10953.09
EONET_2734,Iceberg A23A,seaLakeIce,Sea and Lake Ice,2023-06-02,-55.05,-70.5,US-MIAMI,Miami,United States,25.7617,-80.1918,10886.67
EONET_2734,Iceberg A23A,seaLakeIce,Sea and Lake Ice,2023-06-15,-56.07,-69.44,US-MIAMI,Miami,United States,25.7617,-80.1918,10762.88
EONET_2734,Iceberg A23A,seaLakeIce,Sea and Lake Ice,2023-06-23,-55.05,-70.5,US-MIAMI,Miami,United States,25.7617,-80.1918,10886.67
EONET_2734,Iceberg A23A,seaLakeIce,Sea and Lake Ice,2023-06-30,-55.95,-68.33,US-MIAMI,Miami,United States,25.7617,-80.1918,10650.05
EONET_2734,Iceberg A23A,seaLakeIce,Sea and Lake Ice,2023-07-14,-55.55,-67.81,US-MIAMI,Miami,United States,25.7617,-80.1918,10602.65
EONET_2734,Iceberg A23A,seaLakeIce,Sea and Lake Ice,2023-07-28,-55.05,-70.5,US-MIAMI,Miami,United States,25.7617,-80.1918,10886.67
EONET_2734,Iceberg A23A,seaLakeIce,Sea and Lake Ice,2023-08-04,-55.05,-66.57,US-MIAMI,Miami,United States,25.7617,-80.1918,10483.34
EONET_2734,Iceberg A23A,seaLakeIce,Sea and Lake Ice,2023-08-18,-54.0,-66.0,US-MIAMI,Miami,United States,25.7617,-80.1918,10443.37
EONET_2734,Iceberg A23A,seaLakeIce,Sea and Lake Ice,2023-09-08,-53.63,-65.46,US-MIAMI,Miami,United States,25.7617,-80.1918,10395.15
EONET_2734,Iceberg A23A,seaLakeIce,Sea and Lake Ice,2023-09-22,-53.96,-64.64,US-MIAMI,Miami,United States,25.7617,-80.1918,10305.41
EONET_2734,Iceberg A23A,seaLakeIce,Sea and Lake Ice,2023-10-06,-53.11,-64.07,US-MIAMI,Miami,United States,25.7617,-80.1918,10263.99
EONET_2734,Iceberg A23A,seaLakeIce,Sea and Lake Ice,2023-10-20,-52.03,-63.78,US-MIAMI,Miami,United States,25.7617,-80.1918,10256.75
EONET_2734,Iceberg A23A,seaLakeIce,Sea and Lake Ice,2023-11-03,-51.68,-63.34,US-MIAMI,Miami,United States,25.7617,-80.1918,10219.94
EONET_2734,Iceberg A23A,seaLakeIce,Sea and Lake Ice,2023-11-24,-52.44,-62.82,US-MIAMI,Miami,United States,25.7617,-80.1918,10151.34
EONET_2734,Iceberg A23A,seaLakeIce,Sea and Lake Ice,2023-12-08,-53.05,-62.39,US-MIAMI,Miami,United States,25.7617,-80.1918,10094.89
EONET_2734,Iceberg A23A,seaLakeIce,Sea and Lake Ice,2023-12-21,-52.23,-62.02,US-MIAMI,Miami,United States,25.7617,-80.1918,10075.2
EONET_2734,Iceberg A23A,seaLakeIce,Sea and Lake Ice,2024-01-04,-50.86,-61.42,US-MIAMI,Miami,United States,25.7617,-80.1918,10046.19
EONET_2734,Iceberg A23A,seaLakeIce,Sea and Lake Ice,2024-01-18,-50.27,-61.05,US-MIAMI,Miami,United States,25.7617,-80.1918,10023.41
EONET_2734,Iceberg A23A,seaLakeIce,Sea and Lake Ice,2024-02-16,-51.64,-60.8,US-MIAMI,Miami,United States,25.7617,-80.1918,9965.88
EONET_2734,Iceberg A23A,seaLakeIce,Sea and Lake Ice,2024-03-07,-50.28,-60.29,US-MIAMI,Miami,United States,25.7617,-80.1918,9947.66
EONET_2734,Iceberg A23A,seaLakeIce,Sea and Lake Ice,2024-03-15,-49.43,-60.05,US-MIAMI,Miami,United States,25.7617,-80.1918,9945.28
EONET_2734,Iceberg A23A,seaLakeIce,Sea and Lake Ice,2024-03-22,-51.22,-60.56,US-MIAMI,Miami,United States,25.7617,-80.1918,9951.74
EONET_2734,Iceberg A23A,seaLakeIce,Sea and Lake Ice,2024-03-29,-45.37,-59.65,US-MIAMI,Miami,United States,25.7617,-80.1918,10017.05
EONET_2734,Iceberg A23A,seaLakeIce,Sea and Lake Ice,2024-04-05,-44.79,-58.89,US-MIAMI,Miami,United States,25.7617,-80.1918,9961.83
EONET_2734,Iceberg A23A,seaLakeIce,Sea and Lake Ice,2024-12-13,-42.12,-57.37,US-MIAMI,Miami,United States,25.7617,-80.1918,9903.9
EONET_2734,Iceberg A23A,seaLakeIce,Sea and Lake Ice,2024-12-20,-40.46,-57.37,US-MIAMI,Miami,United States,25.7617,-80.1918,9960.2
EONET_2734,Iceberg A23A,seaLakeIce,Sea and Lake Ice,2025-01-02,-39.56,-57.74,US-MIAMI,Miami,United States,25.7617,-80.1918,10024.88
EONET_2734,Iceberg A23A,seaLakeIce,Sea and Lake Ice,2025-01-10,-38.63,-57.46,US-MIAMI,Miami,United States,25.7617,-80.1918,10032.59
EONET_2734,Iceberg A23A,seaLakeIce,Sea and Lake Ice,2025-01-23,-39.34,-56.88,US-MIAMI,Miami,United States,25.7617,-80.1918,9955.28
EONET_2734,Iceberg A23A,seaLakeIce,Sea and Lake Ice,2025-01-31,-40.31,-56.79,US-MIAMI,Miami,United States,25.7617,-80.1918,9912.73
EONET_2734,Iceberg A23A,seaLakeIce,Sea and Lake Ice,2025-02-14,-40.92,-56.45,US-MIAMI,Miami,United States,25.7617,-80.1918,9860.36
EONET_2734,Iceberg A23A,seaLakeIce,Sea and Lake Ice,2025-02-21,-40.38,-55.65,US-MIAMI,Miami,United States,25.7617,-80.1918,9806.72
EONET_2734,Iceberg A23A,seaLakeIce,Sea and Lake Ice,2025-02-28,-39.13,-54.78,US-MIAMI,Miami,United States,25.7617,-80.1918,9774.58
EONET_2734,Iceberg A23A,seaLakeIce,Sea and Lake Ice,2025-06-05,-37.77,-55.39,US-MIAMI,Miami,United States,25.7617,-80.1918,9880.76
EONET_2734,Iceberg A23A,seaLakeIce,Sea and Lake Ice,2025-06-12,-36.52,-56.36,US-MIAMI,Miami,United States,25.7617,-80.1918,10013.76
EONET_2734,Iceberg A23A,seaLakeIce,Sea and Lake Ice,2025-06-20,-35.2,-56.74,US-MIAMI,Miami,United States,25.7617,-80.1918,10097.52
EONET_2734,Iceberg A23A,seaLakeIce,Sea and Lake Ice,2025-06-27,-34.07,-56.68,US-MIAMI,Miami,United States,25.7617,-80.1918,10136.76
EONET_2734,Iceberg A23A,seaLakeIce,Sea and Lake Ice,2025-07-04,-33.8,-56.19,US-MIAMI,Miami,United States,25.7617,-80.1918,10106.19
EONET_2734,Iceberg A23A,seaLakeIce,Sea and Lake Ice,2025-08-08,-33.77,-55.33,US-MIAMI,Miami,United States,25.7617,-80.1918,10034.93
EONET_2734,Iceberg A23A,seaLakeIce,Sea and Lake Ice,2025-08-21,-35.0,-54.0,US-MIAMI,Miami,United States,25.7617,-80.1918,9870.94
EONET_2734,Iceberg A23A,seaLakeIce,Sea and Lake Ice,2025-08-28,-36.78,-53.3,US-MIAMI,Miami,United States,25.7617,-80.1918,9736.63
EONET_2734,Iceberg A23A,seaLakeIce,Sea and Lake Ice,2025-09-11,-36.8,-52.77,US-MIAMI,Miami,United States,25.7617,-80.1918,9689.53
EONET_2734,Iceberg A23A,seaLakeIce,Sea and Lake Ice,2025-09-26,-37.04,-53.26,US-MIAMI,Miami,United States,25.7617,-80.1918,9722.45
EONET_2734,Iceberg A23A,seaLakeIce,Sea and Lake Ice,2025-10-16,-38.75,-53.43,US-MIAMI,Miami,United States,25.7617,-80.1918,9668.59
EONET_2734,Iceberg A23A,seaLakeIce,Sea and Lake Ice,2025-10-23,-40.23,-53.06,US-MIAMI,Miami,United States,25.7617,-80.1918,9577.38
EONET_2734,Iceberg A23A,seaLakeIce,Sea and Lake Ice,2025-11-28,-40.48,-52.42,US-MIAMI,Miami,United States,25.7617,-80.1918,9509.6
EONET_2734,Iceberg A23A,seaLakeIce,Sea and Lake Ice,2025-12-12,-39.89,-52.74,US-MIAMI,Miami,United States,25.7617,-80.1918,9561.72
EONET_2734,Iceberg A23A,seaLakeIce,Sea and Lake Ice,2026-01-09,-40.88,-52.98,US-MIAMI,Miami,United States,25.7617,-80.1918,9545.07
EONET_2734,Iceberg A23A,seaLakeIce,Sea and Lake Ice,2026-01-23,-41.49,-52.31,US-MIAMI,Miami,United States,25.7617,-80.1918,9460.39
EONET_2734,Iceberg A23A,seaLakeIce,Sea and Lake Ice,2026-01-30,-41.41,-51.64,US-MIAMI,Miami,United States,25.7617,-80.1918,9402.07
EONET_2734,Iceberg A23A,seaLakeIce,Sea and Lake Ice,2026-02-06,-40.26,-49.76,US-MIAMI,Miami,United States,25.7617,-80.1918,9277.45
EONET_2734,Iceberg A23A,seaLakeIce,Sea and Lake Ice,2026-02-13,-40.64,-48.95,US-MIAMI,Miami,United States,25.7617,-80.1918,9188.12
EONET_2734,Iceberg A23A,seaLakeIce,Sea and Lake Ice,2026-02-19,-34.61,-48.02,US-MIAMI,Miami,United States,25.7617,-80.1918,9378.89
EONET_2734,Iceberg A23A,seaLakeIce,Sea and Lake Ice,2026-02-26,-31.83,-47.17,US-MIAMI,Miami,United States,25.7617,-80.1918,9445.83
EONET_2734,Iceberg A23A,seaLakeIce,Sea and Lake Ice,2026-03-06,-33.43,-48.6,US-MIAMI,Miami,United States,25.7617,-80.1918,9484.7
EONET_2734,Iceberg A23A,seaLakeIce,Sea and Lake Ice,2026-03-13,-31.79,-48.95,US-MIAMI,Miami,United States,25.7617,-80.1918,9593.82
EONET_2736,Iceberg B22A,seaLakeIce,Sea and Lake Ice,2011-08-30,-108.5265,-74.2006,US-MIAMI,Miami,United States,25.7617,-80.1918,11305.87
EONET_2736,Iceberg B22A,seaLakeIce,Sea and Lake Ice,2022-02-18,-109.44,-73.82,US-MIAMI,Miami,United States,25.7617,-80.1918,11280.31
EONET_2736,Iceberg B22A,seaLakeIce,Sea and Lake Ice,2023-01-27,-108.78,-73.39,US-MIAMI,Miami,United States,25.7617,-80.1918,11228.27
EONET_2736,Iceberg B22A,seaLakeIce,Sea and Lake Ice,2023-02-17,-108.24,-72.76,US-MIAMI,Miami,United States,25.7617,-80.1918,11157.58
EONET_2736,Iceberg B22A,seaLakeIce,Sea and Lake Ice,2023-03-10,-108.85,-72.33,US-MIAMI,Miami,United States,25.7617,-80.1918,11123.36
EONET_2736,Iceberg B22A,seaLakeIce,Sea and Lake Ice,2023-04-21,-111.09,-72.2,US-MIAMI,Miami,United States,25.7617,-80.1918,11144.96
EONET_2736,Iceberg B22A,seaLakeIce,Sea and Lake Ice,2023-05-19,-113.27,-72.1,US-MIAMI,Miami,United States,25.7617,-80.1918,11171.27
EONET_2736,Iceberg B22A,seaLakeIce,Sea and Lake Ice,2023-06-30,-115.09,-72.02,US-MIAMI,Miami,United States,25.7617,-80.1918,11195.55
EONET_2736,Iceberg B22A,seaLakeIce,Sea and Lake Ice,2023-07-28,-113.47,-72.13,US-MIAMI,Miami,United States,25.7617,-80.1918,11177.58
EONET_2736,Iceberg B22A,seaLakeIce,Sea and Lake Ice,2023-08-18,-112.4,-71.72,US-MIAMI,Miami,United States,25.7617,-80.1918,11119.69
EONET_2736,Iceberg B22A,seaLakeIce,Sea and Lake Ice,2023-12-08,-114.38,-71.47,US-MIAMI,Miami,United States,25.7617,-80.1918,11130.45
EONET_2736,Iceberg B22A,seaLakeIce,Sea and Lake Ice,2024-01-04,-116.41,-71.5,US-MIAMI,Miami,United States,25.7617,-80.1918,11171.1
EONET_2736,Iceberg B22A,seaLakeIce,Sea and Lake Ice,2024-02-16,-117.78,-71.81,US-MIAMI,Miami,United States,25.7617,-80.1918,11226.27
EONET_2736,Iceberg B22A,seaLakeIce,Sea and Lake Ice,2024-03-29,-119.18,-72.15,US-MIAMI,Miami,United States,25.7617,-80.1918,11284.75
EONET_2736,Iceberg B22A,seaLakeIce,Sea and Lake Ice,2024-12-13,-143.26,-74.32,US-MIAMI,Miami,United States,25.7617,-80.1918,12003.65
EONET_2736,Iceberg B22A,seaLakeIce,Sea and Lake Ice,2024-12-20,-145.28,-74.54,US-MIAMI,Miami,United States,25.7617,-80.1918,12067.84
EONET_2736,Iceberg B22A,seaLakeIce,Sea and Lake Ice,2025-01-02,-147.2,-74.93,US-MIAMI,Miami,United States,25.7617,-80.1918,12138.12
EONET_2736,Iceberg B22A,seaLakeIce,Sea and Lake Ice,2025-01-23,-149.39,-75.29,US-MIAMI,Miami,United States,25.7617,-80.1918,12212.11
EONET_2736,Iceberg B22A,seaLakeIce,Sea and Lake Ice,2025-01-31,-151.53,-75.62,US-MIAMI,Miami,United States,25.7617,-80.1918,12281.84
EONET_2736,Iceberg B22A,seaLakeIce,Sea and Lake Ice,2025-02-14,-153.91,-75.86,US-MIAMI,Miami,United States,25.7617,-80.1918,12352.26
EONET_2736,Iceberg B22A,seaLakeIce,Sea and Lake Ice,2025-03-06,-155.77,-76.31,US-MIAMI,Miami,United States,25.7617,-80.1918,12416.7
EONET_2736,Iceberg B22A,seaLakeIce,Sea and Lake Ice,2025-03-27,-158.09,-76.29,US-MIAMI,Miami,United States,25.7617,-80.1918,12473.7
EONET_2736,Iceberg B22A,seaLakeIce,Sea and Lake Ice,2025-04-11,-160.03,-76.16,US-MIAMI,Miami,United States,25.7617,-80.1918,12518.52
EONET_2736,Iceberg B22A,seaLakeIce,Sea and Lake Ice,2025-05-09,-161.95,-75.8,US-MIAMI,Miami,United States,25.7617,-80.1918,12557.75
EONET_2736,Iceberg B22A,seaLakeIce,Sea and Lake Ice,2025-05-22,-162.46,-75.3,US-MIAMI,Miami,United States,25.7617,-80.1918,12557.59
EONET_2736,Iceberg B22A,seaLakeIce,Sea and Lake Ice,2025-06-05,-165.18,-75.08,US-LOS_ANGELES,Los Angeles,United States,34.0522,-118.2437,12597.46
EONET_2736,Iceberg B22A,seaLakeIce,Sea and Lake Ice,2025-06-20,-167.15,-74.62,US-LOS_ANGELES,Los Angeles,United States,34.0522,-118.2437,12597.8
EONET_2736,Iceberg B22A,seaLakeIce,Sea and Lake Ice,2025-07-04,-168.96,-74.24,US-LOS_ANGELES,Los Angeles,United States,34.0522,-118.2437,12604.42
EONET_2736,Iceberg B22A,seaLakeIce,Sea and Lake Ice,2025-07-31,-169.91,-73.66,US-LOS_ANGELES,Los Angeles,United States,34.0522,-118.2437,12579.05
EONET_2736,Iceberg B22A,seaLakeIce,Sea and Lake Ice,2025-08-21,-170.36,-72.85,US-LOS_ANGELES,Los Angeles,United States,34.0522,-118.2437,12525.61
EONET_2736,Iceberg B22A,seaLakeIce,Sea and Lake Ice,2025-09-04,-171.01,-72.31,US-LOS_ANGELES,Los Angeles,United States,34.0522,-118.2437,12498.77
EONET_2736,Iceberg B22A,seaLakeIce,Sea and Lake Ice,2025-09-11,-172.53,-72.15,US-LOS_ANGELES,Los Angeles,United States,34.0522,-118.2437,12523.65
EONET_2736,Iceberg B22A,seaLakeIce,Sea and Lake Ice,2025-09-26,-173.47,-71.69,US-LOS_ANGELES,Los Angeles,United States,34.0522,-118.2437,12512.62
EONET_2736,Iceberg B22A,seaLakeIce,Sea and Lake Ice,2025-10-09,-174.64,-71.1,US-LOS_ANGELES,Los Angeles,United States,34.0522,-118.2437,12499.4
EONET_2736,Iceberg B22A,seaLakeIce,Sea and Lake Ice,2025-10-16,-175.65,-70.78,US-LOS_ANGELES,Los Angeles,United States,34.0522,-118.2437,12503.43
EONET_2736,Iceberg B22A,seaLakeIce,Sea and Lake Ice,2025-10-31,-177.22,-70.62,US-LOS_ANGELES,Los Angeles,United States,34.0522,-118.2437,12535.93
EONET_2736,Iceberg B22A,seaLakeIce,Sea and Lake Ice,2025-11-28,-178.57,-70.25,US-LOS_ANGELES,Los Angeles,United States,34.0522,-118.2437,12548.94
EONET_2736,Iceberg B22A,seaLakeIce,Sea and Lake Ice,2026-03-26,-178.6,-70.7,US-LOS_ANGELES,Los Angeles,United States,34.0522,-118.2437,12580.99
EONET_2879,Iceberg D20A,seaLakeIce,Sea and Lake Ice,2011-08-30,36.9008,-69.2625,US-MIAMI,Miami,United States,25.7617,-80.1918,13730.8
EONET_2879,Iceberg D20A,seaLakeIce,Sea and Lake Ice,2017-12-01,36.37,-68.94,US-MIAMI,Miami,United States,25.7617,-80.1918,13720.18
EONET_2879,Iceberg D20A,seaLakeIce,Sea and Lake Ice,2021-04-23,36.27,-68.46,US-MIAMI,Miami,United States,25.7617,-80.1918,13730.13
EONET_2879,Iceberg D20A,seaLakeIce,Sea and Lake Ice,2021-10-01,34.11,-68.16,US-MIAMI,Miami,United States,25.7617,-80.1918,13651.78
EONET_2879,Iceberg D20A,seaLakeIce,Sea and Lake Ice,2021-10-15,32.4,-68.3,US-MIAMI,Miami,United States,25.7617,-80.1918,13579.57
EONET_2879,Iceberg D20A,seaLakeIce,Sea and Lake Ice,2021-10-29,31.48,-68.93,US-MIAMI,Miami,United States,25.7617,-80.1918,13529.92
EONET_2879,Iceberg D20A,seaLakeIce,Sea and Lake Ice,2021-11-12,28.28,-69.26,US-MIAMI,Miami,United States,25.7617,-80.1918,13398.8
EONET_2879,Iceberg D20A,seaLakeIce,Sea and Lake Ice,2022-02-04,23.55,-69.6,US-MIAMI,Miami,United States,25.7617,-80.1918,13211.33
EONET_2879,Iceberg D20A,seaLakeIce,Sea and Lake Ice,2022-04-08,21.89,-69.48,US-MIAMI,Miami,United States,25.7617,-80.1918,13147.42
EONET_2879,Iceberg D20A,seaLakeIce,Sea and Lake Ice,2022-04-15,20.51,-69.63,US-MIAMI,Miami,United States,25.7617,-80.1918,13093.55
EONET_2879,Iceberg D20A,seaLakeIce,Sea and Lake Ice,2022-04-22,16.2,-69.35,US-MIAMI,Miami,United States,25.7617,-80.1918,12924.81
EONET_2879,Iceberg D20A,seaLakeIce,Sea and Lake Ice,2022-04-29,12.16,-69.41,US-MIAMI,Miami,United States,25.7617,-80.1918,12768.06
EONET_2879,Iceberg D20A,seaLakeIce,Sea and Lake Ice,2022-05-06,7.22,-69.87,US-MIAMI,Miami,United States,25.7617,-80.1918,12588.25
EONET_2879,Iceberg D20A,seaLakeIce,Sea and Lake Ice,2022-05-20,-0.92,-69.47,US-MIAMI,Miami,United States,25.7617,-80.1918,12273.6
EONET_2879,Iceberg D20A,seaLakeIce,Sea and Lake Ice,2022-05-27,-6.33,-70.26,US-MIAMI,Miami,United States,25.7617,-80.1918,12113.31
EONET_2879,Iceberg D20A,seaLakeIce,Sea and Lake Ice,2022-06-03,-9.26,-70.52,US-MIAMI,Miami,United States,25.7617,-80.1918,12026.59
EONET_2879,Iceberg D20A,seaLakeIce,Sea and Lake Ice,2022-06-10,-9.71,-70.06,US-MIAMI,Miami,United States,25.7617,-80.1918,11988.56
EONET_2879,Iceberg D20A,seaLakeIce,Sea and Lake Ice,2022-06-17,-11.03,-70.84,US-MIAMI,Miami,United States,25.7617,-80.1918,11984.86
EONET_2879,Iceberg D20A,seaLakeIce,Sea and Lake Ice,2022-06-24,-15.47,-71.77,US-MIAMI,Miami,United States,25.7617,-80.1918,11898.76
EONET_2879,Iceberg D20A,seaLakeIce,Sea and Lake Ice,2022-07-01,-17.35,-72.38,US-MIAMI,Miami,United States,25.7617,-80.1918,11880.75
EONET_2879,Iceberg D20A,seaLakeIce,Sea and Lake Ice,2022-07-08,-21.48,-73.14,US-MIAMI,Miami,United States,25.7617,-80.1918,11817.53
EONET_2879,Iceberg D20A,seaLakeIce,Sea and Lake Ice,2022-07-22,-25.0,-73.39,US-MIAMI,Miami,United States,25.7617,-80.1918,11746.26
EONET_2879,Iceberg D20A,seaLakeIce,Sea and Lake Ice,2022-07-29,-26.66,-74.29,US-MIAMI,Miami,United States,25.7617,-80.1918,11772.17
EONET_2879,Iceberg D20A,seaLakeIce,Sea and Lake Ice,2022-08-26,-28.58,-74.52,US-MIAMI,Miami,United States,25.7617,-80.1918,11746.64
EONET_2879,Iceberg D20A,seaLakeIce,Sea and Lake Ice,2022-09-16,-30.27,-74.52,US-MIAMI,Miami,United States,25.7617,-80.1918,11710.33
EONET_2879,Iceberg D20A,seaLakeIce,Sea and Lake Ice,2022-10-14,-31.92,-74.86,US-MIAMI,Miami,United States,25.7617,-80.1918,11702.94
EONET_2879,Iceberg D20A,seaLakeIce,Sea and Lake Ice,2022-10-21,-33.37,-74.52,US-MIAMI,Miami,United States,25.7617,-80.1918,11646.22
EONET_2879,Iceberg D20A,seaLakeIce,Sea and Lake Ice,2022-10-28,-35.77,-74.37,US-MIAMI,Miami,United States,25.7617,-80.1918,11586.19
EONET_2879,Iceberg D20A,seaLakeIce,Sea and Lake Ice,2022-11-18,-37.26,-73.92,US-MIAMI,Miami,United States,25.7617,-80.1918,11518.77
EONET_2879,Iceberg D20A,seaLakeIce,Sea and Lake Ice,2022-12-02,-38.91,-73.99,US-MIAMI,Miami,United States,25.7617,-80.1918,11493.38
EONET_2879,Iceberg D20A,seaLakeIce,Sea and Lake Ice,2022-12-16,-41.26,-73.6,US-MIAMI,Miami,United States,25.7617,-80.1918,11415.13
EONET_2879,Iceberg D20A,seaLakeIce,Sea and Lake Ice,2023-01-06,-41.95,-73.07,US-MIAMI,Miami,United States,25.7617,-80.1918,11354.26
EONET_2879,Iceberg D20A,seaLakeIce,Sea and Lake Ice,2023-02-10,-43.51,-72.8,US-MIAMI,Miami,United States,25.7617,-80.1918,11300.89
EONET_2879,Iceberg D20A,seaLakeIce,Sea and Lake Ice,2023-03-31,-45.39,-72.5,US-MIAMI,Miami,United States,25.7617,-80.1918,11239.3
EONET_2879,Iceberg D20A,seaLakeIce,Sea and Lake Ice,2023-04-14,-47.21,-72.32,US-MIAMI,Miami,United States,25.7617,-80.1918,11190.83
EONET_2879,Iceberg D20A,seaLakeIce,Sea and Lake Ice,2023-05-05,-49.49,-72.11,US-MIAMI,Miami,United States,25.7617,-80.1918,11132.98
EONET_2879,Iceberg D20A,seaLakeIce,Sea and Lake Ice,2023-05-12,-50.78,-71.71,US-MIAMI,Miami,United States,25.7617,-80.1918,11073.05
EONET_2879,Iceberg D20A,seaLakeIce,Sea and Lake Ice,2023-06-09,-52.39,-71.22,US-MIAMI,Miami,United States,25.7617,-80.1918,10999.18
EONET_2879,Iceberg D20A,seaLakeIce,Sea and Lake Ice,2023-06-15,-53.1,-70.28,US-MIAMI,Miami,United States,25.7617,-80.1918,10893.39
EONET_2879,Iceberg D20A,seaLakeIce,Sea and Lake Ice,2023-06-23,-51.65,-71.52,US-MIAMI,Miami,United States,25.7617,-80.1918,11040.61
EONET_2879,Iceberg D20A,seaLakeIce,Sea and Lake Ice,2023-06-30,-53.4,-68.79,US-MIAMI,Miami,United States,25.7617,-80.1918,10737.58
EONET_2879,Iceberg D20A,seaLakeIce,Sea and Lake Ice,2023-07-14,-52.99,-68.13,US-MIAMI,Miami,United States,25.7617,-80.1918,10677.57
EONET_2879,Iceberg D20A,seaLakeIce,Sea and Lake Ice,2023-07-28,-51.65,-71.52,US-MIAMI,Miami,United States,25.7617,-80.1918,11040.61
EONET_2879,Iceberg D20A,seaLakeIce,Sea and Lake Ice,2023-08-04,-53.24,-66.79,US-MIAMI,Miami,United States,25.7617,-80.1918,10537.4
EONET_2879,Iceberg D20A,seaLakeIce,Sea and Lake Ice,2023-08-18,-52.15,-66.38,US-MIAMI,Miami,United States,25.7617,-80.1918,10516.06
EONET_2879,Iceberg D20A,seaLakeIce,Sea and Lake Ice,2023-09-01,-50.44,-66.38,US-MIAMI,Miami,United States,25.7617,-80.1918,10549.33
EONET_2879,Iceberg D20A,seaLakeIce,Sea and Lake Ice,2023-09-15,-50.66,-65.54,US-MIAMI,Miami,United States,25.7617,-80.1918,10461.31
EONET_2879,Iceberg D20A,seaLakeIce,Sea and Lake Ice,2023-09-22,-51.37,-65.06,US-MIAMI,Miami,United States,25.7617,-80.1918,10398.87
EONET_2879,Iceberg D20A,seaLakeIce,Sea and Lake Ice,2023-10-06,-49.99,-64.49,US-MIAMI,Miami,United States,25.7617,-80.1918,10371.16
EONET_2879,Iceberg D20A,seaLakeIce,Sea and Lake Ice,2023-10-13,-49.71,-63.94,US-MIAMI,Miami,United States,25.7617,-80.1918,10322.88
EONET_2879,Iceberg D20A,seaLakeIce,Sea and Lake Ice,2023-10-20,-49.37,-63.47,US-MIAMI,Miami,United States,25.7617,-80.1918,10284.17
EONET_2879,Iceberg D20A,seaLakeIce,Sea and Lake Ice,2023-11-03,-49.81,-62.95,US-MIAMI,Miami,United States,25.7617,-80.1918,10222.68
EONET_2879,Iceberg D20A,seaLakeIce,Sea and Lake Ice,2023-11-17,-50.37,-62.46,US-MIAMI,Miami,United States,25.7617,-80.1918,10161.17
EONET_2879,Iceberg D20A,seaLakeIce,Sea and Lake Ice,2023-12-08,-49.07,-62.06,US-MIAMI,Miami,United States,25.7617,-80.1918,10152.34
EONET_2879,Iceberg D20A,seaLakeIce,Sea and Lake Ice,2023-12-15,-48.0,-62.24,US-MIAMI,Miami,United States,25.7617,-80.1918,10196.26
EONET_2879,Iceberg D20A,seaLakeIce,Sea and Lake Ice,2024-01-04,-46.34,-62.47,US-MIAMI,Miami,United States,25.7617,-80.1918,10260.59
EONET_2879,Iceberg D20A,seaLakeIce,Sea and Lake Ice,2024-01-11,-45.48,-62.74,US-MIAMI,Miami,United States,25.7617,-80.1918,10308.8
EONET_2879,Iceberg D20A,seaLakeIce,Sea and Lake Ice,2024-03-01,-44.91,-62.33,US-MIAMI,Miami,United States,25.7617,-80.1918,10284.89
EONET_2879,Iceberg D20A,seaLakeIce,Sea and Lake Ice,2024-03-07,-43.92,-62.13,US-MIAMI,Miami,United States,25.7617,-80.1918,10293.02
EONET_2879,Iceberg D20A,seaLakeIce,Sea and Lake Ice,2024-03-22,-44.91,-62.33,US-MIAMI,Miami,United States,25.7617,-80.1918,10284.89
EONET_2879,Iceberg D20A,seaLakeIce,Sea and Lake Ice,2024-03-29,-42.64,-61.9,US-MIAMI,Miami,United States,25.7617,-80.1918,10307.68
EONET_2879,Iceberg D20A,seaLakeIce,Sea and Lake Ice,2024-12-13,-32.28,-54.4,US-MIAMI,Miami,United States,25.7617,-80.1918,10020.26
EONET_2879,Iceberg D20A,seaLakeIce,Sea and Lake Ice,2024-12-26,-29.32,-53.58,US-MIAMI,Miami,United States,25.7617,-80.1918,10086.03
EONET_4125,Iceberg B15AB,seaLakeIce,Sea and Lake Ice,2019-03-12,51.31,-65.98,US-MIAMI,Miami,United States,25.7617,-80.1918,14431.49
EONET_4125,Iceberg B15AB,seaLakeIce,Sea and Lake Ice,2023-02-24,49.16,-66.13,US-MIAMI,Miami,United States,25.7617,-80.1918,14337.75
EONET_4125,Iceberg B15AB,seaLakeIce,Sea and Lake Ice,2023-03-10,45.05,-66.98,US-MIAMI,Miami,United States,25.7617,-80.1918,14133.13
EONET_4125,Iceberg B15AB,seaLakeIce,Sea and Lake Ice,2023-03-24,45.27,-66.36,US-MIAMI,Miami,United States,25.7617,-80.1918,14168.61
EONET_4125,Iceberg B15AB,seaLakeIce,Sea and Lake Ice,2023-03-31,44.44,-67.03,US-MIAMI,Miami,United States,25.7617,-80.1918,14106.52
EONET_4125,Iceberg B15AB,seaLakeIce,Sea and Lake Ice,2023-04-14,42.52,-67.54,US-MIAMI,Miami,United States,25.7617,-80.1918,14009.1
EONET_4125,Iceberg B15AB,seaLakeIce,Sea and Lake Ice,2023-04-21,36.62,-68.33,US-MIAMI,Miami,United States,25.7617,-80.1918,13747.71
EONET_4125,Iceberg B15AB,seaLakeIce,Sea and Lake Ice,2023-04-28,34.09,-68.02,US-MIAMI,Miami,United States,25.7617,-80.1918,13654.33
EONET_4125,Iceberg B15AB,seaLakeIce,Sea and Lake Ice,2023-05-05,31.9,-68.53,US-MIAMI,Miami,United States,25.7617,-80.1918,13554.7
EONET_4125,Iceberg B15AB,seaLakeIce,Sea and Lake Ice,2023-05-12,28.01,-69.43,US-MIAMI,Miami,United States,25.7617,-80.1918,13385.85
EONET_4125,Iceberg B15AB,seaLakeIce,Sea and Lake Ice,2023-05-19,21.09,-69.78,US-MIAMI,Miami,United States,25.7617,-80.1918,13115.72
EONET_4125,Iceberg B15AB,seaLakeIce,Sea and Lake Ice,2023-05-26,16.36,-69.28,US-MIAMI,Miami,United States,25.7617,-80.1918,12930.57
EONET_4125,Iceberg B15AB,seaLakeIce,Sea and Lake Ice,2023-06-02,13.05,-69.44,US-MIAMI,Miami,United States,25.7617,-80.1918,12802.98
EONET_4125,Iceberg B15AB,seaLakeIce,Sea and Lake Ice,2023-06-09,10.96,-69.68,US-MIAMI,Miami,United States,25.7617,-80.1918,12726.04
EONET_4125,Iceberg B15AB,seaLakeIce,Sea and Lake Ice,2023-06-15,7.57,-69.81,US-MIAMI,Miami,United States,25.7617,-80.1918,12600.04
EONET_4125,Iceberg B15AB,seaLakeIce,Sea and Lake Ice,2023-06-23,13.05,-69.44,US-MIAMI,Miami,United States,25.7617,-80.1918,12802.98
EONET_4125,Iceberg B15AB,seaLakeIce,Sea and Lake Ice,2023-06-30,-2.42,-69.94,US-MIAMI,Miami,United States,25.7617,-80.1918,12236.95
EONET_4125,Iceberg B15AB,seaLakeIce,Sea and Lake Ice,2023-07-07,-7.07,-70.15,US-MIAMI,Miami,United States,25.7617,-80.1918,12082.88
EONET_4125,Iceberg B15AB,seaLakeIce,Sea and Lake Ice,2023-07-14,-10.71,-70.71,US-MIAMI,Miami,United States,25.7617,-80.1918,11988.5
EONET_4125,Iceberg B15AB,seaLakeIce,Sea and Lake Ice,2023-07-28,13.05,-69.44,US-MIAMI,Miami,United States,25.7617,-80.1918,12802.98
EONET_4125,Iceberg B15AB,seaLakeIce,Sea and Lake Ice,2023-08-04,-12.59,-71.49,US-MIAMI,Miami,United States,25.7617,-80.1918,11970.12
EONET_4125,Iceberg B15AB,seaLakeIce,Sea and Lake Ice,2023-10-06,-15.57,-72.01,US-MIAMI,Miami,United States,25.7617,-80.1918,11909.81
EONET_4125,Iceberg B15AB,seaLakeIce,Sea and Lake Ice,2024-02-16,-17.51,-72.03,US-MIAMI,Miami,United States,25.7617,-80.1918,11854.86
EONET_4125,Iceberg B15AB,seaLakeIce,Sea and Lake Ice,2024-02-23,-18.08,-72.48,US-MIAMI,Miami,United States,25.7617,-80.1918,11866.44
EONET_4125,Iceberg B15AB,seaLakeIce,Sea and Lake Ice,2024-03-07,-19.45,-72.04,US-MIAMI,Miami,United States,25.7617,-80.1918,11800.49
EONET_4125,Iceberg B15AB,seaLakeIce,Sea and Lake Ice,2024-03-22,-18.08,-72.48,US-MIAMI,Miami,United States,25.7617,-80.1918,11866.44
EONET_4125,Iceberg B15AB,seaLakeIce,Sea and Lake Ice,2024-03-29,-28.0,-74.3,US-MIAMI,Miami,United States,25.7617,-80.1918,11742.83
EONET_4125,Iceberg B15AB,seaLakeIce,Sea and Lake Ice,2024-12-13,-54.78,-68.94,US-MIAMI,Miami,United States,25.7617,-80.1918,10730.8
EONET_4125,Iceberg B15AB,seaLakeIce,Sea and Lake Ice,2025-01-10,-55.35,-68.08,US-MIAMI,Miami,United States,25.7617,-80.1918,10633.6
EONET_4125,Iceberg B15AB,seaLakeIce,Sea and Lake Ice,2025-01-31,-55.89,-67.53,US-MIAMI,Miami,United States,25.7617,-80.1918,10568.41
EONET_4125,Iceberg B15AB,seaLakeIce,Sea and Lake Ice,2025-03-06,-56.03,-67.02,US-MIAMI,Miami,United States,25.7617,-80.1918,10513.51
EONET_4125,Iceberg B15AB,seaLakeIce,Sea and Lake Ice,2025-04-04,-55.72,-66.35,US-MIAMI,Miami,United States,25.7617,-80.1918,10449.43
EONET_4125,Iceberg B15AB,seaLakeIce,Sea and Lake Ice,2025-04-18,-54.46,-66.0,US-MIAMI,Miami,United States,25.7617,-80.1918,10435.15
EONET_4125,Iceberg B15AB,seaLakeIce,Sea and Lake Ice,2025-05-09,-53.44,-65.54,US-MIAMI,Miami,United States,25.7617,-80.1918,10406.83
EONET_4125,Iceberg B15AB,seaLakeIce,Sea and Lake Ice,2025-05-22,-54.03,-64.6,US-MIAMI,Miami,United States,25.7617,-80.1918,10300.0
EONET_4125,Iceberg B15AB,seaLakeIce,Sea and Lake Ice,2025-05-29,-53.45,-64.16,US-MIAMI,Miami,United States,25.7617,-80.1918,10266.39
EONET_4125,Iceberg B15AB,seaLakeIce,Sea and Lake Ice,2025-06-20,-53.2,-63.52,US-MIAMI,Miami,United States,25.7617,-80.1918,10206.39
EONET_4125,Iceberg B15AB,seaLakeIce,Sea and Lake Ice,2025-07-18,-52.42,-63.22,US-MIAMI,Miami,United States,25.7617,-80.1918,10192.14
EONET_4125,Iceberg B15AB,seaLakeIce,Sea and Lake Ice,2025-07-31,-53.32,-62.61,US-MIAMI,Miami,United States,25.7617,-80.1918,10111.54
EONET_4125,Iceberg B15AB,seaLakeIce,Sea and Lake Ice,2025-08-14,-52.52,-61.78,US-MIAMI,Miami,United States,25.7617,-80.1918,10044.6
EONET_4125,Iceberg B15AB,seaLakeIce,Sea and Lake Ice,2025-08-21,-52.15,-61.22,US-MIAMI,Miami,United States,25.7617,-80.1918,9996.38
EONET_4125,Iceberg B15AB,seaLakeIce,Sea and Lake Ice,2025-08-28,-53.39,-61.37,US-MIAMI,Miami,United States,25.7617,-80.1918,9984.09
EONET_4125,Iceberg B15AB,seaLakeIce,Sea and Lake Ice,2025-09-11,-52.99,-60.43,US-MIAMI,Miami,United States,25.7617,-80.1918,9897.55
EONET_4125,Iceberg B15AB,seaLakeIce,Sea and Lake Ice,2025-09-26,-50.72,-58.92,US-MIAMI,Miami,United States,25.7617,-80.1918,9800.28
EONET_4125,Iceberg B15AB,seaLakeIce,Sea and Lake Ice,2025-10-09,-48.75,-57.76,US-MIAMI,Miami,United States,25.7617,-80.1918,9738.08
EONET_4125,Iceberg B15AB,seaLakeIce,Sea and Lake Ice,2025-10-23,-48.2,-58.15,US-MIAMI,Miami,United States,25.7617,-80.1918,9791.64
EONET_4125,Iceberg B15AB,seaLakeIce,Sea and Lake Ice,2025-10-31,-47.08,-58.66,US-MIAMI,Miami,United States,25.7617,-80.1918,9872.87
EONET_4125,Iceberg B15AB,seaLakeIce,Sea and Lake Ice,2025-11-07,-46.53,-59.4,US-MIAMI,Miami,United States,25.7617,-80.1918,9959.93
EONET_4125,Iceberg B15AB,seaLakeIce,Sea and Lake Ice,2025-11-14,-45.21,-58.62,US-MIAMI,Miami,United States,25.7617,-80.1918,9923.6
EONET_4125,Iceberg B15AB,seaLakeIce,Sea and Lake Ice,2025-11-21,-46.26,-58.15,US-MIAMI,Miami,United States,25.7617,-80.1918,9847.44
EONET_4125,Iceberg B15AB,seaLakeIce,Sea and Lake Ice,2025-12-12,-44.22,-57.23,US-MIAMI,Miami,United States,25.7617,-80.1918,9822.41
EONET_4125,Iceberg B15AB,seaLakeIce,Sea and Lake Ice,2025-12-18,-43.04,-57.07,US-MIAMI,Miami,United States,25.7617,-80.1918,9845.59
EONET_4125,Iceberg B15AB,seaLakeIce,Sea and Lake Ice,2026-01-02,-39.43,-58.0,US-MIAMI,Miami,United States,25.7617,-80.1918,10052.79
EONET_4125,Iceberg B15AB,seaLakeIce,Sea and Lake Ice,2026-01-09,-37.84,-57.68,US-MIAMI,Miami,United States,25.7617,-80.1918,10080.49
EONET_4125,Iceberg B15AB,seaLakeIce,Sea and Lake Ice,2026-01-16,-38.14,-56.77,US-MIAMI,Miami,United States,25.7617,-80.1918,9988.99
EONET_4125,Iceberg B15AB,seaLakeIce,Sea and Lake Ice,2026-01-23,-37.34,-56.39,US-MIAMI,Miami,United States,25.7617,-80.1918,9985.22
EONET_4125,Iceberg B15AB,seaLakeIce,Sea and Lake Ice,2026-01-30,-35.11,-57.62,US-MIAMI,Miami,United States,25.7617,-80.1918,10176.37
EONET_4125,Iceberg B15AB,seaLakeIce,Sea and Lake Ice,2026-02-06,-33.86,-56.11,US-MIAMI,Miami,United States,25.7617,-80.1918,10097.02
EONET_4125,Iceberg B15AB,seaLakeIce,Sea and Lake Ice,2026-02-13,-33.86,-54.98,US-MIAMI,Miami,United States,25.7617,-80.1918,10001.69
EONET_4125,Iceberg B15AB,seaLakeIce,Sea and Lake Ice,2026-02-19,-34.56,-53.63,US-MIAMI,Miami,United States,25.7617,-80.1918,9857.91
EONET_4125,Iceberg B15AB,seaLakeIce,Sea and Lake Ice,2026-03-06,-33.75,-53.33,US-MIAMI,Miami,United States,25.7617,-80.1918,9867.27
EONET_4129,Iceberg B38,seaLakeIce,Sea and Lake Ice,2019-03-13,-155.05,-77.0,US-MIAMI,Miami,United States,25.7617,-80.1918,12426.12
EONET_4129,Iceberg B38,seaLakeIce,Sea and Lake Ice,2024-12-13,-171.24,-71.85,US-LOS_ANGELES,Los Angeles,United States,34.0522,-118.2437,12468.57
EONET_4129,Iceberg B38,seaLakeIce,Sea and Lake Ice,2025-01-02,-171.92,-71.41,US-LOS_ANGELES,Los Angeles,United States,34.0522,-118.2437,12451.56
EONET_4129,Iceberg B38,seaLakeIce,Sea and Lake Ice,2025-01-31,-173.98,-71.25,US-LOS_ANGELES,Los Angeles,United States,34.0522,-118.2437,12492.95
EONET_4129,Iceberg B38,seaLakeIce,Sea and Lake Ice,2025-02-14,-175.89,-70.7,US-LOS_ANGELES,Los Angeles,United States,34.0522,-118.2437,12504.27
EONET_4129,Iceberg B38,seaLakeIce,Sea and Lake Ice,2025-02-28,-176.85,-70.15,US-LOS_ANGELES,Los Angeles,United States,34.0522,-118.2437,12491.81
EONET_4129,Iceberg B38,seaLakeIce,Sea and Lake Ice,2025-03-13,-177.18,-69.57,US-LOS_ANGELES,Los Angeles,United States,34.0522,-118.2437,12459.96
EONET_4129,Iceberg B38,seaLakeIce,Sea and Lake Ice,2025-03-27,-176.32,-69.04,US-LOS_ANGELES,Los Angeles,United States,34.0522,-118.2437,12396.0
EONET_4129,Iceberg B38,seaLakeIce,Sea and Lake Ice,2025-04-04,-176.08,-68.22,US-LOS_ANGELES,Los Angeles,United States,34.0522,-118.2437,12328.7
EONET_4129,Iceberg B38,seaLakeIce,Sea and Lake Ice,2025-04-18,-174.19,-67.89,US-LOS_ANGELES,Los Angeles,United States,34.0522,-118.2437,12245.87
EONET_4132,Iceberg B45,seaLakeIce,Sea and Lake Ice,2019-03-13,-109.37,-74.7,US-MIAMI,Miami,United States,25.7617,-80.1918,11366.79
EONET_4132,Iceberg B45,seaLakeIce,Sea and Lake Ice,2023-02-10,-109.52,-74.18,US-MIAMI,Miami,United States,25.7617,-80.1918,11317.16
EONET_4132,Iceberg B45,seaLakeIce,Sea and Lake Ice,2023-02-17,-108.63,-73.71,US-MIAMI,Miami,United States,25.7617,-80.1918,11258.18
EONET_4132,Iceberg B45,seaLakeIce,Sea and Lake Ice,2023-03-03,-109.3,-73.21,US-MIAMI,Miami,United States,25.7617,-80.1918,11217.67
EONET_4132,Iceberg B45,seaLakeIce,Sea and Lake Ice,2023-04-14,-110.77,-72.98,US-MIAMI,Miami,United States,25.7617,-80.1918,11216.61
EONET_4132,Iceberg B45,seaLakeIce,Sea and Lake Ice,2023-09-01,-111.44,-72.49,US-MIAMI,Miami,United States,25.7617,-80.1918,11178.95
EONET_4132,Iceberg B45,seaLakeIce,Sea and Lake Ice,2023-11-09,-113.12,-72.49,US-MIAMI,Miami,United States,25.7617,-80.1918,11206.32
EONET_4132,Iceberg B45,seaLakeIce,Sea and Lake Ice,2023-12-21,-114.33,-72.17,US-MIAMI,Miami,United States,25.7617,-80.1918,11196.31
EONET_4132,Iceberg B45,seaLakeIce,Sea and Lake Ice,2024-02-02,-115.83,-72.15,US-MIAMI,Miami,United States,25.7617,-80.1918,11221.22
EONET_4132,Iceberg B45,seaLakeIce,Sea and Lake Ice,2024-02-16,-117.3,-72.16,US-MIAMI,Miami,United States,25.7617,-80.1918,11249.41
EONET_4132,Iceberg B45,seaLakeIce,Sea and Lake Ice,2024-03-29,-118.81,-71.86,US-MIAMI,Miami,United States,25.7617,-80.1918,11251.07
EONET_4132,Iceberg B45,seaLakeIce,Sea and Lake Ice,2024-12-13,-119.43,-73.13,US-MIAMI,Miami,United States,25.7617,-80.1918,11378.29
EONET_4132,Iceberg B45,seaLakeIce,Sea and Lake Ice,2025-02-14,-121.0,-72.92,US-MIAMI,Miami,United States,25.7617,-80.1918,11389.71
EONET_4135,Iceberg C29,seaLakeIce,Sea and Lake Ice,2019-03-13,142.85,-66.1,US-LOS_ANGELES,Los Angeles,United States,34.0522,-118.2437,13824.44
EONET_4135,Iceberg C29,seaLakeIce,Sea and Lake Ice,2024-12-13,140.18,-65.61,US-LOS_ANGELES,Los Angeles,United States,34.0522,-118.2437,13938.78
EONET_4135,Iceberg C29,seaLakeIce,Sea and Lake Ice,2025-01-02,139.44,-65.22,US-LOS_ANGELES,Los Angeles,United States,34.0522,-118.2437,13968.76
EONET_4135,Iceberg C29,seaLakeIce,Sea and Lake Ice,2025-01-23,138.15,-65.28,US-LOS_ANGELES,Los Angeles,United States,34.0522,-118.2437,14029.16
EONET_4135,Iceberg C29,seaLakeIce,Sea and Lake Ice,2025-01-31,136.82,-65.17,US-LOS_ANGELES,Los Angeles,United States,34.0522,-118.2437,14090.26
EONET_4135,Iceberg C29,seaLakeIce,Sea and Lake Ice,2025-02-21,135.51,-64.85,US-LOS_ANGELES,Los Angeles,United States,34.0522,-118.2437,14150.2
EONET_4135,Iceberg C29,seaLakeIce,Sea and Lake Ice,2025-02-28,134.22,-64.76,US-LOS_ANGELES,Los Angeles,United States,34.0522,-118.2437,14210.98
EONET_4135,Iceberg C29,seaLakeIce,Sea and Lake Ice,2025-03-13,133.17,-64.88,US-LOS_ANGELES,Los Angeles,United States,34.0522,-118.2437,14260.75
EONET_4139,Iceberg C33,seaLakeIce,Sea and Lake Ice,2019-03-13,153.54,-68.1,US-LOS_ANGELES,Los Angeles,United States,34.0522,-118.2437,13416.62
EONET_4139,Iceberg C33,seaLakeIce,Sea and Lake Ice,2019-03-22,150.87,-68.1,US-LOS_ANGELES,Los Angeles,United States,34.0522,-118.2437,13523.8
EONET_4139,Iceberg C33,seaLakeIce,Sea and Lake Ice,2019-04-05,148.41,-67.99,US-LOS_ANGELES,Los Angeles,United States,34.0522,-118.2437,13621.1
EONET_4139,Iceberg C33,seaLakeIce,Sea and Lake Ice,2019-04-12,146.51,-67.48,US-LOS_ANGELES,Los Angeles,United States,34.0522,-118.2437,13689.34
EONET_4139,Iceberg C33,seaLakeIce,Sea and Lake Ice,2019-04-19,144.61,-66.77,US-LOS_ANGELES,Los Angeles,United States,34.0522,-118.2437,13757.58
EONET_4139,Iceberg C33,seaLakeIce,Sea and Lake Ice,2020-01-31,143.97,-66.38,US-LOS_ANGELES,Los Angeles,United States,34.0522,-118.2437,13779.1
EONET_4139,Iceberg C33,seaLakeIce,Sea and Lake Ice,2020-02-28,141.92,-65.82,US-LOS_ANGELES,Los Angeles,United States,34.0522,-118.2437,13862.26
EONET_4139,Iceberg C33,seaLakeIce,Sea and Lake Ice,2020-03-13,140.32,-65.69,US-LOS_ANGELES,Los Angeles,United States,34.0522,-118.2437,13933.27
EONET_4139,Iceberg C33,seaLakeIce,Sea and Lake Ice,2020-03-20,138.78,-65.64,US-LOS_ANGELES,Los Angeles,United States,34.0522,-118.2437,14003.07
EONET_4139,Iceberg C33,seaLakeIce,Sea and Lake Ice,2020-05-01,136.36,-65.06,US-LOS_ANGELES,Los Angeles,United States,34.0522,-118.2437,14111.17
EONET_4139,Iceberg C33,seaLakeIce,Sea and Lake Ice,2020-05-08,134.24,-64.75,US-LOS_ANGELES,Los Angeles,United States,34.0522,-118.2437,14210.01
EONET_4139,Iceberg C33,seaLakeIce,Sea and Lake Ice,2020-05-15,133.28,-65.21,US-LOS_ANGELES,Los Angeles,United States,34.0522,-118.2437,14255.47
EONET_4139,Iceberg C33,seaLakeIce,Sea and Lake Ice,2020-05-22,132.42,-65.58,US-LOS_ANGELES,Los Angeles,United States,34.0522,-118.2437,14294.71
EONET_4139,Iceberg C33,seaLakeIce,Sea and Lake Ice,2020-06-26,130.55,-65.56,US-LOS_ANGELES,Los Angeles,United States,34.0522,-118.2437,14380.73
EONET_4139,Iceberg C33,seaLakeIce,Sea and Lake Ice,2021-02-19,126.78,-65.46,US-LOS_ANGELES,Los Angeles,United States,34.0522,-118.2437,14554.8
EONET_4139,Iceberg C33,seaLakeIce,Sea and Lake Ice,2023-09-15,125.27,-65.32,US-LOS_ANGELES,Los Angeles,United States,34.0522,-118.2437,14626.11
EONET_4139,Iceberg C33,seaLakeIce,Sea and Lake Ice,2023-09-22,124.3,-65.55,US-LOS_ANGELES,Los Angeles,United States,34.0522,-118.2437,14666.74
EONET_4139,Iceberg C33,seaLakeIce,Sea and Lake Ice,2023-12-08,122.85,-65.49,US-LOS_ANGELES,Los Angeles,United States,34.0522,-118.2437,14733.72
EONET_4139,Iceberg C33,seaLakeIce,Sea and Lake Ice,2024-01-11,121.13,-65.57,US-LOS_ANGELES,Los Angeles,United States,34.0522,-118.2437,14809.7
EONET_4139,Iceberg C33,seaLakeIce,Sea and Lake Ice,2024-02-02,120.5,-66.15,US-LOS_ANGELES,Los Angeles,United States,34.0522,-118.2437,14823.51
EONET_4139,Iceberg C33,seaLakeIce,Sea and Lake Ice,2024-03-07,118.24,-66.51,US-LOS_ANGELES,Los Angeles,United States,34.0522,-118.2437,14911.09
EONET_4139,Iceberg C33,seaLakeIce,Sea and Lake Ice,2024-03-22,120.19,-66.55,US-LOS_ANGELES,Los Angeles,United States,34.0522,-118.2437,14826.5
EONET_4139,Iceberg C33,seaLakeIce,Sea and Lake Ice,2024-03-29,116.32,-65.92,US-LOS_ANGELES,Los Angeles,United States,34.0522,-118.2437,15012.33
EONET_4139,Iceberg C33,seaLakeIce,Sea and Lake Ice,2024-04-12,116.34,-65.46,US-LOS_ANGELES,Los Angeles,United States,34.0522,-118.2437,15026.46
EONET_4139,Iceberg C33,seaLakeIce,Sea and Lake Ice,2024-12-13,105.79,-66.14,US-LOS_ANGELES,Los Angeles,United States,34.0522,-118.2437,15439.88
EONET_4139,Iceberg C33,seaLakeIce,Sea and Lake Ice,2025-01-31,105.17,-65.7,US-LOS_ANGELES,Los Angeles,United States,34.0522,-118.2437,15488.23
EONET_4139,Iceberg C33,seaLakeIce,Sea and Lake Ice,2025-03-06,104.16,-65.52,US-LOS_ANGELES,Los Angeles,United States,34.0522,-118.2437,15538.43
EONET_4139,Iceberg C33,seaLakeIce,Sea and Lake Ice,2025-03-13,101.25,-65.19,US-MIAMI,Miami,United States,25.7617,-80.1918,15629.66
EONET_4431,Iceberg B47,seaLakeIce,Sea and Lake Ice,2019-09-20,-130.28,-74.27,US-MIAMI,Miami,United States,25.7617,-80.1918,11694.46
EONET_4431,Iceberg B47,seaLakeIce,Sea and Lake Ice,2019-12-13,-131.63,-73.89,US-MIAMI,Miami,United States,25.7617,-80.1918,11695.02
EONET_4431,Iceberg B47,seaLakeIce,Sea and Lake Ice,2020-01-03,-133.21,-73.74,US-MIAMI,Miami,United States,25.7617,-80.1918,11719.91
EONET_4431,Iceberg B47,seaLakeIce,Sea and Lake Ice,2022-05-20,-134.89,-74.24,US-MIAMI,Miami,United States,25.7617,-80.1918,11795.25
EONET_4431,Iceberg B47,seaLakeIce,Sea and Lake Ice,2023-07-07,-133.89,-73.87,US-MIAMI,Miami,United States,25.7617,-80.1918,11745.28
EONET_4431,Iceberg B47,seaLakeIce,Sea and Lake Ice,2023-09-15,-129.72,-74.08,US-MIAMI,Miami,United States,25.7617,-80.1918,11667.54
EONET_4431,Iceberg B47,seaLakeIce,Sea and Lake Ice,2023-09-30,-133.97,-73.88,US-MIAMI,Miami,United States,25.7617,-80.1918,11747.88
EONET_4431,Iceberg B47,seaLakeIce,Sea and Lake Ice,2023-11-09,-132.26,-73.74,US-MIAMI,Miami,United States,25.7617,-80.1918,11697.98
EONET_4431,Iceberg B47,seaLakeIce,Sea and Lake Ice,2023-11-24,-124.87,-72.87,US-MIAMI,Miami,United States,25.7617,-80.1918,11464.69
EONET_4431,Iceberg B47,seaLakeIce,Sea and Lake Ice,2023-12-15,-129.99,-73.51,US-MIAMI,Miami,United States,25.7617,-80.1918,11628.85
EONET_4431,Iceberg B47,seaLakeIce,Sea and Lake Ice,2023-12-21,-134.12,-73.9,US-MIAMI,Miami,United States,25.7617,-80.1918,11752.83
EONET_4431,Iceberg B47,seaLakeIce,Sea and Lake Ice,2024-01-04,-131.99,-73.5,US-MIAMI,Miami,United States,25.7617,-80.1918,11673.65
EONET_4431,Iceberg B47,seaLakeIce,Sea and Lake Ice,2024-01-11,-134.05,-73.87,US-MIAMI,Miami,United States,25.7617,-80.1918,11749.01
EONET_4431,Iceberg B47,seaLakeIce,Sea and Lake Ice,2024-03-29,-140.16,-74.63,US-MIAMI,Miami,United States,25.7617,-80.1918,11946.17
EONET_4431,Iceberg B47,seaLakeIce,Sea and Lake Ice,2024-04-12,-137.37,-74.46,US-MIAMI,Miami,United States,25.7617,-80.1918,11868.48
EONET_4431,Iceberg B47,seaLakeIce,Sea and Lake Ice,2024-12-13,-140.71,-74.51,US-MIAMI,Miami,United States,25.7617,-80.1918,11951.87
EONET_4431,Iceberg B47,seaLakeIce,Sea and Lake Ice,2024-12-26,-143.33,-74.71,US-MIAMI,Miami,United States,25.7617,-80.1918,12028.61
EONET_4431,Iceberg B47,seaLakeIce,Sea and Lake Ice,2025-01-02,-149.26,-74.91,US-MIAMI,Miami,United States,25.7617,-80.1918,12189.86
EONET_4431,Iceberg B47,seaLakeIce,Sea and Lake Ice,2025-01-10,-159.7,-75.64,US-MIAMI,Miami,United States,25.7617,-80.1918,12493.53
EONET_5358,Iceberg A76B,seaLakeIce,Sea and Lake Ice,2021-05-28,-57.49,-75.09,US-MIAMI,Miami,United States,25.7617,-80.1918,11330.87
EONET_5358,Iceberg A76B,seaLakeIce,Sea and Lake Ice,2021-06-25,-58.2,-74.61,US-MIAMI,Miami,United States,25.7617,-80.1918,11273.65
EONET_5358,Iceberg A76B,seaLakeIce,Sea and Lake Ice,2021-07-16,-59.2,-74.13,US-MIAMI,Miami,United States,25.7617,-80.1918,11213.31
EONET_5358,Iceberg A76B,seaLakeIce,Sea and Lake Ice,2022-02-04,-58.94,-72.89,US-MIAMI,Miami,United States,25.7617,-80.1918,11085.85
EONET_5358,Iceberg A76B,seaLakeIce,Sea and Lake Ice,2022-03-18,-58.88,-72.28,US-MIAMI,Miami,United States,25.7617,-80.1918,11022.52
EONET_5358,Iceberg A76B,seaLakeIce,Sea and Lake Ice,2022-04-01,-59.04,-71.71,US-MIAMI,Miami,United States,25.7617,-80.1918,10960.87
EONET_5358,Iceberg A76B,seaLakeIce,Sea and Lake Ice,2022-04-08,-59.67,-71.27,US-MIAMI,Miami,United States,25.7617,-80.1918,10907.38
EONET_5358,Iceberg A76B,seaLakeIce,Sea and Lake Ice,2022-04-29,-59.79,-70.66,US-MIAMI,Miami,United States,25.7617,-80.1918,10841.69
EONET_5358,Iceberg A76B,seaLakeIce,Sea and Lake Ice,2022-05-20,-59.81,-70.21,US-MIAMI,Miami,United States,25.7617,-80.1918,10793.99
EONET_5358,Iceberg A76B,seaLakeIce,Sea and Lake Ice,2022-06-03,-59.86,-69.71,US-MIAMI,Miami,United States,25.7617,-80.1918,10740.63
EONET_5358,Iceberg A76B,seaLakeIce,Sea and Lake Ice,2022-06-24,-59.98,-69.07,US-MIAMI,Miami,United States,25.7617,-80.1918,10671.59
EONET_5358,Iceberg A76B,seaLakeIce,Sea and Lake Ice,2022-07-22,-59.45,-68.56,US-MIAMI,Miami,United States,25.7617,-80.1918,10624.54
EONET_5358,Iceberg A76B,seaLakeIce,Sea and Lake Ice,2022-08-26,-59.61,-68.11,US-MIAMI,Miami,United States,25.7617,-80.1918,10575.02
EONET_5358,Iceberg A76B,seaLakeIce,Sea and Lake Ice,2022-09-23,-59.53,-67.66,US-MIAMI,Miami,United States,25.7617,-80.1918,10528.65
EONET_5358,Iceberg A76B,seaLakeIce,Sea and Lake Ice,2022-11-11,-59.8,-67.2,US-MIAMI,Miami,United States,25.7617,-80.1918,10476.49
EONET_5358,Iceberg A76B,seaLakeIce,Sea and Lake Ice,2022-12-30,-59.11,-66.81,US-MIAMI,Miami,United States,25.7617,-80.1918,10444.98
EONET_5358,Iceberg A76B,seaLakeIce,Sea and Lake Ice,2023-03-24,-59.82,-66.42,US-MIAMI,Miami,United States,25.7617,-80.1918,10393.88
EONET_5358,Iceberg A76B,seaLakeIce,Sea and Lake Ice,2023-06-02,-59.92,-65.9,US-MIAMI,Miami,United States,25.7617,-80.1918,10337.56
EONET_5358,Iceberg A76B,seaLakeIce,Sea and Lake Ice,2023-09-01,-58.72,-65.38,US-MIAMI,Miami,United States,25.7617,-80.1918,10300.48
EONET_5358,Iceberg A76B,seaLakeIce,Sea and Lake Ice,2023-12-08,-56.98,-65.12,US-MIAMI,Miami,United States,25.7617,-80.1918,10301.09
EONET_5358,Iceberg A76B,seaLakeIce,Sea and Lake Ice,2024-02-16,-55.89,-65.05,US-MIAMI,Miami,United States,25.7617,-80.1918,10312.38
EONET_5358,Iceberg A76B,seaLakeIce,Sea and Lake Ice,2024-12-13,-41.87,-53.1,US-MIAMI,Miami,United States,25.7617,-80.1918,9518.6
EONET_5358,Iceberg A76B,seaLakeIce,Sea and Lake Ice,2024-12-20,-42.48,-52.58,US-MIAMI,Miami,United States,25.7617,-80.1918,9447.76
EONET_5358,Iceberg A76B,seaLakeIce,Sea and Lake Ice,2024-12-26,-41.43,-51.19,US-MIAMI,Miami,United States,25.7617,-80.1918,9360.05
EONET_5358,Iceberg A76B,seaLakeIce,Sea and Lake Ice,2025-01-02,-38.81,-49.47,US-MIAMI,Miami,United States,25.7617,-80.1918,9313.1
EONET_5359,Iceberg A76C,seaLakeIce,Sea and Lake Ice,2021-05-28,-57.04,-75.57,US-MIAMI,Miami,United States,25.7617,-80.1918,11385.23
EONET_5359,Iceberg A76C,seaLakeIce,Sea and Lake Ice,2021-06-11,-56.38,-74.98,US-MIAMI,Miami,United States,25.7617,-80.1918,11331.06
EONET_5359,Iceberg A76C,seaLakeIce,Sea and Lake Ice,2021-07-02,-56.65,-74.41,US-MIAMI,Miami,United States,25.7617,-80.1918,11269.23
EONET_5359,Iceberg A76C,seaLakeIce,Sea and Lake Ice,2021-07-23,-57.29,-73.85,US-MIAMI,Miami,United States,25.7617,-80.1918,11204.14
EONET_5359,Iceberg A76C,seaLakeIce,Sea and Lake Ice,2021-08-20,-58.29,-72.87,US-MIAMI,Miami,United States,25.7617,-80.1918,11090.91
EONET_5359,Iceberg A76C,seaLakeIce,Sea and Lake Ice,2021-09-17,-59.3,-72.03,US-MIAMI,Miami,United States,25.7617,-80.1918,10991.56
EONET_5359,Iceberg A76C,seaLakeIce,Sea and Lake Ice,2021-10-15,-59.61,-71.14,US-MIAMI,Miami,United States,25.7617,-80.1918,10894.37
EONET_5359,Iceberg A76C,seaLakeIce,Sea and Lake Ice,2021-11-12,-59.88,-70.66,US-MIAMI,Miami,United States,25.7617,-80.1918,10840.64
EONET_5359,Iceberg A76C,seaLakeIce,Sea and Lake Ice,2022-02-04,-60.06,-69.93,US-MIAMI,Miami,United States,25.7617,-80.1918,10761.45
EONET_5359,Iceberg A76C,seaLakeIce,Sea and Lake Ice,2022-03-25,-59.89,-69.42,US-MIAMI,Miami,United States,25.7617,-80.1918,10709.65
EONET_5359,Iceberg A76C,seaLakeIce,Sea and Lake Ice,2022-05-13,-60.03,-68.97,US-MIAMI,Miami,United States,25.7617,-80.1918,10660.4
EONET_5359,Iceberg A76C,seaLakeIce,Sea and Lake Ice,2022-06-03,-59.62,-68.41,US-MIAMI,Miami,United States,25.7617,-80.1918,10606.52
EONET_5359,Iceberg A76C,seaLakeIce,Sea and Lake Ice,2022-07-08,-59.56,-67.76,US-MIAMI,Miami,United States,25.7617,-80.1918,10538.79
EONET_5359,Iceberg A76C,seaLakeIce,Sea and Lake Ice,2022-07-29,-59.0,-67.18,US-MIAMI,Miami,United States,25.7617,-80.1918,10485.44
EONET_5359,Iceberg A76C,seaLakeIce,Sea and Lake Ice,2022-08-26,-59.15,-66.72,US-MIAMI,Miami,United States,25.7617,-80.1918,10434.94
EONET_5359,Iceberg A76C,seaLakeIce,Sea and Lake Ice,2022-11-04,-59.83,-66.27,US-MIAMI,Miami,United States,25.7617,-80.1918,10377.9
EONET_5359,Iceberg A76C,seaLakeIce,Sea and Lake Ice,2023-02-03,-58.61,-66.41,US-MIAMI,Miami,United States,25.7617,-80.1918,10410.21
EONET_5359,Iceberg A76C,seaLakeIce,Sea and Lake Ice,2023-04-14,-59.75,-66.08,US-MIAMI,Miami,United States,25.7617,-80.1918,10358.98
EONET_5359,Iceberg A76C,seaLakeIce,Sea and Lake Ice,2023-05-12,-60.2,-65.64,US-MIAMI,Miami,United States,25.7617,-80.1918,10306.11
EONET_5359,Iceberg A76C,seaLakeIce,Sea and Lake Ice,2023-11-24,-58.92,-65.38,US-MIAMI,Miami,United States,25.7617,-80.1918,10297.44
EONET_5359,Iceberg A76C,seaLakeIce,Sea and Lake Ice,2023-12-08,-57.76,-65.18,US-MIAMI,Miami,United States,25.7617,-80.1918,10294.59
EONET_5359,Iceberg A76C,seaLakeIce,Sea and Lake Ice,2024-01-11,-56.67,-65.1,US-MIAMI,Miami,United States,25.7617,-80.1918,10304.2
EONET_5359,Iceberg A76C,seaLakeIce,Sea and Lake Ice,2024-12-13,-56.07,-64.1,US-MIAMI,Miami,United States,25.7617,-80.1918,10211.05
EONET_5359,Iceberg A76C,seaLakeIce,Sea and Lake Ice,2024-12-26,-55.23,-64.42,US-MIAMI,Miami,United States,25.7617,-80.1918,10259.23
EONET_5359,Iceberg A76C,seaLakeIce,Sea and Lake Ice,2025-01-10,-54.02,-63.88,US-MIAMI,Miami,United States,25.7617,-80.1918,10226.73
EONET_5359,Iceberg A76C,seaLakeIce,Sea and Lake Ice,2025-01-23,-52.84,-63.79,US-MIAMI,Miami,United States,25.7617,-80.1918,10241.06
EONET_5359,Iceberg A76C,seaLakeIce,Sea and Lake Ice,2025-02-21,-51.88,-63.45,US-MIAMI,Miami,United States,25.7617,-80.1918,10226.72
EONET_5359,Iceberg A76C,seaLakeIce,Sea and Lake Ice,2025-03-06,-52.19,-62.97,US-MIAMI,Miami,United States,25.7617,-80.1918,10171.81
EONET_5359,Iceberg A76C,seaLakeIce,Sea and Lake Ice,2025-03-21,-53.29,-62.3,US-MIAMI,Miami,United States,25.7617,-80.1918,10080.69
EONET_5359,Iceberg A76C,seaLakeIce,Sea and Lake Ice,2025-04-04,-52.11,-61.86,US-MIAMI,Miami,United States,25.7617,-80.1918,10061.74
EONET_5359,Iceberg A76C,seaLakeIce,Sea and Lake Ice,2025-04-11,-50.95,-61.48,US-MIAMI,Miami,United States,25.7617,-80.1918,10050.07
EONET_5359,Iceberg A76C,seaLakeIce,Sea and Lake Ice,2025-04-18,-49.8,-61.09,US-MIAMI,Miami,United States,25.7617,-80.1918,10038.81
EONET_5359,Iceberg A76C,seaLakeIce,Sea and Lake Ice,2025-05-09,-48.45,-60.99,US-MIAMI,Miami,United States,25.7617,-80.1918,10062.74
EONET_5359,Iceberg A76C,seaLakeIce,Sea and Lake Ice,2025-06-12,-49.0,-60.59,US-MIAMI,Miami,United States,25.7617,-80.1918,10009.46
EONET_5359,Iceberg A76C,seaLakeIce,Sea and Lake Ice,2025-07-31,-47.81,-60.05,US-MIAMI,Miami,United States,25.7617,-80.1918,9987.68
EONET_5359,Iceberg A76C,seaLakeIce,Sea and Lake Ice,2025-09-26,-44.61,-60.08,US-MIAMI,Miami,United States,25.7617,-80.1918,10079.94
EONET_5359,Iceberg A76C,seaLakeIce,Sea and Lake Ice,2025-10-16,-43.29,-60.17,US-MIAMI,Miami,United States,25.7617,-80.1918,10127.34
EONET_5359,Iceberg A76C,seaLakeIce,Sea and Lake Ice,2025-10-31,-42.33,-60.45,US-MIAMI,Miami,United States,25.7617,-80.1918,10182.32
EONET_5359,Iceberg A76C,seaLakeIce,Sea and Lake Ice,2025-11-07,-40.58,-60.59,US-MIAMI,Miami,United States,25.7617,-80.1918,10249.17
EONET_5359,Iceberg A76C,seaLakeIce,Sea and Lake Ice,2025-11-14,-38.87,-60.37,US-MIAMI,Miami,United States,25.7617,-80.1918,10284.13
EONET_5359,Iceberg A76C,seaLakeIce,Sea and Lake Ice,2025-11-21,-38.56,-59.78,US-MIAMI,Miami,United States,25.7617,-80.1918,10241.77
EONET_5359,Iceberg A76C,seaLakeIce,Sea and Lake Ice,2025-12-05,-38.71,-59.12,US-MIAMI,Miami,United States,25.7617,-80.1918,10177.86
EONET_5359,Iceberg A76C,seaLakeIce,Sea and Lake Ice,2025-12-12,-37.46,-59.43,US-MIAMI,Miami,United States,25.7617,-80.1918,10248.24
EONET_5359,Iceberg A76C,seaLakeIce,Sea and Lake Ice,2026-01-02,-37.33,-60.2,US-MIAMI,Miami,United States,25.7617,-80.1918,10320.37
EONET_5359,Iceberg A76C,seaLakeIce,Sea and Lake Ice,2026-01-16,-38.05,-60.53,US-MIAMI,Miami,United States,25.7617,-80.1918,10325.35
EONET_5359,Iceberg A76C,seaLakeIce,Sea and Lake Ice,2026-01-30,-38.1,-59.79,US-MIAMI,Miami,United States,25.7617,-80.1918,10258.14
EONET_5359,Iceberg A76C,seaLakeIce,Sea and Lake Ice,2026-03-06,-37.2,-59.26,US-MIAMI,Miami,United States,25.7617,-80.1918,10242.34
EONET_5359,Iceberg A76C,seaLakeIce,Sea and Lake Ice,2026-03-20,-36.32,-59.0,US-MIAMI,Miami,United States,25.7617,-80.1918,10250.75
EONET_5359,Iceberg A76C,seaLakeIce,Sea and Lake Ice,2026-04-10,-36.33,-59.5,US-MIAMI,Miami,United States,25.7617,-80.1918,10293.82
EONET_5359,Iceberg A76C,seaLakeIce,Sea and Lake Ice,2026-04-24,-36.19,-58.65,US-MIAMI,Miami,United States,25.7617,-80.1918,10225.06
EONET_5906,Iceberg A77,seaLakeIce,Sea and Lake Ice,2021-08-20,-12.05,-71.01,US-MIAMI,Miami,United States,25.7617,-80.1918,11961.2
EONET_5906,Iceberg A77,seaLakeIce,Sea and Lake Ice,2021-08-27,-14.03,-70.99,US-MIAMI,Miami,United States,25.7617,-80.1918,11897.8
EONET_5906,Iceberg A77,seaLakeIce,Sea and Lake Ice,2021-11-12,-27.05,-74.28,US-MIAMI,Miami,United States,25.7617,-80.1918,11762.62
EONET_5906,Iceberg A77,seaLakeIce,Sea and Lake Ice,2022-02-04,-27.79,-74.77,US-MIAMI,Miami,United States,25.7617,-80.1918,11782.57
EONET_5906,Iceberg A77,seaLakeIce,Sea and Lake Ice,2022-04-01,-29.44,-75.02,US-MIAMI,Miami,United States,25.7617,-80.1918,11766.38
EONET_5906,Iceberg A77,seaLakeIce,Sea and Lake Ice,2022-04-15,-29.79,-75.53,US-MIAMI,Miami,United States,25.7617,-80.1918,11798.37
EONET_5906,Iceberg A77,seaLakeIce,Sea and Lake Ice,2022-05-13,-31.39,-76.05,US-MIAMI,Miami,United States,25.7617,-80.1918,11807.66
EONET_5906,Iceberg A77,seaLakeIce,Sea and Lake Ice,2022-06-10,-32.61,-76.84,US-MIAMI,Miami,United States,25.7617,-80.1918,11848.18
EONET_5906,Iceberg A77,seaLakeIce,Sea and Lake Ice,2022-06-24,-34.66,-77.13,US-MIAMI,Miami,United States,25.7617,-80.1918,11836.75
EONET_5906,Iceberg A77,seaLakeIce,Sea and Lake Ice,2022-07-15,-35.56,-76.72,US-MIAMI,Miami,United States,25.7617,-80.1918,11787.64
EONET_5906,Iceberg A77,seaLakeIce,Sea and Lake Ice,2022-07-29,-35.85,-77.51,US-MIAMI,Miami,United States,25.7617,-80.1918,11849.1
EONET_5906,Iceberg A77,seaLakeIce,Sea and Lake Ice,2022-09-09,-36.46,-76.93,US-MIAMI,Miami,United States,25.7617,-80.1918,11790.42
EONET_5906,Iceberg A77,seaLakeIce,Sea and Lake Ice,2022-09-23,-35.6,-77.44,US-MIAMI,Miami,United States,25.7617,-80.1918,11847.2
EONET_5906,Iceberg A77,seaLakeIce,Sea and Lake Ice,2022-12-02,-36.77,-77.82,US-MIAMI,Miami,United States,25.7617,-80.1918,11861.01
EONET_5906,Iceberg A77,seaLakeIce,Sea and Lake Ice,2023-01-13,-39.49,-77.72,US-MIAMI,Miami,United States,25.7617,-80.1918,11812.07
EONET_5906,Iceberg A77,seaLakeIce,Sea and Lake Ice,2023-01-27,-42.09,-77.6,US-MIAMI,Miami,United States,25.7617,-80.1918,11764.6
EONET_5906,Iceberg A77,seaLakeIce,Sea and Lake Ice,2023-03-03,-43.49,-77.2,US-MIAMI,Miami,United States,25.7617,-80.1918,11708.71
EONET_5906,Iceberg A77,seaLakeIce,Sea and Lake Ice,2023-04-28,-46.35,-76.9,US-MIAMI,Miami,United States,25.7617,-80.1918,11642.24
EONET_5906,Iceberg A77,seaLakeIce,Sea and Lake Ice,2023-05-12,-48.08,-76.64,US-MIAMI,Miami,United States,25.7617,-80.1918,11595.02
EONET_5906,Iceberg A77,seaLakeIce,Sea and Lake Ice,2023-06-15,-50.47,-76.39,US-MIAMI,Miami,United States,25.7617,-80.1918,11541.03
EONET_5906,Iceberg A77,seaLakeIce,Sea and Lake Ice,2023-06-30,-52.0,-76.04,US-MIAMI,Miami,United States,25.7617,-80.1918,11488.07
EONET_5906,Iceberg A77,seaLakeIce,Sea and Lake Ice,2023-07-14,-51.77,-75.47,US-MIAMI,Miami,United States,25.7617,-80.1918,11433.86
EONET_5906,Iceberg A77,seaLakeIce,Sea and Lake Ice,2023-07-28,-49.27,-76.57,US-MIAMI,Miami,United States,25.7617,-80.1918,11573.33
EONET_5906,Iceberg A77,seaLakeIce,Sea and Lake Ice,2023-08-04,-53.74,-74.89,US-MIAMI,Miami,United States,25.7617,-80.1918,11351.68
EONET_5906,Iceberg A77,seaLakeIce,Sea and Lake Ice,2023-09-01,-56.04,-74.94,US-MIAMI,Miami,United States,25.7617,-80.1918,11330.6
EONET_5906,Iceberg A77,seaLakeIce,Sea and Lake Ice,2023-09-15,-55.57,-73.97,US-MIAMI,Miami,United States,25.7617,-80.1918,11236.12
EONET_5906,Iceberg A77,seaLakeIce,Sea and Lake Ice,2023-10-06,-55.55,-73.39,US-MIAMI,Miami,United States,25.7617,-80.1918,11176.76
EONET_5906,Iceberg A77,seaLakeIce,Sea and Lake Ice,2023-10-26,-55.67,-72.62,US-MIAMI,Miami,United States,25.7617,-80.1918,11096.1
EONET_5906,Iceberg A77,seaLakeIce,Sea and Lake Ice,2024-02-08,-55.42,-72.14,US-MIAMI,Miami,United States,25.7617,-80.1918,11049.96
EONET_5906,Iceberg A77,seaLakeIce,Sea and Lake Ice,2024-03-15,-55.83,-71.66,US-MIAMI,Miami,United States,25.7617,-80.1918,10995.2
EONET_5906,Iceberg A77,seaLakeIce,Sea and Lake Ice,2024-03-29,-56.82,-70.6,US-MIAMI,Miami,United States,25.7617,-80.1918,10872.51
EONET_5906,Iceberg A77,seaLakeIce,Sea and Lake Ice,2024-12-13,-58.73,-65.8,US-MIAMI,Miami,United States,25.7617,-80.1918,10344.42
EONET_5906,Iceberg A77,seaLakeIce,Sea and Lake Ice,2025-02-06,-58.26,-65.38,US-MIAMI,Miami,United States,25.7617,-80.1918,10307.59
EONET_5906,Iceberg A77,seaLakeIce,Sea and Lake Ice,2025-02-28,-57.8,-64.89,US-MIAMI,Miami,United States,25.7617,-80.1918,10263.66
EONET_5906,Iceberg A77,seaLakeIce,Sea and Lake Ice,2025-03-21,-56.13,-64.63,US-MIAMI,Miami,United States,25.7617,-80.1918,10264.79
EONET_5906,Iceberg A77,seaLakeIce,Sea and Lake Ice,2025-04-11,-55.69,-64.19,US-MIAMI,Miami,United States,25.7617,-80.1918,10227.18
EONET_5906,Iceberg A77,seaLakeIce,Sea and Lake Ice,2025-05-02,-54.44,-64.16,US-MIAMI,Miami,United States,25.7617,-80.1918,10247.27
EONET_5906,Iceberg A77,seaLakeIce,Sea and Lake Ice,2025-05-22,-53.6,-63.46,US-MIAMI,Miami,United States,25.7617,-80.1918,10192.23
EONET_5906,Iceberg A77,seaLakeIce,Sea and Lake Ice,2025-06-05,-53.73,-62.82,US-MIAMI,Miami,United States,25.7617,-80.1918,10124.45
EONET_5906,Iceberg A77,seaLakeIce,Sea and Lake Ice,2025-06-12,-56.15,-62.45,US-MIAMI,Miami,United States,25.7617,-80.1918,10038.95
EONET_5906,Iceberg A77,seaLakeIce,Sea and Lake Ice,2025-06-20,-57.84,-62.68,US-MIAMI,Miami,United States,25.7617,-80.1918,10032.15
EONET_5906,Iceberg A77,seaLakeIce,Sea and Lake Ice,2025-07-04,-59.13,-62.86,US-MIAMI,Miami,United States,25.7617,-80.1918,10029.16
EONET_5906,Iceberg A77,seaLakeIce,Sea and Lake Ice,2025-07-18,-57.66,-62.16,US-MIAMI,Miami,United States,25.7617,-80.1918,9981.04
EONET_5906,Iceberg A77,seaLakeIce,Sea and Lake Ice,2025-07-24,-57.04,-61.67,US-MIAMI,Miami,United States,25.7617,-80.1918,9941.34
EONET_5906,Iceberg A77,seaLakeIce,Sea and Lake Ice,2025-07-31,-58.39,-61.6,US-MIAMI,Miami,United States,25.7617,-80.1918,9909.47
EONET_5906,Iceberg A77,seaLakeIce,Sea and Lake Ice,2025-08-21,-56.61,-60.94,US-MIAMI,Miami,United States,25.7617,-80.1918,9873.72
EONET_5906,Iceberg A77,seaLakeIce,Sea and Lake Ice,2025-08-28,-55.77,-60.11,US-MIAMI,Miami,United States,25.7617,-80.1918,9804.7
EONET_5906,Iceberg A77,seaLakeIce,Sea and Lake Ice,2025-09-04,-53.85,-59.44,US-MIAMI,Miami,United States,25.7617,-80.1918,9777.5
EONET_5906,Iceberg A77,seaLakeIce,Sea and Lake Ice,2025-09-11,-51.05,-57.76,US-MIAMI,Miami,United States,25.7617,-80.1918,9676.03
EONET_5906,Iceberg A77,seaLakeIce,Sea and Lake Ice,2025-09-18,-49.26,-57.88,US-MIAMI,Miami,United States,25.7617,-80.1918,9735.78
EONET_5906,Iceberg A77,seaLakeIce,Sea and Lake Ice,2025-10-09,-46.12,-57.66,US-MIAMI,Miami,United States,25.7617,-80.1918,9804.54
EONET_5906,Iceberg A77,seaLakeIce,Sea and Lake Ice,2025-10-16,-44.45,-57.03,US-MIAMI,Miami,United States,25.7617,-80.1918,9796.19
EONET_5906,Iceberg A77,seaLakeIce,Sea and Lake Ice,2025-10-23,-41.89,-57.05,US-MIAMI,Miami,United States,25.7617,-80.1918,9882.06
EONET_5906,Iceberg A77,seaLakeIce,Sea and Lake Ice,2025-10-31,-41.24,-56.44,US-MIAMI,Miami,United States,25.7617,-80.1918,9848.26
EONET_5906,Iceberg A77,seaLakeIce,Sea and Lake Ice,2025-11-07,-41.39,-55.83,US-MIAMI,Miami,United States,25.7617,-80.1918,9787.07
EONET_5906,Iceberg A77,seaLakeIce,Sea and Lake Ice,2025-11-14,-40.41,-55.65,US-MIAMI,Miami,United States,25.7617,-80.1918,9805.64
EONET_5906,Iceberg A77,seaLakeIce,Sea and Lake Ice,2025-11-21,-41.34,-54.09,US-MIAMI,Miami,United States,25.7617,-80.1918,9629.27
EONET_5906,Iceberg A77,seaLakeIce,Sea and Lake Ice,2025-11-28,-40.67,-53.27,US-MIAMI,Miami,United States,25.7617,-80.1918,9579.53
EONET_5906,Iceberg A77,seaLakeIce,Sea and Lake Ice,2025-12-05,-42.61,-52.75,US-MIAMI,Miami,United States,25.7617,-80.1918,9458.68
EONET_5906,Iceberg A77,seaLakeIce,Sea and Lake Ice,2025-12-12,-41.06,-50.87,US-MIAMI,Miami,United States,25.7617,-80.1918,9345.52
EONET_5906,Iceberg A77,seaLakeIce,Sea and Lake Ice,2025-12-18,-40.08,-49.39,US-MIAMI,Miami,United States,25.7617,-80.1918,9251.59
EONET_6080,Iceberg A74A,seaLakeIce,Sea and Lake Ice,2022-06-10,-45.89,-76.9,US-MIAMI,Miami,United States,25.7617,-80.1918,11648.28
EONET_6080,Iceberg A74A,seaLakeIce,Sea and Lake Ice,2022-12-02,-47.89,-76.75,US-MIAMI,Miami,United States,25.7617,-80.1918,11608.05
EONET_6080,Iceberg A74A,seaLakeIce,Sea and Lake Ice,2023-01-20,-46.05,-76.58,US-MIAMI,Miami,United States,25.7617,-80.1918,11615.83
EONET_6080,Iceberg A74A,seaLakeIce,Sea and Lake Ice,2023-03-03,-44.4,-76.1,US-MIAMI,Miami,United States,25.7617,-80.1918,11593.75
EONET_6080,Iceberg A74A,seaLakeIce,Sea and Lake Ice,2023-04-28,-46.92,-76.13,US-MIAMI,Miami,United States,25.7617,-80.1918,11561.19
EONET_6080,Iceberg A74A,seaLakeIce,Sea and Lake Ice,2023-05-12,-48.74,-75.91,US-MIAMI,Miami,United States,25.7617,-80.1918,11515.69
EONET_6080,Iceberg A74A,seaLakeIce,Sea and Lake Ice,2023-06-09,-50.66,-75.8,US-MIAMI,Miami,United States,25.7617,-80.1918,11480.38
EONET_6080,Iceberg A74A,seaLakeIce,Sea and Lake Ice,2023-06-30,-53.34,-75.25,US-MIAMI,Miami,United States,25.7617,-80.1918,11392.87
EONET_6080,Iceberg A74A,seaLakeIce,Sea and Lake Ice,2023-07-14,-54.22,-74.8,US-MIAMI,Miami,United States,25.7617,-80.1918,11336.86
EONET_6080,Iceberg A74A,seaLakeIce,Sea and Lake Ice,2023-07-28,-50.28,-75.93,US-MIAMI,Miami,United States,25.7617,-80.1918,11497.96
EONET_6080,Iceberg A74A,seaLakeIce,Sea and Lake Ice,2023-08-04,-55.32,-73.8,US-MIAMI,Miami,United States,25.7617,-80.1918,11221.63
EONET_6080,Iceberg A74A,seaLakeIce,Sea and Lake Ice,2023-09-08,-56.06,-73.28,US-MIAMI,Miami,United States,25.7617,-80.1918,11159.29
EONET_6080,Iceberg A74A,seaLakeIce,Sea and Lake Ice,2023-09-15,-55.8,-72.83,US-MIAMI,Miami,United States,25.7617,-80.1918,11116.09
EONET_6080,Iceberg A74A,seaLakeIce,Sea and Lake Ice,2023-10-06,-55.63,-72.27,US-MIAMI,Miami,United States,25.7617,-80.1918,11060.6
EONET_6080,Iceberg A74A,seaLakeIce,Sea and Lake Ice,2023-10-26,-55.69,-71.58,US-MIAMI,Miami,United States,25.7617,-80.1918,10988.81
EONET_6080,Iceberg A74A,seaLakeIce,Sea and Lake Ice,2023-12-08,-54.32,-72.11,US-MIAMI,Miami,United States,25.7617,-80.1918,11061.55
EONET_6080,Iceberg A74A,seaLakeIce,Sea and Lake Ice,2024-01-18,-53.2,-72.41,US-MIAMI,Miami,United States,25.7617,-80.1918,11107.45
EONET_6080,Iceberg A74A,seaLakeIce,Sea and Lake Ice,2024-02-16,-54.79,-72.38,US-MIAMI,Miami,United States,25.7617,-80.1918,11082.83
EONET_6080,Iceberg A74A,seaLakeIce,Sea and Lake Ice,2024-03-29,-55.79,-70.95,US-MIAMI,Miami,United States,25.7617,-80.1918,10922.58
EONET_6080,Iceberg A74A,seaLakeIce,Sea and Lake Ice,2024-12-13,-57.1,-64.82,US-MIAMI,Miami,United States,25.7617,-80.1918,10267.89
EONET_6080,Iceberg A74A,seaLakeIce,Sea and Lake Ice,2025-01-16,-56.08,-64.65,US-MIAMI,Miami,United States,25.7617,-80.1918,10267.73
EONET_6080,Iceberg A74A,seaLakeIce,Sea and Lake Ice,2025-02-14,-54.81,-64.89,US-MIAMI,Miami,United States,25.7617,-80.1918,10315.16
EONET_6080,Iceberg A74A,seaLakeIce,Sea and Lake Ice,2025-03-06,-54.03,-64.04,US-MIAMI,Miami,United States,25.7617,-80.1918,10242.86
EONET_6080,Iceberg A74A,seaLakeIce,Sea and Lake Ice,2025-03-21,-53.55,-63.49,US-MIAMI,Miami,United States,25.7617,-80.1918,10196.28
EONET_6080,Iceberg A74A,seaLakeIce,Sea and Lake Ice,2025-04-04,-53.78,-62.55,US-MIAMI,Miami,United States,25.7617,-80.1918,10095.92
EONET_6080,Iceberg A74A,seaLakeIce,Sea and Lake Ice,2025-04-18,-52.54,-61.73,US-MIAMI,Miami,United States,25.7617,-80.1918,10039.11
EONET_6080,Iceberg A74A,seaLakeIce,Sea and Lake Ice,2025-05-02,-51.1,-61.2,US-MIAMI,Miami,United States,25.7617,-80.1918,10018.58
EONET_6080,Iceberg A74A,seaLakeIce,Sea and Lake Ice,2025-05-16,-51.89,-60.59,US-MIAMI,Miami,United States,25.7617,-80.1918,9938.95
EONET_6080,Iceberg A74A,seaLakeIce,Sea and Lake Ice,2025-05-22,-51.06,-60.18,US-MIAMI,Miami,United States,25.7617,-80.1918,9917.59
EONET_6080,Iceberg A74A,seaLakeIce,Sea and Lake Ice,2025-05-29,-50.71,-59.55,US-MIAMI,Miami,United States,25.7617,-80.1918,9863.33
EONET_6080,Iceberg A74A,seaLakeIce,Sea and Lake Ice,2025-06-05,-50.26,-59.03,US-MIAMI,Miami,United States,25.7617,-80.1918,9823.0
EONET_6080,Iceberg A74A,seaLakeIce,Sea and Lake Ice,2025-06-20,-50.07,-59.66,US-MIAMI,Miami,United States,25.7617,-80.1918,9890.38
EONET_6080,Iceberg A74A,seaLakeIce,Sea and Lake Ice,2025-07-31,-48.72,-58.68,US-MIAMI,Miami,United States,25.7617,-80.1918,9829.18
EONET_6080,Iceberg A74A,seaLakeIce,Sea and Lake Ice,2025-08-08,-47.47,-58.51,US-MIAMI,Miami,United States,25.7617,-80.1918,9847.26
EONET_6080,Iceberg A74A,seaLakeIce,Sea and Lake Ice,2025-08-21,-46.17,-57.91,US-MIAMI,Miami,United States,25.7617,-80.1918,9827.05
EONET_6080,Iceberg A74A,seaLakeIce,Sea and Lake Ice,2025-08-28,-43.4,-56.68,US-MIAMI,Miami,United States,25.7617,-80.1918,9797.29
EONET_6080,Iceberg A74A,seaLakeIce,Sea and Lake Ice,2025-09-04,-42.37,-55.3,US-MIAMI,Miami,United States,25.7617,-80.1918,9703.76
EONET_6080,Iceberg A74A,seaLakeIce,Sea and Lake Ice,2025-09-26,-39.28,-55.26,US-MIAMI,Miami,United States,25.7617,-80.1918,9811.98
EONET_6080,Iceberg A74A,seaLakeIce,Sea and Lake Ice,2025-10-09,-34.02,-55.91,US-MIAMI,Miami,United States,25.7617,-80.1918,10073.66
EONET_6080,Iceberg A74A,seaLakeIce,Sea and Lake Ice,2025-10-16,-33.4,-55.48,US-MIAMI,Miami,United States,25.7617,-80.1918,10062.83
EONET_6080,Iceberg A74A,seaLakeIce,Sea and Lake Ice,2025-10-23,-33.28,-54.14,US-MIAMI,Miami,United States,25.7617,-80.1918,9955.56
EONET_6080,Iceberg A74A,seaLakeIce,Sea and Lake Ice,2025-10-31,-31.72,-53.61,US-MIAMI,Miami,United States,25.7617,-80.1918,9979.72
EONET_6080,Iceberg A74A,seaLakeIce,Sea and Lake Ice,2025-11-07,-30.18,-53.43,US-MIAMI,Miami,United States,25.7617,-80.1918,10034.54
EONET_6080,Iceberg A74A,seaLakeIce,Sea and Lake Ice,2025-11-14,-28.95,-53.44,US-MIAMI,Miami,United States,25.7617,-80.1918,10092.06
EONET_6080,Iceberg A74A,seaLakeIce,Sea and Lake Ice,2025-11-21,-27.63,-54.02,US-MIAMI,Miami,United States,25.7617,-80.1918,10199.1
EONET_6080,Iceberg A74A,seaLakeIce,Sea and Lake Ice,2025-11-28,-26.45,-54.65,US-MIAMI,Miami,United States,25.7617,-80.1918,10302.8
EONET_6080,Iceberg A74A,seaLakeIce,Sea and Lake Ice,2025-12-05,-26.55,-55.36,US-MIAMI,Miami,United States,25.7617,-80.1918,10352.4
EONET_6080,Iceberg A74A,seaLakeIce,Sea and Lake Ice,2025-12-12,-24.73,-56.63,US-MIAMI,Miami,United States,25.7617,-80.1918,10531.31
EONET_6080,Iceberg A74A,seaLakeIce,Sea and Lake Ice,2025-12-18,-23.74,-57.77,US-MIAMI,Miami,United States,25.7617,-80.1918,10659.93
EONET_6080,Iceberg A74A,seaLakeIce,Sea and Lake Ice,2025-12-26,-23.04,-59.18,US-MIAMI,Miami,United States,25.7617,-80.1918,10792.97
EONET_6080,Iceberg A74A,seaLakeIce,Sea and Lake Ice,2026-01-02,-21.63,-58.38,US-MIAMI,Miami,United States,25.7617,-80.1918,10798.49
EONET_6080,Iceberg A74A,seaLakeIce,Sea and Lake Ice,2026-01-16,-20.44,-58.25,US-MIAMI,Miami,United States,25.7617,-80.1918,10843.62
EONET_6080,Iceberg A74A,seaLakeIce,Sea and Lake Ice,2026-01-30,-19.4,-58.27,US-MIAMI,Miami,United States,25.7617,-80.1918,10893.0
EONET_6080,Iceberg A74A,seaLakeIce,Sea and Lake Ice,2026-02-13,-18.62,-57.66,US-MIAMI,Miami,United States,25.7617,-80.1918,10888.66
EONET_6288,Iceberg D32,seaLakeIce,Sea and Lake Ice,2022-10-21,70.68,-68.36,US-MIAMI,Miami,United States,25.7617,-80.1918,14895.31
EONET_6288,Iceberg D32,seaLakeIce,Sea and Lake Ice,2022-11-11,70.97,-67.87,US-MIAMI,Miami,United States,25.7617,-80.1918,14945.86
EONET_6288,Iceberg D32,seaLakeIce,Sea and Lake Ice,2022-12-16,71.07,-67.25,US-MIAMI,Miami,United States,25.7617,-80.1918,15003.08
EONET_6288,Iceberg D32,seaLakeIce,Sea and Lake Ice,2023-01-06,70.03,-66.78,US-MIAMI,Miami,United States,25.7617,-80.1918,15015.88
EONET_6288,Iceberg D32,seaLakeIce,Sea and Lake Ice,2023-01-20,68.02,-67.02,US-MIAMI,Miami,United States,25.7617,-80.1918,14938.72
EONET_6288,Iceberg D32,seaLakeIce,Sea and Lake Ice,2023-02-03,66.44,-66.69,US-MIAMI,Miami,United States,25.7617,-80.1918,14918.96
EONET_6288,Iceberg D32,seaLakeIce,Sea and Lake Ice,2023-03-10,64.91,-66.73,US-MIAMI,Miami,United States,25.7617,-80.1918,14868.58
EONET_6288,Iceberg D32,seaLakeIce,Sea and Lake Ice,2023-04-14,61.47,-66.79,US-MIAMI,Miami,United States,25.7617,-80.1918,14752.87
EONET_6288,Iceberg D32,seaLakeIce,Sea and Lake Ice,2023-04-21,59.41,-66.63,US-MIAMI,Miami,United States,25.7617,-80.1918,14694.07
EONET_6288,Iceberg D32,seaLakeIce,Sea and Lake Ice,2023-04-28,57.37,-65.95,US-MIAMI,Miami,United States,25.7617,-80.1918,14666.06
EONET_6288,Iceberg D32,seaLakeIce,Sea and Lake Ice,2023-05-05,55.56,-65.65,US-MIAMI,Miami,United States,25.7617,-80.1918,14616.51
EONET_6288,Iceberg D32,seaLakeIce,Sea and Lake Ice,2023-12-08,53.8,-65.41,US-MIAMI,Miami,United States,25.7617,-80.1918,14561.87
EONET_6288,Iceberg D32,seaLakeIce,Sea and Lake Ice,2024-02-02,52.63,-65.21,US-MIAMI,Miami,United States,25.7617,-80.1918,14526.09
EONET_6288,Iceberg D32,seaLakeIce,Sea and Lake Ice,2024-02-23,51.95,-64.71,US-MIAMI,Miami,United States,25.7617,-80.1918,14524.97
EONET_6288,Iceberg D32,seaLakeIce,Sea and Lake Ice,2024-03-15,50.88,-64.61,US-MIAMI,Miami,United States,25.7617,-80.1918,14485.09
EONET_6288,Iceberg D32,seaLakeIce,Sea and Lake Ice,2024-03-29,50.49,-65.03,US-MIAMI,Miami,United States,25.7617,-80.1918,14447.39
EONET_6288,Iceberg D32,seaLakeIce,Sea and Lake Ice,2024-12-13,-2.1,-69.95,US-MIAMI,Miami,United States,25.7617,-80.1918,12248.78
EONET_6288,Iceberg D32,seaLakeIce,Sea and Lake Ice,2024-12-26,-4.13,-70.05,US-MIAMI,Miami,United States,25.7617,-80.1918,12180.73
EONET_6288,Iceberg D32,seaLakeIce,Sea and Lake Ice,2025-01-31,-6.05,-70.14,US-MIAMI,Miami,United States,25.7617,-80.1918,12117.6
EONET_6288,Iceberg D32,seaLakeIce,Sea and Lake Ice,2025-02-06,-7.56,-70.37,US-MIAMI,Miami,United States,25.7617,-80.1918,12076.4
EONET_6288,Iceberg D32,seaLakeIce,Sea and Lake Ice,2025-02-14,-8.92,-70.41,US-MIAMI,Miami,United States,25.7617,-80.1918,12032.51
EONET_6288,Iceberg D32,seaLakeIce,Sea and Lake Ice,2025-02-21,-9.94,-70.73,US-MIAMI,Miami,United States,25.7617,-80.1918,12014.65
EONET_6288,Iceberg D32,seaLakeIce,Sea and Lake Ice,2025-04-18,-12.58,-71.18,US-MIAMI,Miami,United States,25.7617,-80.1918,11953.64
EONET_6288,Iceberg D32,seaLakeIce,Sea and Lake Ice,2025-04-24,-16.28,-71.88,US-MIAMI,Miami,United States,25.7617,-80.1918,11881.4
EONET_6288,Iceberg D32,seaLakeIce,Sea and Lake Ice,2025-05-02,-20.64,-73.06,US-MIAMI,Miami,United States,25.7617,-80.1918,11834.13
EONET_6288,Iceberg D32,seaLakeIce,Sea and Lake Ice,2025-05-09,-15.13,-71.95,US-MIAMI,Miami,United States,25.7617,-80.1918,11919.24
EONET_6288,Iceberg D32,seaLakeIce,Sea and Lake Ice,2025-05-16,-27.02,-74.01,US-MIAMI,Miami,United States,25.7617,-80.1918,11743.4
EONET_6288,Iceberg D32,seaLakeIce,Sea and Lake Ice,2025-05-29,-28.57,-72.77,US-MIAMI,Miami,United States,25.7617,-80.1918,11614.09
EONET_6288,Iceberg D32,seaLakeIce,Sea and Lake Ice,2025-06-12,-28.37,-71.38,US-MIAMI,Miami,United States,25.7617,-80.1918,11513.22
EONET_6288,Iceberg D32,seaLakeIce,Sea and Lake Ice,2025-07-31,-29.29,-71.86,US-MIAMI,Miami,United States,25.7617,-80.1918,11526.7
EONET_6288,Iceberg D32,seaLakeIce,Sea and Lake Ice,2025-08-14,-30.55,-71.56,US-MIAMI,Miami,United States,25.7617,-80.1918,11471.97
EONET_6288,Iceberg D32,seaLakeIce,Sea and Lake Ice,2025-08-21,-32.4,-71.17,US-MIAMI,Miami,United States,25.7617,-80.1918,11395.13
EONET_6288,Iceberg D32,seaLakeIce,Sea and Lake Ice,2025-08-28,-33.47,-70.84,US-MIAMI,Miami,United States,25.7617,-80.1918,11341.91
EONET_6288,Iceberg D32,seaLakeIce,Sea and Lake Ice,2025-09-11,-34.14,-69.74,US-MIAMI,Miami,United States,25.7617,-80.1918,11233.9
EONET_6288,Iceberg D32,seaLakeIce,Sea and Lake Ice,2025-09-18,-33.22,-69.25,US-MIAMI,Miami,United States,25.7617,-80.1918,11217.08
EONET_6288,Iceberg D32,seaLakeIce,Sea and Lake Ice,2025-10-09,-33.3,-68.6,US-MIAMI,Miami,United States,25.7617,-80.1918,11161.24
EONET_6288,Iceberg D32,seaLakeIce,Sea and Lake Ice,2025-10-16,-34.27,-68.9,US-MIAMI,Miami,United States,25.7617,-80.1918,11160.29
EONET_6288,Iceberg D32,seaLakeIce,Sea and Lake Ice,2025-10-31,-34.42,-68.41,US-MIAMI,Miami,United States,25.7617,-80.1918,11115.2
EONET_6288,Iceberg D32,seaLakeIce,Sea and Lake Ice,2025-11-07,-35.47,-68.83,US-MIAMI,Miami,United States,25.7617,-80.1918,11123.08
EONET_6288,Iceberg D32,seaLakeIce,Sea and Lake Ice,2025-11-21,-37.95,-69.03,US-MIAMI,Miami,United States,25.7617,-80.1918,11078.01
EONET_6288,Iceberg D32,seaLakeIce,Sea and Lake Ice,2025-12-05,-39.6,-68.65,US-MIAMI,Miami,United States,25.7617,-80.1918,11004.35
EONET_6288,Iceberg D32,seaLakeIce,Sea and Lake Ice,2026-01-02,-41.1,-68.86,US-MIAMI,Miami,United States,25.7617,-80.1918,10988.01
EONET_6288,Iceberg D32,seaLakeIce,Sea and Lake Ice,2026-01-09,-42.29,-68.35,US-MIAMI,Miami,United States,25.7617,-80.1918,10913.93
EONET_6288,Iceberg D32,seaLakeIce,Sea and Lake Ice,2026-01-23,-43.21,-67.73,US-MIAMI,Miami,United States,25.7617,-80.1918,10835.33
EONET_6288,Iceberg D32,seaLakeIce,Sea and Lake Ice,2026-02-13,-44.33,-67.13,US-MIAMI,Miami,United States,25.7617,-80.1918,10753.38
EONET_6288,Iceberg D32,seaLakeIce,Sea and Lake Ice,2026-02-26,-45.65,-66.8,US-MIAMI,Miami,United States,25.7617,-80.1918,10692.08
EONET_6288,Iceberg D32,seaLakeIce,Sea and Lake Ice,2026-03-26,-46.3,-66.25,US-MIAMI,Miami,United States,25.7617,-80.1918,10624.79
EONET_6288,Iceberg D32,seaLakeIce,Sea and Lake Ice,2026-04-10,-47.66,-66.36,US-MIAMI,Miami,United States,25.7617,-80.1918,10605.3
EONET_6288,Iceberg D32,seaLakeIce,Sea and Lake Ice,2026-04-30,-46.48,-66.16,US-MIAMI,Miami,United States,25.7617,-80.1918,10612.08
EONET_6302,Iceberg A80A,seaLakeIce,Sea and Lake Ice,2022-12-02,-60.27,-71.77,US-MIAMI,Miami,United States,25.7617,-80.1918,10953.51
EONET_6302,Iceberg A80A,seaLakeIce,Sea and Lake Ice,2023-02-17,-59.29,-72.11,US-MIAMI,Miami,United States,25.7617,-80.1918,11000.09
EONET_6302,Iceberg A80A,seaLakeIce,Sea and Lake Ice,2023-03-31,-59.69,-71.46,US-MIAMI,Miami,United States,25.7617,-80.1918,10927.18
EONET_6302,Iceberg A80A,seaLakeIce,Sea and Lake Ice,2023-04-14,-59.7,-70.94,US-MIAMI,Miami,United States,25.7617,-80.1918,10872.26
EONET_6302,Iceberg A80A,seaLakeIce,Sea and Lake Ice,2023-04-28,-59.8,-70.36,US-MIAMI,Miami,United States,25.7617,-80.1918,10809.93
EONET_6302,Iceberg A80A,seaLakeIce,Sea and Lake Ice,2023-05-12,-59.83,-69.17,US-MIAMI,Miami,United States,25.7617,-80.1918,10684.01
EONET_6302,Iceberg A80A,seaLakeIce,Sea and Lake Ice,2023-06-09,-59.6,-68.53,US-MIAMI,Miami,United States,25.7617,-80.1918,10619.43
EONET_6302,Iceberg A80A,seaLakeIce,Sea and Lake Ice,2023-06-15,-59.5,-68.04,US-MIAMI,Miami,United States,25.7617,-80.1918,10569.1
EONET_6302,Iceberg A80A,seaLakeIce,Sea and Lake Ice,2023-06-23,-59.63,-68.86,US-MIAMI,Miami,United States,25.7617,-80.1918,10653.83
EONET_6302,Iceberg A80A,seaLakeIce,Sea and Lake Ice,2023-06-30,-59.3,-67.4,US-MIAMI,Miami,United States,25.7617,-80.1918,10504.4
EONET_6302,Iceberg A80A,seaLakeIce,Sea and Lake Ice,2023-07-28,-59.63,-68.86,US-MIAMI,Miami,United States,25.7617,-80.1918,10653.83
EONET_6302,Iceberg A80A,seaLakeIce,Sea and Lake Ice,2023-08-04,-59.03,-66.61,US-MIAMI,Miami,United States,25.7617,-80.1918,10425.09
EONET_6302,Iceberg A80A,seaLakeIce,Sea and Lake Ice,2023-09-01,-57.72,-66.43,US-MIAMI,Miami,United States,25.7617,-80.1918,10425.71
EONET_6302,Iceberg A80A,seaLakeIce,Sea and Lake Ice,2023-09-30,-58.26,-66.02,US-MIAMI,Miami,United States,25.7617,-80.1918,10374.59
EONET_6302,Iceberg A80A,seaLakeIce,Sea and Lake Ice,2023-11-09,-57.48,-65.66,US-MIAMI,Miami,United States,25.7617,-80.1918,10349.15
EONET_6302,Iceberg A80A,seaLakeIce,Sea and Lake Ice,2024-03-07,-58.11,-65.28,US-MIAMI,Miami,United States,25.7617,-80.1918,10299.48
EONET_6302,Iceberg A80A,seaLakeIce,Sea and Lake Ice,2024-03-29,-56.8,-65.08,US-MIAMI,Miami,United States,25.7617,-80.1918,10299.94
EONET_6302,Iceberg A80A,seaLakeIce,Sea and Lake Ice,2024-04-12,-56.14,-64.55,US-MIAMI,Miami,United States,25.7617,-80.1918,10256.34
EONET_6302,Iceberg A80A,seaLakeIce,Sea and Lake Ice,2024-12-13,-56.09,-63.81,US-MIAMI,Miami,United States,25.7617,-80.1918,10180.71
EONET_6302,Iceberg A80A,seaLakeIce,Sea and Lake Ice,2025-03-27,-54.06,-63.82,US-MIAMI,Miami,United States,25.7617,-80.1918,10219.83
EONET_6302,Iceberg A80A,seaLakeIce,Sea and Lake Ice,2025-04-04,-53.8,-63.28,US-MIAMI,Miami,United States,25.7617,-80.1918,10169.9
EONET_6302,Iceberg A80A,seaLakeIce,Sea and Lake Ice,2025-04-11,-54.24,-62.49,US-MIAMI,Miami,United States,25.7617,-80.1918,10080.42
EONET_6302,Iceberg A80A,seaLakeIce,Sea and Lake Ice,2025-04-24,-52.55,-61.6,US-MIAMI,Miami,United States,25.7617,-80.1918,10025.76
EONET_6302,Iceberg A80A,seaLakeIce,Sea and Lake Ice,2025-05-29,-54.02,-61.57,US-MIAMI,Miami,United States,25.7617,-80.1918,9991.01
EONET_6302,Iceberg A80A,seaLakeIce,Sea and Lake Ice,2025-06-12,-54.58,-62.07,US-MIAMI,Miami,United States,25.7617,-80.1918,10030.56
EONET_6302,Iceberg A80A,seaLakeIce,Sea and Lake Ice,2025-06-20,-54.16,-61.61,US-MIAMI,Miami,United States,25.7617,-80.1918,9992.16
EONET_6320,Iceberg A81,seaLakeIce,Sea and Lake Ice,2023-01-27,-27.16,-75.66,US-MIAMI,Miami,United States,25.7617,-80.1918,11861.74
EONET_6320,Iceberg A81,seaLakeIce,Sea and Lake Ice,2023-02-24,-28.83,-76.01,US-MIAMI,Miami,United States,25.7617,-80.1918,11854.05
EONET_6320,Iceberg A81,seaLakeIce,Sea and Lake Ice,2023-03-10,-30.79,-76.37,US-MIAMI,Miami,United States,25.7617,-80.1918,11844.02
EONET_6320,Iceberg A81,seaLakeIce,Sea and Lake Ice,2023-03-31,-33.68,-76.8,US-MIAMI,Miami,United States,25.7617,-80.1918,11826.3
EONET_6320,Iceberg A81,seaLakeIce,Sea and Lake Ice,2023-04-07,-34.92,-77.18,US-MIAMI,Miami,United States,25.7617,-80.1918,11836.59
EONET_6320,Iceberg A81,seaLakeIce,Sea and Lake Ice,2023-04-28,-36.06,-77.59,US-MIAMI,Miami,United States,25.7617,-80.1918,11852.51
EONET_6320,Iceberg A81,seaLakeIce,Sea and Lake Ice,2023-05-26,-38.53,-77.69,US-MIAMI,Miami,United States,25.7617,-80.1918,11823.49
EONET_6320,Iceberg A81,seaLakeIce,Sea and Lake Ice,2023-06-15,-40.51,-77.54,US-MIAMI,Miami,United States,25.7617,-80.1918,11781.43
EONET_6320,Iceberg A81,seaLakeIce,Sea and Lake Ice,2023-07-14,-42.95,-77.38,US-MIAMI,Miami,United States,25.7617,-80.1918,11732.69
EONET_6320,Iceberg A81,seaLakeIce,Sea and Lake Ice,2023-07-28,-39.22,-77.69,US-MIAMI,Miami,United States,25.7617,-80.1918,11813.35
EONET_6320,Iceberg A81,seaLakeIce,Sea and Lake Ice,2023-08-04,-44.49,-77.08,US-MIAMI,Miami,United States,25.7617,-80.1918,11683.93
EONET_6320,Iceberg A81,seaLakeIce,Sea and Lake Ice,2023-09-22,-45.63,-76.69,US-MIAMI,Miami,United States,25.7617,-80.1918,11631.91
EONET_6320,Iceberg A81,seaLakeIce,Sea and Lake Ice,2023-10-26,-48.51,-76.47,US-MIAMI,Miami,United States,25.7617,-80.1918,11573.09
EONET_6320,Iceberg A81,seaLakeIce,Sea and Lake Ice,2024-03-07,-47.68,-75.98,US-MIAMI,Miami,United States,25.7617,-80.1918,11536.52
EONET_6320,Iceberg A81,seaLakeIce,Sea and Lake Ice,2024-12-13,-57.72,-69.42,US-MIAMI,Miami,United States,25.7617,-80.1918,10737.68
EONET_6320,Iceberg A81,seaLakeIce,Sea and Lake Ice,2025-02-21,-58.91,-69.67,US-MIAMI,Miami,United States,25.7617,-80.1918,10748.22
EONET_6320,Iceberg A81,seaLakeIce,Sea and Lake Ice,2025-03-13,-58.84,-69.19,US-MIAMI,Miami,United States,25.7617,-80.1918,10698.73
EONET_6320,Iceberg A81,seaLakeIce,Sea and Lake Ice,2025-04-04,-58.84,-68.7,US-MIAMI,Miami,United States,25.7617,-80.1918,10647.29
EONET_6320,Iceberg A81,seaLakeIce,Sea and Lake Ice,2025-05-22,-58.15,-68.31,US-MIAMI,Miami,United States,25.7617,-80.1918,10615.83
EONET_6320,Iceberg A81,seaLakeIce,Sea and Lake Ice,2025-07-18,-58.19,-67.72,US-MIAMI,Miami,United States,25.7617,-80.1918,10553.55
EONET_6320,Iceberg A81,seaLakeIce,Sea and Lake Ice,2025-08-08,-58.02,-67.14,US-MIAMI,Miami,United States,25.7617,-80.1918,10495.36
EONET_6320,Iceberg A81,seaLakeIce,Sea and Lake Ice,2025-09-04,-58.34,-66.69,US-MIAMI,Miami,United States,25.7617,-80.1918,10443.55
EONET_6320,Iceberg A81,seaLakeIce,Sea and Lake Ice,2025-10-09,-58.33,-65.8,US-MIAMI,Miami,United States,25.7617,-80.1918,10350.49
EONET_6320,Iceberg A81,seaLakeIce,Sea and Lake Ice,2025-11-14,-57.93,-65.3,US-MIAMI,Miami,United States,25.7617,-80.1918,10304.41
EONET_6320,Iceberg A81,seaLakeIce,Sea and Lake Ice,2026-01-09,-58.32,-64.87,US-MIAMI,Miami,United States,25.7617,-80.1918,10253.24
EONET_6320,Iceberg A81,seaLakeIce,Sea and Lake Ice,2026-04-03,-57.15,-64.82,US-MIAMI,Miami,United States,25.7617,-80.1918,10267.06
EONET_6320,Iceberg A81,seaLakeIce,Sea and Lake Ice,2026-04-30,-55.34,-64.4,US-MIAMI,Miami,United States,25.7617,-80.1918,10255.17
EONET_6423,Iceberg D33A,seaLakeIce,Sea and Lake Ice,2023-09-08,17.14,-69.38,US-MIAMI,Miami,United States,25.7617,-80.1918,12961.78
EONET_6423,Iceberg D33A,seaLakeIce,Sea and Lake Ice,2023-09-15,14.37,-69.23,US-MIAMI,Miami,United States,25.7617,-80.1918,12852.0
EONET_6423,Iceberg D33A,seaLakeIce,Sea and Lake Ice,2023-09-22,13.16,-69.37,US-MIAMI,Miami,United States,25.7617,-80.1918,12806.36
EONET_6423,Iceberg D33A,seaLakeIce,Sea and Lake Ice,2023-09-30,11.84,-69.58,US-MIAMI,Miami,United States,25.7617,-80.1918,12758.2
EONET_6423,Iceberg D33A,seaLakeIce,Sea and Lake Ice,2023-10-26,10.18,-69.71,US-MIAMI,Miami,United States,25.7617,-80.1918,12696.81
EONET_6423,Iceberg D33A,seaLakeIce,Sea and Lake Ice,2023-11-09,7.25,-69.67,US-MIAMI,Miami,United States,25.7617,-80.1918,12584.82
EONET_6423,Iceberg D33A,seaLakeIce,Sea and Lake Ice,2023-11-24,5.51,-69.66,US-MIAMI,Miami,United States,25.7617,-80.1918,12518.97
EONET_6423,Iceberg D33A,seaLakeIce,Sea and Lake Ice,2023-12-08,1.4,-69.58,US-MIAMI,Miami,United States,25.7617,-80.1918,12363.14
EONET_6423,Iceberg D33A,seaLakeIce,Sea and Lake Ice,2023-12-15,-0.74,-69.4,US-MIAMI,Miami,United States,25.7617,-80.1918,12277.68
EONET_6423,Iceberg D33A,seaLakeIce,Sea and Lake Ice,2023-12-21,-1.94,-69.6,US-MIAMI,Miami,United States,25.7617,-80.1918,12241.15
EONET_6423,Iceberg D33A,seaLakeIce,Sea and Lake Ice,2023-12-28,-3.64,-69.85,US-MIAMI,Miami,United States,25.7617,-80.1918,12189.83
EONET_6423,Iceberg D33A,seaLakeIce,Sea and Lake Ice,2024-01-04,-5.14,-70.07,US-MIAMI,Miami,United States,25.7617,-80.1918,12146.16
EONET_6423,Iceberg D33A,seaLakeIce,Sea and Lake Ice,2024-01-18,-8.04,-70.06,US-MIAMI,Miami,United States,25.7617,-80.1918,12045.39
EONET_6423,Iceberg D33A,seaLakeIce,Sea and Lake Ice,2024-02-02,-10.27,-70.56,US-MIAMI,Miami,United States,25.7617,-80.1918,11995.21
EONET_6423,Iceberg D33A,seaLakeIce,Sea and Lake Ice,2024-02-16,-12.94,-71.06,US-MIAMI,Miami,United States,25.7617,-80.1918,11935.81
EONET_6423,Iceberg D33A,seaLakeIce,Sea and Lake Ice,2024-02-23,-14.77,-71.49,US-MIAMI,Miami,United States,25.7617,-80.1918,11903.53
EONET_6423,Iceberg D33A,seaLakeIce,Sea and Lake Ice,2024-03-01,-17.62,-72.18,US-MIAMI,Miami,United States,25.7617,-80.1918,11860.9
EONET_6423,Iceberg D33A,seaLakeIce,Sea and Lake Ice,2024-03-07,-19.7,-72.57,US-MIAMI,Miami,United States,25.7617,-80.1918,11827.53
EONET_6423,Iceberg D33A,seaLakeIce,Sea and Lake Ice,2024-03-15,-21.86,-73.22,US-MIAMI,Miami,United States,25.7617,-80.1918,11813.08
EONET_6423,Iceberg D33A,seaLakeIce,Sea and Lake Ice,2024-03-22,-17.62,-72.18,US-MIAMI,Miami,United States,25.7617,-80.1918,11860.9
EONET_6423,Iceberg D33A,seaLakeIce,Sea and Lake Ice,2024-03-29,-26.96,-74.24,US-MIAMI,Miami,United States,25.7617,-80.1918,11761.71
EONET_6423,Iceberg D33A,seaLakeIce,Sea and Lake Ice,2024-12-13,-55.49,-70.58,US-MIAMI,Miami,United States,25.7617,-80.1918,10888.64
EONET_6423,Iceberg D33A,seaLakeIce,Sea and Lake Ice,2025-01-10,-56.26,-70.2,US-MIAMI,Miami,United States,25.7617,-80.1918,10838.71
EONET_6423,Iceberg D33A,seaLakeIce,Sea and Lake Ice,2025-03-21,-57.35,-69.78,US-MIAMI,Miami,United States,25.7617,-80.1918,10780.2
EONET_6423,Iceberg D33A,seaLakeIce,Sea and Lake Ice,2025-04-11,-57.06,-69.34,US-MIAMI,Miami,United States,25.7617,-80.1918,10738.44
EONET_6423,Iceberg D33A,seaLakeIce,Sea and Lake Ice,2025-07-04,-57.32,-68.89,US-MIAMI,Miami,United States,25.7617,-80.1918,10687.99
EONET_6423,Iceberg D33A,seaLakeIce,Sea and Lake Ice,2025-07-31,-57.11,-68.35,US-MIAMI,Miami,United States,25.7617,-80.1918,10634.83
EONET_6423,Iceberg D33A,seaLakeIce,Sea and Lake Ice,2025-08-21,-57.17,-67.73,US-MIAMI,Miami,United States,25.7617,-80.1918,10569.47
EONET_6423,Iceberg D33A,seaLakeIce,Sea and Lake Ice,2025-09-11,-57.35,-67.2,US-MIAMI,Miami,United States,25.7617,-80.1918,10511.61
EONET_6423,Iceberg D33A,seaLakeIce,Sea and Lake Ice,2025-10-09,-57.21,-66.59,US-MIAMI,Miami,United States,25.7617,-80.1918,10450.26
EONET_6423,Iceberg D33A,seaLakeIce,Sea and Lake Ice,2025-10-23,-57.22,-66.08,US-MIAMI,Miami,United States,25.7617,-80.1918,10397.03
EONET_6423,Iceberg D33A,seaLakeIce,Sea and Lake Ice,2025-11-14,-57.08,-65.54,US-MIAMI,Miami,United States,25.7617,-80.1918,10343.11
EONET_6423,Iceberg D33A,seaLakeIce,Sea and Lake Ice,2026-04-17,-57.7,-65.12,US-MIAMI,Miami,United States,25.7617,-80.1918,10289.29
EONET_6424,Iceberg D33B,seaLakeIce,Sea and Lake Ice,2023-09-08,18.3,-69.64,US-MIAMI,Miami,United States,25.7617,-80.1918,13008.06
EONET_6424,Iceberg D33B,seaLakeIce,Sea and Lake Ice,2023-09-15,16.6,-69.45,US-MIAMI,Miami,United States,25.7617,-80.1918,12941.12
EONET_6424,Iceberg D33B,seaLakeIce,Sea and Lake Ice,2023-09-30,13.66,-69.3,US-MIAMI,Miami,United States,25.7617,-80.1918,12824.99
EONET_6424,Iceberg D33B,seaLakeIce,Sea and Lake Ice,2023-10-26,12.22,-69.47,US-MIAMI,Miami,United States,25.7617,-80.1918,12771.24
EONET_6424,Iceberg D33B,seaLakeIce,Sea and Lake Ice,2023-12-08,9.8,-69.61,US-MIAMI,Miami,United States,25.7617,-80.1918,12680.51
EONET_6424,Iceberg D33B,seaLakeIce,Sea and Lake Ice,2023-12-15,8.01,-69.68,US-MIAMI,Miami,United States,25.7617,-80.1918,12613.81
EONET_6424,Iceberg D33B,seaLakeIce,Sea and Lake Ice,2023-12-28,4.38,-69.94,US-MIAMI,Miami,United States,25.7617,-80.1918,12484.32
EONET_6424,Iceberg D33B,seaLakeIce,Sea and Lake Ice,2024-01-04,1.94,-69.84,US-MIAMI,Miami,United States,25.7617,-80.1918,12391.45
EONET_6424,Iceberg D33B,seaLakeIce,Sea and Lake Ice,2024-01-18,-2.03,-69.22,US-MIAMI,Miami,United States,25.7617,-80.1918,12223.22
EONET_6424,Iceberg D33B,seaLakeIce,Sea and Lake Ice,2024-02-08,-3.15,-69.6,US-MIAMI,Miami,United States,25.7617,-80.1918,12197.27
EONET_6424,Iceberg D33B,seaLakeIce,Sea and Lake Ice,2024-02-23,-4.61,-70.16,US-MIAMI,Miami,United States,25.7617,-80.1918,12168.52
EONET_6424,Iceberg D33B,seaLakeIce,Sea and Lake Ice,2024-03-01,-7.49,-70.29,US-MIAMI,Miami,United States,25.7617,-80.1918,12075.03
EONET_6424,Iceberg D33B,seaLakeIce,Sea and Lake Ice,2024-03-07,-9.33,-70.4,US-MIAMI,Miami,United States,25.7617,-80.1918,12018.31
EONET_6424,Iceberg D33B,seaLakeIce,Sea and Lake Ice,2024-03-22,-7.49,-70.29,US-MIAMI,Miami,United States,25.7617,-80.1918,12075.03
EONET_6424,Iceberg D33B,seaLakeIce,Sea and Lake Ice,2024-03-29,-12.77,-71.07,US-MIAMI,Miami,United States,25.7617,-80.1918,11941.7
EONET_6424,Iceberg D33B,seaLakeIce,Sea and Lake Ice,2024-04-05,-15.11,-71.47,US-MIAMI,Miami,United States,25.7617,-80.1918,11892.1
EONET_6424,Iceberg D33B,seaLakeIce,Sea and Lake Ice,2024-04-12,-16.64,-72.06,US-MIAMI,Miami,United States,25.7617,-80.1918,11881.69
EONET_6424,Iceberg D33B,seaLakeIce,Sea and Lake Ice,2024-12-13,-37.79,-76.49,US-MIAMI,Miami,United States,25.7617,-80.1918,11731.07
EONET_6424,Iceberg D33B,seaLakeIce,Sea and Lake Ice,2025-01-10,-39.23,-76.86,US-MIAMI,Miami,United States,25.7617,-80.1918,11740.35
EONET_6424,Iceberg D33B,seaLakeIce,Sea and Lake Ice,2025-02-06,-40.28,-77.29,US-MIAMI,Miami,United States,25.7617,-80.1918,11762.52
EONET_6424,Iceberg D33B,seaLakeIce,Sea and Lake Ice,2025-03-27,-42.75,-76.97,US-MIAMI,Miami,United States,25.7617,-80.1918,11697.91
EONET_6424,Iceberg D33B,seaLakeIce,Sea and Lake Ice,2025-04-11,-44.03,-76.53,US-MIAMI,Miami,United States,25.7617,-80.1918,11639.11
EONET_6424,Iceberg D33B,seaLakeIce,Sea and Lake Ice,2025-05-16,-42.8,-76.04,US-MIAMI,Miami,United States,25.7617,-80.1918,11611.93
EONET_6424,Iceberg D33B,seaLakeIce,Sea and Lake Ice,2025-05-29,-41.99,-75.11,US-MIAMI,Miami,United States,25.7617,-80.1918,11539.67
EONET_6424,Iceberg D33B,seaLakeIce,Sea and Lake Ice,2025-06-05,-41.96,-74.43,US-MIAMI,Miami,United States,25.7617,-80.1918,11478.2
EONET_6424,Iceberg D33B,seaLakeIce,Sea and Lake Ice,2025-06-12,-42.53,-73.98,US-MIAMI,Miami,United States,25.7617,-80.1918,11427.23
EONET_6424,Iceberg D33B,seaLakeIce,Sea and Lake Ice,2025-07-11,-42.2,-73.47,US-MIAMI,Miami,United States,25.7617,-80.1918,11386.29
EONET_6424,Iceberg D33B,seaLakeIce,Sea and Lake Ice,2025-08-08,-44.43,-73.12,US-MIAMI,Miami,United States,25.7617,-80.1918,11314.47
EONET_6424,Iceberg D33B,seaLakeIce,Sea and Lake Ice,2025-08-21,-46.09,-72.41,US-MIAMI,Miami,United States,25.7617,-80.1918,11218.57
EONET_6424,Iceberg D33B,seaLakeIce,Sea and Lake Ice,2025-08-28,-46.13,-71.89,US-MIAMI,Miami,United States,25.7617,-80.1918,11168.25
EONET_6424,Iceberg D33B,seaLakeIce,Sea and Lake Ice,2025-09-11,-46.21,-70.86,US-MIAMI,Miami,United States,25.7617,-80.1918,11068.4
EONET_6424,Iceberg D33B,seaLakeIce,Sea and Lake Ice,2025-09-26,-46.34,-70.3,US-MIAMI,Miami,United States,25.7617,-80.1918,11012.36
EONET_6424,Iceberg D33B,seaLakeIce,Sea and Lake Ice,2025-10-16,-48.35,-69.88,US-MIAMI,Miami,United States,25.7617,-80.1918,10934.15
EONET_6424,Iceberg D33B,seaLakeIce,Sea and Lake Ice,2025-11-14,-49.85,-69.86,US-MIAMI,Miami,United States,25.7617,-80.1918,10905.22
EONET_6424,Iceberg D33B,seaLakeIce,Sea and Lake Ice,2025-11-21,-50.48,-69.25,US-MIAMI,Miami,United States,25.7617,-80.1918,10833.68
EONET_6424,Iceberg D33B,seaLakeIce,Sea and Lake Ice,2025-12-26,-51.23,-69.65,US-MIAMI,Miami,United States,25.7617,-80.1918,10860.48
EONET_6424,Iceberg D33B,seaLakeIce,Sea and Lake Ice,2026-01-09,-51.92,-69.03,US-MIAMI,Miami,United States,25.7617,-80.1918,10786.63
EONET_6424,Iceberg D33B,seaLakeIce,Sea and Lake Ice,2026-02-06,-51.83,-68.41,US-MIAMI,Miami,United States,25.7617,-80.1918,10725.95
EONET_6424,Iceberg D33B,seaLakeIce,Sea and Lake Ice,2026-02-13,-52.32,-67.97,US-MIAMI,Miami,United States,25.7617,-80.1918,10673.07
EONET_6424,Iceberg D33B,seaLakeIce,Sea and Lake Ice,2026-03-20,-52.33,-67.38,US-MIAMI,Miami,United States,25.7617,-80.1918,10613.45
EONET_6424,Iceberg D33B,seaLakeIce,Sea and Lake Ice,2026-04-24,-53.44,-66.98,US-MIAMI,Miami,United States,25.7617,-80.1918,10553.12
EONET_6465,Iceberg A82,seaLakeIce,Sea and Lake Ice,2023-12-15,-72.42,-72.85,US-MIAMI,Miami,United States,25.7617,-80.1918,10980.84
EONET_6465,Iceberg A82,seaLakeIce,Sea and Lake Ice,2024-01-25,-80.49,-72.73,US-MIAMI,Miami,United States,25.7617,-80.1918,10951.8
EONET_6465,Iceberg A82,seaLakeIce,Sea and Lake Ice,2024-02-02,-82.76,-73.37,US-MIAMI,Miami,United States,25.7617,-80.1918,11024.61
EONET_6465,Iceberg A82,seaLakeIce,Sea and Lake Ice,2024-02-08,-85.62,-72.77,US-MIAMI,Miami,United States,25.7617,-80.1918,10963.93
EONET_6465,Iceberg A82,seaLakeIce,Sea and Lake Ice,2024-02-16,-87.87,-72.67,US-MIAMI,Miami,United States,25.7617,-80.1918,10960.6
EONET_6465,Iceberg A82,seaLakeIce,Sea and Lake Ice,2024-02-23,-89.05,-72.37,US-MIAMI,Miami,United States,25.7617,-80.1918,10932.69
EONET_6465,Iceberg A82,seaLakeIce,Sea and Lake Ice,2024-03-01,-90.34,-71.7,US-MIAMI,Miami,United States,25.7617,-80.1918,10865.68
EONET_6465,Iceberg A82,seaLakeIce,Sea and Lake Ice,2024-03-15,-91.87,-71.94,US-MIAMI,Miami,United States,25.7617,-80.1918,10901.1
EONET_6465,Iceberg A82,seaLakeIce,Sea and Lake Ice,2024-03-22,-90.34,-71.7,US-MIAMI,Miami,United States,25.7617,-80.1918,10865.68
EONET_6465,Iceberg A82,seaLakeIce,Sea and Lake Ice,2024-03-29,-93.2,-71.9,US-MIAMI,Miami,United States,25.7617,-80.1918,10905.67
EONET_6465,Iceberg A82,seaLakeIce,Sea and Lake Ice,2024-04-12,-94.08,-71.27,US-MIAMI,Miami,United States,25.7617,-80.1918,10843.73
EONET_6465,Iceberg A82,seaLakeIce,Sea and Lake Ice,2024-12-13,-88.72,-67.75,US-MIAMI,Miami,United States,25.7617,-80.1918,10422.1
EONET_6465,Iceberg A82,seaLakeIce,Sea and Lake Ice,2024-12-20,-87.03,-67.93,US-MIAMI,Miami,United States,25.7617,-80.1918,10433.41
EONET_6465,Iceberg A82,seaLakeIce,Sea and Lake Ice,2024-12-26,-85.26,-67.4,US-MIAMI,Miami,United States,25.7617,-80.1918,10367.74
EONET_6465,Iceberg A82,seaLakeIce,Sea and Lake Ice,2025-01-02,-81.2,-67.13,US-MIAMI,Miami,United States,25.7617,-80.1918,10329.43
EONET_6465,Iceberg A82,seaLakeIce,Sea and Lake Ice,2025-01-10,-79.77,-66.71,US-MIAMI,Miami,United States,25.7617,-80.1918,10282.45
EONET_6465,Iceberg A82,seaLakeIce,Sea and Lake Ice,2025-01-23,-78.22,-66.31,US-MIAMI,Miami,United States,25.7617,-80.1918,10239.27
EONET_6465,Iceberg A82,seaLakeIce,Sea and Lake Ice,2025-01-31,-77.0,-65.87,US-MIAMI,Miami,United States,25.7617,-80.1918,10192.62
EONET_6465,Iceberg A82,seaLakeIce,Sea and Lake Ice,2025-02-14,-77.26,-66.34,US-MIAMI,Miami,United States,25.7617,-80.1918,10244.26
EONET_6465,Iceberg A82,seaLakeIce,Sea and Lake Ice,2025-02-21,-72.74,-65.2,US-MIAMI,Miami,United States,25.7617,-80.1918,10134.81
EONET_6465,Iceberg A82,seaLakeIce,Sea and Lake Ice,2025-03-06,-72.09,-64.64,US-MIAMI,Miami,United States,25.7617,-80.1918,10076.74
EONET_6465,Iceberg A82,seaLakeIce,Sea and Lake Ice,2025-03-27,-71.49,-63.68,US-MIAMI,Miami,United States,25.7617,-80.1918,9974.75
EONET_6474,Iceberg D35,seaLakeIce,Sea and Lake Ice,2024-01-11,21.01,-69.83,US-MIAMI,Miami,United States,25.7617,-80.1918,13112.56
EONET_6474,Iceberg D35,seaLakeIce,Sea and Lake Ice,2024-01-18,18.24,-69.29,US-MIAMI,Miami,United States,25.7617,-80.1918,13004.48
EONET_6474,Iceberg D35,seaLakeIce,Sea and Lake Ice,2024-02-02,16.63,-69.53,US-MIAMI,Miami,United States,25.7617,-80.1918,12942.81
EONET_6474,Iceberg D35,seaLakeIce,Sea and Lake Ice,2024-03-01,12.63,-69.36,US-MIAMI,Miami,United States,25.7617,-80.1918,12785.6
EONET_6474,Iceberg D35,seaLakeIce,Sea and Lake Ice,2024-03-07,11.39,-69.55,US-MIAMI,Miami,United States,25.7617,-80.1918,12740.44
EONET_6474,Iceberg D35,seaLakeIce,Sea and Lake Ice,2024-03-15,6.81,-69.77,US-MIAMI,Miami,United States,25.7617,-80.1918,12570.55
EONET_6474,Iceberg D35,seaLakeIce,Sea and Lake Ice,2024-03-22,12.63,-69.36,US-MIAMI,Miami,United States,25.7617,-80.1918,12785.6
EONET_6474,Iceberg D35,seaLakeIce,Sea and Lake Ice,2024-03-29,2.31,-69.95,US-MIAMI,Miami,United States,25.7617,-80.1918,12408.47
EONET_6474,Iceberg D35,seaLakeIce,Sea and Lake Ice,2024-04-05,-1.79,-69.69,US-MIAMI,Miami,United States,25.7617,-80.1918,12250.03
EONET_6474,Iceberg D35,seaLakeIce,Sea and Lake Ice,2024-04-12,-5.22,-70.01,US-MIAMI,Miami,United States,25.7617,-80.1918,12140.77
EONET_6474,Iceberg D35,seaLakeIce,Sea and Lake Ice,2024-12-13,-27.82,-74.57,US-MIAMI,Miami,United States,25.7617,-80.1918,11767.0
EONET_6474,Iceberg D35,seaLakeIce,Sea and Lake Ice,2025-04-04,-30.73,-74.62,US-MIAMI,Miami,United States,25.7617,-80.1918,11708.45
EONET_6474,Iceberg D35,seaLakeIce,Sea and Lake Ice,2025-04-24,-31.03,-74.14,US-MIAMI,Miami,United States,25.7617,-80.1918,11664.37
EONET_6474,Iceberg D35,seaLakeIce,Sea and Lake Ice,2025-05-29,-32.13,-73.51,US-MIAMI,Miami,United States,25.7617,-80.1918,11590.43
EONET_6474,Iceberg D35,seaLakeIce,Sea and Lake Ice,2025-06-05,-31.99,-72.73,US-MIAMI,Miami,United States,25.7617,-80.1918,11530.87
EONET_6474,Iceberg D35,seaLakeIce,Sea and Lake Ice,2025-06-12,-32.52,-71.97,US-MIAMI,Miami,United States,25.7617,-80.1918,11457.2
EONET_6474,Iceberg D35,seaLakeIce,Sea and Lake Ice,2025-07-18,-34.34,-71.89,US-MIAMI,Miami,United States,25.7617,-80.1918,11408.38
EONET_6474,Iceberg D35,seaLakeIce,Sea and Lake Ice,2025-07-31,-35.4,-72.29,US-MIAMI,Miami,United States,25.7617,-80.1918,11418.15
EONET_6474,Iceberg D35,seaLakeIce,Sea and Lake Ice,2025-08-14,-37.49,-71.87,US-MIAMI,Miami,United States,25.7617,-80.1918,11336.6
EONET_6474,Iceberg D35,seaLakeIce,Sea and Lake Ice,2025-08-21,-38.79,-71.3,US-MIAMI,Miami,United States,25.7617,-80.1918,11258.54
EONET_6474,Iceberg D35,seaLakeIce,Sea and Lake Ice,2025-08-28,-39.24,-70.51,US-MIAMI,Miami,United States,25.7617,-80.1918,11178.64
EONET_6474,Iceberg D35,seaLakeIce,Sea and Lake Ice,2025-09-11,-40.02,-69.3,US-MIAMI,Miami,United States,25.7617,-80.1918,11052.74
EONET_6474,Iceberg D35,seaLakeIce,Sea and Lake Ice,2025-09-26,-40.24,-68.69,US-MIAMI,Miami,United States,25.7617,-80.1918,10992.69
EONET_6474,Iceberg D35,seaLakeIce,Sea and Lake Ice,2025-10-16,-41.71,-68.54,US-MIAMI,Miami,United States,25.7617,-80.1918,10944.73
EONET_6474,Iceberg D35,seaLakeIce,Sea and Lake Ice,2025-11-14,-43.35,-68.51,US-MIAMI,Miami,United States,25.7617,-80.1918,10904.83
EONET_6474,Iceberg D35,seaLakeIce,Sea and Lake Ice,2025-11-28,-44.78,-68.23,US-MIAMI,Miami,United States,25.7617,-80.1918,10847.14
EONET_6474,Iceberg D35,seaLakeIce,Sea and Lake Ice,2026-01-02,-46.42,-68.28,US-MIAMI,Miami,United States,25.7617,-80.1918,10817.07
EONET_6474,Iceberg D35,seaLakeIce,Sea and Lake Ice,2026-01-09,-46.79,-67.73,US-MIAMI,Miami,United States,25.7617,-80.1918,10756.44
EONET_6474,Iceberg D35,seaLakeIce,Sea and Lake Ice,2026-01-23,-47.25,-67.15,US-MIAMI,Miami,United States,25.7617,-80.1918,10690.7
EONET_6474,Iceberg D35,seaLakeIce,Sea and Lake Ice,2026-02-13,-47.97,-66.37,US-MIAMI,Miami,United States,25.7617,-80.1918,10599.58
EONET_6474,Iceberg D35,seaLakeIce,Sea and Lake Ice,2026-03-13,-48.19,-65.87,US-MIAMI,Miami,United States,25.7617,-80.1918,10546.06
EONET_6474,Iceberg D35,seaLakeIce,Sea and Lake Ice,2026-04-03,-48.55,-65.34,US-MIAMI,Miami,United States,25.7617,-80.1918,10486.37
EONET_6510,Iceberg D33C,seaLakeIce,Sea and Lake Ice,2024-04-19,-20.02,-75.52,US-MIAMI,Miami,United States,25.7617,-80.1918,12007.69
EONET_6510,Iceberg D33C,seaLakeIce,Sea and Lake Ice,2024-12-13,-53.96,-71.34,US-MIAMI,Miami,United States,25.7617,-80.1918,10988.13
EONET_6510,Iceberg D33C,seaLakeIce,Sea and Lake Ice,2025-01-10,-55.73,-70.63,US-MIAMI,Miami,United States,25.7617,-80.1918,10890.44
EONET_6510,Iceberg D33C,seaLakeIce,Sea and Lake Ice,2025-02-14,-57.47,-70.73,US-MIAMI,Miami,United States,25.7617,-80.1918,10877.5
EONET_6510,Iceberg D33C,seaLakeIce,Sea and Lake Ice,2025-03-27,-57.93,-70.13,US-MIAMI,Miami,United States,25.7617,-80.1918,10808.99
EONET_6510,Iceberg D33C,seaLakeIce,Sea and Lake Ice,2025-04-24,-58.36,-69.66,US-MIAMI,Miami,United States,25.7617,-80.1918,10754.26
EONET_6510,Iceberg D33C,seaLakeIce,Sea and Lake Ice,2025-07-04,-58.53,-69.18,US-MIAMI,Miami,United States,25.7617,-80.1918,10701.75
EONET_6510,Iceberg D33C,seaLakeIce,Sea and Lake Ice,2025-07-31,-58.31,-68.5,US-MIAMI,Miami,United States,25.7617,-80.1918,10633.5
EONET_6510,Iceberg D33C,seaLakeIce,Sea and Lake Ice,2025-08-21,-58.42,-67.9,US-MIAMI,Miami,United States,25.7617,-80.1918,10569.14
EONET_6510,Iceberg D33C,seaLakeIce,Sea and Lake Ice,2025-09-18,-58.3,-67.39,US-MIAMI,Miami,United States,25.7617,-80.1918,10517.43
EONET_6510,Iceberg D33C,seaLakeIce,Sea and Lake Ice,2025-10-16,-58.34,-66.61,US-MIAMI,Miami,United States,25.7617,-80.1918,10435.17
EONET_6510,Iceberg D33C,seaLakeIce,Sea and Lake Ice,2025-11-14,-58.17,-66.14,US-MIAMI,Miami,United States,25.7617,-80.1918,10388.52
EONET_6510,Iceberg D33C,seaLakeIce,Sea and Lake Ice,2026-04-17,-58.13,-65.63,US-MIAMI,Miami,United States,25.7617,-80.1918,10335.78
EONET_6510,Iceberg D33C,seaLakeIce,Sea and Lake Ice,2026-04-30,-57.72,-65.21,US-MIAMI,Miami,United States,25.7617,-80.1918,10298.37
EONET_6520,Iceberg A76N,seaLakeIce,Sea and Lake Ice,2024-05-17,-54.04,-63.76,US-MIAMI,Miami,United States,25.7617,-80.1918,10214.1
EONET_6520,Iceberg A76N,seaLakeIce,Sea and Lake Ice,2024-12-13,-40.02,-53.61,US-MIAMI,Miami,United States,25.7617,-80.1918,9635.27
EONET_6520,Iceberg A76N,seaLakeIce,Sea and Lake Ice,2024-12-20,-41.78,-52.45,US-MIAMI,Miami,United States,25.7617,-80.1918,9462.16
EONET_6520,Iceberg A76N,seaLakeIce,Sea and Lake Ice,2024-12-26,-41.36,-51.6,US-MIAMI,Miami,United States,25.7617,-80.1918,9400.36
EONET_6520,Iceberg A76N,seaLakeIce,Sea and Lake Ice,2025-01-02,-39.59,-50.56,US-MIAMI,Miami,United States,25.7617,-80.1918,9377.51
EONET_6523,Iceberg A83,seaLakeIce,Sea and Lake Ice,2024-05-24,-25.55,-75.37,US-MIAMI,Miami,United States,25.7617,-80.1918,11874.75
EONET_6523,Iceberg A83,seaLakeIce,Sea and Lake Ice,2024-12-13,-28.6,-76.09,US-MIAMI,Miami,United States,25.7617,-80.1918,11864.62
EONET_6523,Iceberg A83,seaLakeIce,Sea and Lake Ice,2025-01-23,-30.23,-76.37,US-MIAMI,Miami,United States,25.7617,-80.1918,11854.53
EONET_6523,Iceberg A83,seaLakeIce,Sea and Lake Ice,2025-02-14,-33.21,-76.88,US-MIAMI,Miami,United States,25.7617,-80.1918,11840.93
EONET_6523,Iceberg A83,seaLakeIce,Sea and Lake Ice,2025-02-21,-34.86,-77.38,US-MIAMI,Miami,United States,25.7617,-80.1918,11854.12
EONET_6523,Iceberg A83,seaLakeIce,Sea and Lake Ice,2025-04-04,-38.7,-77.4,US-MIAMI,Miami,United States,25.7617,-80.1918,11795.71
EONET_6523,Iceberg A83,seaLakeIce,Sea and Lake Ice,2025-04-24,-40.37,-76.79,US-MIAMI,Miami,United States,25.7617,-80.1918,11716.67
EONET_6523,Iceberg A83,seaLakeIce,Sea and Lake Ice,2025-05-02,-41.65,-77.15,US-MIAMI,Miami,United States,25.7617,-80.1918,11730.04
EONET_6523,Iceberg A83,seaLakeIce,Sea and Lake Ice,2025-05-22,-42.16,-76.2,US-MIAMI,Miami,United States,25.7617,-80.1918,11636.27
EONET_6523,Iceberg A83,seaLakeIce,Sea and Lake Ice,2025-05-29,-41.21,-75.59,US-MIAMI,Miami,United States,25.7617,-80.1918,11595.88
EONET_6523,Iceberg A83,seaLakeIce,Sea and Lake Ice,2025-06-05,-40.74,-74.82,US-MIAMI,Miami,United States,25.7617,-80.1918,11534.39
EONET_6523,Iceberg A83,seaLakeIce,Sea and Lake Ice,2025-06-12,-40.94,-74.12,US-MIAMI,Miami,United States,25.7617,-80.1918,11467.89
EONET_6523,Iceberg A83,seaLakeIce,Sea and Lake Ice,2025-06-20,-41.21,-73.63,US-MIAMI,Miami,United States,25.7617,-80.1918,11418.76
EONET_6523,Iceberg A83,seaLakeIce,Sea and Lake Ice,2025-07-31,-43.33,-73.76,US-MIAMI,Miami,United States,25.7617,-80.1918,11393.13
EONET_6523,Iceberg A83,seaLakeIce,Sea and Lake Ice,2025-08-08,-43.92,-73.29,US-MIAMI,Miami,United States,25.7617,-80.1918,11339.23
EONET_6523,Iceberg A83,seaLakeIce,Sea and Lake Ice,2025-08-21,-45.89,-72.6,US-MIAMI,Miami,United States,25.7617,-80.1918,11240.12
EONET_6523,Iceberg A83,seaLakeIce,Sea and Lake Ice,2025-08-28,-45.93,-72.1,US-MIAMI,Miami,United States,25.7617,-80.1918,11191.81
EONET_6523,Iceberg A83,seaLakeIce,Sea and Lake Ice,2025-09-11,-46.02,-71.05,US-MIAMI,Miami,United States,25.7617,-80.1918,11090.07
EONET_6523,Iceberg A83,seaLakeIce,Sea and Lake Ice,2025-09-26,-46.21,-70.53,US-MIAMI,Miami,United States,25.7617,-80.1918,11036.84
EONET_6523,Iceberg A83,seaLakeIce,Sea and Lake Ice,2025-10-16,-48.39,-70.12,US-MIAMI,Miami,United States,25.7617,-80.1918,10956.83
EONET_6523,Iceberg A83,seaLakeIce,Sea and Lake Ice,2025-11-14,-50.1,-70.05,US-MIAMI,Miami,United States,25.7617,-80.1918,10919.64
EONET_6523,Iceberg A83,seaLakeIce,Sea and Lake Ice,2025-11-21,-50.78,-69.41,US-MIAMI,Miami,United States,25.7617,-80.1918,10844.31
EONET_6523,Iceberg A83,seaLakeIce,Sea and Lake Ice,2025-12-26,-51.5,-69.85,US-MIAMI,Miami,United States,25.7617,-80.1918,10875.92
EONET_6523,Iceberg A83,seaLakeIce,Sea and Lake Ice,2026-01-09,-52.2,-69.19,US-MIAMI,Miami,United States,25.7617,-80.1918,10797.96
EONET_6523,Iceberg A83,seaLakeIce,Sea and Lake Ice,2026-02-06,-51.87,-68.55,US-MIAMI,Miami,United States,25.7617,-80.1918,10739.3
EONET_6523,Iceberg A83,seaLakeIce,Sea and Lake Ice,2026-02-13,-52.31,-68.11,US-MIAMI,Miami,United States,25.7617,-80.1918,10687.35
EONET_6523,Iceberg A83,seaLakeIce,Sea and Lake Ice,2026-03-13,-52.08,-67.48,US-MIAMI,Miami,United States,25.7617,-80.1918,10628.04
EONET_6523,Iceberg A83,seaLakeIce,Sea and Lake Ice,2026-04-17,-53.11,-67.13,US-MIAMI,Miami,United States,25.7617,-80.1918,10574.19
EONET_6523,Iceberg A83,seaLakeIce,Sea and Lake Ice,2026-04-30,-53.18,-66.53,US-MIAMI,Miami,United States,25.7617,-80.1918,10512.11
EONET_10212,Iceberg B22F,seaLakeIce,Sea and Lake Ice,2024-08-15,-127.41,-72.61,US-MIAMI,Miami,United States,25.7617,-80.1918,11498.82
EONET_10212,Iceberg B22F,seaLakeIce,Sea and Lake Ice,2024-12-13,-140.7,-74.12,US-MIAMI,Miami,United States,25.7617,-80.1918,11926.89
EONET_10212,Iceberg B22F,seaLakeIce,Sea and Lake Ice,2024-12-26,-143.13,-74.37,US-MIAMI,Miami,United States,25.7617,-80.1918,12003.35
EONET_10212,Iceberg B22F,seaLakeIce,Sea and Lake Ice,2025-01-02,-145.92,-74.74,US-MIAMI,Miami,United States,25.7617,-80.1918,12095.32
EONET_10212,Iceberg B22F,seaLakeIce,Sea and Lake Ice,2025-01-31,-148.32,-74.89,US-MIAMI,Miami,United States,25.7617,-80.1918,12164.62
EONET_10212,Iceberg B22F,seaLakeIce,Sea and Lake Ice,2025-02-14,-150.91,-75.2,US-MIAMI,Miami,United States,25.7617,-80.1918,12246.51
EONET_10212,Iceberg B22F,seaLakeIce,Sea and Lake Ice,2025-03-06,-153.12,-75.24,US-MIAMI,Miami,United States,25.7617,-80.1918,12305.55
EONET_10212,Iceberg B22F,seaLakeIce,Sea and Lake Ice,2025-03-13,-154.11,-75.65,US-MIAMI,Miami,United States,25.7617,-80.1918,12348.57
EONET_10212,Iceberg B22F,seaLakeIce,Sea and Lake Ice,2025-03-27,-155.71,-75.88,US-MIAMI,Miami,United States,25.7617,-80.1918,12398.6
EONET_10212,Iceberg B22F,seaLakeIce,Sea and Lake Ice,2025-04-11,-157.47,-75.63,US-MIAMI,Miami,United States,25.7617,-80.1918,12434.62
EONET_10212,Iceberg B22F,seaLakeIce,Sea and Lake Ice,2025-05-09,-160.1,-75.39,US-MIAMI,Miami,United States,25.7617,-80.1918,12496.24
EONET_10212,Iceberg B22F,seaLakeIce,Sea and Lake Ice,2025-05-22,-161.44,-74.93,US-LOS_ANGELES,Los Angeles,United States,34.0522,-118.2437,12516.09
EONET_10212,Iceberg B22F,seaLakeIce,Sea and Lake Ice,2025-06-05,-163.27,-74.75,US-LOS_ANGELES,Los Angeles,United States,34.0522,-118.2437,12533.72
EONET_10212,Iceberg B22F,seaLakeIce,Sea and Lake Ice,2025-06-12,-165.79,-74.38,US-LOS_ANGELES,Los Angeles,United States,34.0522,-118.2437,12550.88
EONET_10212,Iceberg B22F,seaLakeIce,Sea and Lake Ice,2025-06-27,-167.33,-73.88,US-LOS_ANGELES,Los Angeles,United States,34.0522,-118.2437,12541.11
EONET_10212,Iceberg B22F,seaLakeIce,Sea and Lake Ice,2025-07-11,-169.21,-73.67,US-LOS_ANGELES,Los Angeles,United States,34.0522,-118.2437,12564.45
EONET_10212,Iceberg B22F,seaLakeIce,Sea and Lake Ice,2025-07-31,-169.59,-73.23,US-LOS_ANGELES,Los Angeles,United States,34.0522,-118.2437,12537.96
EONET_10212,Iceberg B22F,seaLakeIce,Sea and Lake Ice,2025-08-21,-170.96,-72.62,US-LOS_ANGELES,Los Angeles,United States,34.0522,-118.2437,12521.72
EONET_10212,Iceberg B22F,seaLakeIce,Sea and Lake Ice,2025-09-04,-171.89,-72.21,US-LOS_ANGELES,Los Angeles,United States,34.0522,-118.2437,12512.44
EONET_10212,Iceberg B22F,seaLakeIce,Sea and Lake Ice,2025-09-11,-173.36,-72.3,US-LOS_ANGELES,Los Angeles,United States,34.0522,-118.2437,12555.65
EONET_10212,Iceberg B22F,seaLakeIce,Sea and Lake Ice,2025-10-09,-173.77,-71.31,US-LOS_ANGELES,Los Angeles,United States,34.0522,-118.2437,12491.9
EONET_10212,Iceberg B22F,seaLakeIce,Sea and Lake Ice,2025-10-16,-174.64,-70.81,US-LOS_ANGELES,Los Angeles,United States,34.0522,-118.2437,12477.92
EONET_10212,Iceberg B22F,seaLakeIce,Sea and Lake Ice,2025-10-31,-177.13,-70.28,US-LOS_ANGELES,Los Angeles,United States,34.0522,-118.2437,12509.18
EONET_10212,Iceberg B22F,seaLakeIce,Sea and Lake Ice,2025-11-14,-177.85,-69.89,US-LOS_ANGELES,Los Angeles,United States,34.0522,-118.2437,12502.54
EONET_10212,Iceberg B22F,seaLakeIce,Sea and Lake Ice,2025-11-28,-177.84,-69.24,US-LOS_ANGELES,Los Angeles,United States,34.0522,-118.2437,12456.31
EONET_10212,Iceberg B22F,seaLakeIce,Sea and Lake Ice,2025-12-26,-176.57,-68.86,US-LOS_ANGELES,Los Angeles,United States,34.0522,-118.2437,12390.47
EONET_10212,Iceberg B22F,seaLakeIce,Sea and Lake Ice,2026-01-02,-176.74,-68.3,US-LOS_ANGELES,Los Angeles,United States,34.0522,-118.2437,12355.03
EONET_10212,Iceberg B22F,seaLakeIce,Sea and Lake Ice,2026-02-19,-177.25,-67.68,US-LOS_ANGELES,Los Angeles,United States,34.0522,-118.2437,12326.24
EONET_10212,Iceberg B22F,seaLakeIce,Sea and Lake Ice,2026-03-06,-178.77,-67.31,US-LOS_ANGELES,Los Angeles,United States,34.0522,-118.2437,12349.41
EONET_10212,Iceberg B22F,seaLakeIce,Sea and Lake Ice,2026-03-26,-179.86,-67.09,US-LOS_ANGELES,Los Angeles,United States,34.0522,-118.2437,12370.54
EONET_10212,Iceberg B22F,seaLakeIce,Sea and Lake Ice,2026-04-10,179.79,-67.58,US-LOS_ANGELES,Los Angeles,United States,34.0522,-118.2437,12416.1
EONET_10212,Iceberg B22F,seaLakeIce,Sea and Lake Ice,2026-04-24,179.83,-67.1,US-LOS_ANGELES,Los Angeles,United States,34.0522,-118.2437,12381.75
EONET_10213,Iceberg B22G,seaLakeIce,Sea and Lake Ice,2024-08-15,-127.08,-72.46,US-MIAMI,Miami,United States,25.7617,-80.1918,11479.09
EONET_10213,Iceberg B22G,seaLakeIce,Sea and Lake Ice,2024-12-13,-137.53,-74.03,US-MIAMI,Miami,United States,25.7617,-80.1918,11843.01
EONET_10213,Iceberg B22G,seaLakeIce,Sea and Lake Ice,2025-01-02,-139.07,-74.36,US-MIAMI,Miami,United States,25.7617,-80.1918,11902.34
EONET_10213,Iceberg B22G,seaLakeIce,Sea and Lake Ice,2025-01-23,-141.7,-74.53,US-MIAMI,Miami,United States,25.7617,-80.1918,11977.4
EONET_10213,Iceberg B22G,seaLakeIce,Sea and Lake Ice,2025-02-21,-143.61,-74.62,US-MIAMI,Miami,United States,25.7617,-80.1918,12030.26
EONET_10213,Iceberg B22G,seaLakeIce,Sea and Lake Ice,2025-03-06,-148.24,-75.38,US-MIAMI,Miami,United States,25.7617,-80.1918,12187.82
EONET_10213,Iceberg B22G,seaLakeIce,Sea and Lake Ice,2025-03-21,-152.73,-75.35,US-MIAMI,Miami,United States,25.7617,-80.1918,12300.26
EONET_10213,Iceberg B22G,seaLakeIce,Sea and Lake Ice,2025-04-04,-154.86,-75.34,US-MIAMI,Miami,United States,25.7617,-80.1918,12355.24
EONET_10213,Iceberg B22G,seaLakeIce,Sea and Lake Ice,2025-05-02,-156.3,-74.88,US-MIAMI,Miami,United States,25.7617,-80.1918,12375.52
EONET_10213,Iceberg B22G,seaLakeIce,Sea and Lake Ice,2025-05-16,-157.83,-74.38,US-MIAMI,Miami,United States,25.7617,-80.1918,12399.35
EONET_10213,Iceberg B22G,seaLakeIce,Sea and Lake Ice,2025-05-22,-158.76,-74.0,US-LOS_ANGELES,Los Angeles,United States,34.0522,-118.2437,12385.51
EONET_10213,Iceberg B22G,seaLakeIce,Sea and Lake Ice,2025-06-05,-161.08,-73.79,US-LOS_ANGELES,Los Angeles,United States,34.0522,-118.2437,12409.06
EONET_10213,Iceberg B22G,seaLakeIce,Sea and Lake Ice,2025-06-12,-163.06,-73.35,US-LOS_ANGELES,Los Angeles,United States,34.0522,-118.2437,12408.99
EONET_10213,Iceberg B22G,seaLakeIce,Sea and Lake Ice,2025-06-27,-163.83,-72.55,US-LOS_ANGELES,Los Angeles,United States,34.0522,-118.2437,12355.84
EONET_10213,Iceberg B22G,seaLakeIce,Sea and Lake Ice,2025-07-18,-162.07,-72.14,US-LOS_ANGELES,Los Angeles,United States,34.0522,-118.2437,12283.2
EONET_10213,Iceberg B22G,seaLakeIce,Sea and Lake Ice,2025-07-31,-162.34,-71.52,US-LOS_ANGELES,Los Angeles,United States,34.0522,-118.2437,12234.47
EONET_10213,Iceberg B22G,seaLakeIce,Sea and Lake Ice,2025-08-08,-160.83,-71.28,US-LOS_ANGELES,Los Angeles,United States,34.0522,-118.2437,12180.85
EONET_10213,Iceberg B22G,seaLakeIce,Sea and Lake Ice,2025-08-14,-162.22,-71.07,US-LOS_ANGELES,Los Angeles,United States,34.0522,-118.2437,12192.29
EONET_10213,Iceberg B22G,seaLakeIce,Sea and Lake Ice,2025-08-28,-161.82,-70.61,US-LOS_ANGELES,Los Angeles,United States,34.0522,-118.2437,12142.8
EONET_10213,Iceberg B22G,seaLakeIce,Sea and Lake Ice,2025-09-11,-160.39,-71.05,US-LOS_ANGELES,Los Angeles,United States,34.0522,-118.2437,12150.88
EONET_10213,Iceberg B22G,seaLakeIce,Sea and Lake Ice,2025-09-18,-162.1,-71.25,US-LOS_ANGELES,Los Angeles,United States,34.0522,-118.2437,12205.51
EONET_10213,Iceberg B22G,seaLakeIce,Sea and Lake Ice,2025-10-09,-160.55,-70.25,US-LOS_ANGELES,Los Angeles,United States,34.0522,-118.2437,12082.45
EONET_10213,Iceberg B22G,seaLakeIce,Sea and Lake Ice,2025-10-16,-159.26,-70.09,US-LOS_ANGELES,Los Angeles,United States,34.0522,-118.2437,12039.71
EONET_10213,Iceberg B22G,seaLakeIce,Sea and Lake Ice,2025-11-14,-161.18,-69.62,US-LOS_ANGELES,Los Angeles,United States,34.0522,-118.2437,12040.18
EONET_10213,Iceberg B22G,seaLakeIce,Sea and Lake Ice,2025-12-18,-159.78,-69.43,US-LOS_ANGELES,Los Angeles,United States,34.0522,-118.2437,11991.17
EONET_10213,Iceberg B22G,seaLakeIce,Sea and Lake Ice,2026-02-26,-159.71,-68.77,US-LOS_ANGELES,Los Angeles,United States,34.0522,-118.2437,11929.57
EONET_12142,Wildfire in Sudan 1023071,wildfires,Wildfires,2024-12-12,26.628084592014233,7.125505061161163,US-MIAMI,Miami,United States,25.7617,-80.1918,11320.83
EONET_12159,Wildfire in Cote d&#039;Ivoire 1023081,wildfires,Wildfires,2024-12-12,-3.674344876939678,9.048220600285456,US-MIAMI,Miami,United States,25.7617,-80.1918,8227.91
EONET_12164,Wildfire in Mali 1023085,wildfires,Wildfires,2024-12-12,-10.507156381881808,12.799972610328515,US-MIAMI,Miami,United States,25.7617,-80.1918,7377.42
EONET_12170,Wildfire in Ghana 1023092,wildfires,Wildfires,2024-12-12,-2.308010282395875,10.656035245256726,US-MIAMI,Miami,United States,25.7617,-80.1918,8291.27
EONET_12176,Wildfire in Ghana 1023093,wildfires,Wildfires,2024-12-12,-0.544773538143576,7.362650920097517,US-MIAMI,Miami,United States,25.7617,-80.1918,8619.09
EONET_12177,Wildfire in Ghana 1023095,wildfires,Wildfires,2024-12-12,-0.5412255317506104,7.357045393854975,US-MIAMI,Miami,United States,25.7617,-80.1918,8619.7
EONET_12187,Wildfire in Sudan 1023098,wildfires,Wildfires,2024-12-12,32.782795635312,7.023694715976142,US-MIAMI,Miami,United States,25.7617,-80.1918,11920.34
EONET_12154,"Bienville CPT 53/54 RX Wildfire, Scott, Mississippi",wildfires,Wildfires,2024-12-12,-89.5714,32.3437,US-NEW_ORLEANS,New Orleans,United States,29.9511,-90.0715,270.27
EONET_12155,"Bienville CPT 268 RX Wildfire, Smith, Mississippi",wildfires,Wildfires,2024-12-12,-89.6069,32.1348,US-NEW_ORLEANS,New Orleans,United States,29.9511,-90.0715,246.82
EONET_12153,"APQ Recreation Area 1 &amp; 2 Rx 1212 Wildfire, Polk, Florida",wildfires,Wildfires,2024-12-12,-81.398735,27.731616,US-MIAMI,Miami,United States,25.7617,-80.1918,249.68
EONET_12156,"RX CALV C-133 Wildfire, Vernon, Louisiana",wildfires,Wildfires,2024-12-12,-92.923,31.01,US-HOUSTON,Houston,United States,29.7604,-95.3698,272.74
EONET_12172,"Home Reef Volcano, Tonga",volcanoes,Volcanoes,2024-12-12,-174.775,-18.992,US-SAN_FRANCISCO,San Francisco,United States,37.7749,-122.4194,8350.76
EONET_12133,Wildfire in Sudan 1023070,wildfires,Wildfires,2024-12-11,26.338688185352478,8.295831819972008,US-MIAMI,Miami,United States,25.7617,-80.1918,11230.99
EONET_12160,Wildfire in Sudan 1023079,wildfires,Wildfires,2024-12-11,29.74832521540173,9.576710596045281,US-MIAMI,Miami,United States,25.7617,-80.1918,11489.73
EONET_12171,Wildfire in Central African Republic 1023089,wildfires,Wildfires,2024-12-11,23.989073919436567,6.507246084084775,US-MIAMI,Miami,United States,25.7617,-80.1918,11095.62
EONET_12152,"LBJ Bois d&#039;Arc RX Wildfire, Fannin, Texas",wildfires,Wildfires,2024-12-11,-95.951944,33.761389,US-DALLAS,Dallas,United States,32.7767,-96.797,134.76
EONET_12134,Wildfire in Chad 1023064,wildfires,Wildfires,2024-12-10,20.38477446899014,12.328266420489443,US-MIAMI,Miami,United States,25.7617,-80.1918,10445.55
EONET_12143,Wildfire in Mali 1023078,wildfires,Wildfires,2024-12-10,-4.086337655737058,13.574523301996058,US-MIAMI,Miami,United States,25.7617,-80.1918,7984.44
EONET_12165,Wildfire in Cote d&#039;Ivoire 1023083,wildfires,Wildfires,2024-12-10,-3.776866382300303,8.949694038845726,US-MIAMI,Miami,United States,25.7617,-80.1918,8222.17
EONET_12157,"APQ Recreation Area 3 Rx 1210 Wildfire, Polk, Florida",wildfires,Wildfires,2024-12-10,-81.343675,27.694373,US-MIAMI,Miami,United States,25.7617,-80.1918,243.45
EONET_12149,"FRANKLIN Wildfire, Los Angeles, California",wildfires,Wildfires,2024-12-10,-118.69642,34.06343,US-LOS_ANGELES,Los Angeles,United States,34.0522,-118.2437,41.72
EONET_12120,Wildfire in Australia 1023057,wildfires,Wildfires,2024-12-09,147.53236806064731,-20.944109924452626,US-SAN_FRANCISCO,San Francisco,United States,37.7749,-122.4194,11418.02
EONET_12126,Wildfire in Sudan 1023058,wildfires,Wildfires,2024-12-09,28.16562823440938,6.4903658282521866,US-MIAMI,Miami,United States,25.7617,-80.1918,11503.76
EONET_12135,Wildfire in Burkina Faso 1023067,wildfires,Wildfires,2024-12-09,-4.6365430552399705,9.850968371808957,US-MIAMI,Miami,United States,25.7617,-80.1918,8095.04
EONET_12136,Wildfire in Ethiopia 1023065,wildfires,Wildfires,2024-12-09,35.434534544517554,11.927440717052702,US-MIAMI,Miami,United States,25.7617,-80.1918,11890.57
EONET_12144,Wildfire in Sudan 1023072,wildfires,Wildfires,2024-12-09,26.512830754202994,7.118884281784125,US-MIAMI,Miami,United States,25.7617,-80.1918,11309.98
EONET_12104,"APQ Recreation Area 1 Rx 1209 Wildfire, Polk, Florida",wildfires,Wildfires,2024-12-09,-81.397791,27.728718,US-MIAMI,Miami,United States,25.7617,-80.1918,249.35
EONET_12119,Tropical Cyclone Chido,severeStorms,Severe Storms,2024-12-09,63.8,-11.7,US-MIAMI,Miami,United States,25.7617,-80.1918,15931.65
EONET_12119,Tropical Cyclone Chido,severeStorms,Severe Storms,2024-12-09,63.1,-11.3,US-MIAMI,Miami,United States,25.7617,-80.1918,15843.43
EONET_12119,Tropical Cyclone Chido,severeStorms,Severe Storms,2024-12-09,62.4,-11.2,US-MIAMI,Miami,United States,25.7617,-80.1918,15770.72
EONET_12119,Tropical Cyclone Chido,severeStorms,Severe Storms,2024-12-10,61.6,-11.0,US-MIAMI,Miami,United States,25.7617,-80.1918,15683.08
EONET_12119,Tropical Cyclone Chido,severeStorms,Severe Storms,2024-12-10,60.8,-10.6,US-MIAMI,Miami,United States,25.7617,-80.1918,15585.04
EONET_12119,Tropical Cyclone Chido,severeStorms,Severe Storms,2024-12-10,60.2,-10.7,US-MIAMI,Miami,United States,25.7617,-80.1918,15532.09
EONET_12119,Tropical Cyclone Chido,severeStorms,Severe Storms,2024-12-10,59.6,-10.6,US-MIAMI,Miami,United States,25.7617,-80.1918,15468.76
EONET_12119,Tropical Cyclone Chido,severeStorms,Severe Storms,2024-12-11,59.1,-10.5,US-MIAMI,Miami,United States,25.7617,-80.1918,15415.09
EONET_12119,Tropical Cyclone Chido,severeStorms,Severe Storms,2024-12-11,58.4,-10.5,US-MIAMI,Miami,United States,25.7617,-80.1918,15347.01
EONET_12119,Tropical Cyclone Chido,severeStorms,Severe Storms,2024-12-11,57.5,-10.4,US-MIAMI,Miami,United States,25.7617,-80.1918,15254.25
EONET_12119,Tropical Cyclone Chido,severeStorms,Severe Storms,2024-12-11,56.7,-10.4,US-MIAMI,Miami,United States,25.7617,-80.1918,15176.12
EONET_12119,Tropical Cyclone Chido,severeStorms,Severe Storms,2024-12-12,55.6,-10.5,US-MIAMI,Miami,United States,25.7617,-80.1918,15073.38
EONET_12119,Tropical Cyclone Chido,severeStorms,Severe Storms,2024-12-12,54.5,-10.6,US-MIAMI,Miami,United States,25.7617,-80.1918,14970.25
EONET_12119,Tropical Cyclone Chido,severeStorms,Severe Storms,2024-12-12,53.2,-10.7,US-MIAMI,Miami,United States,25.7617,-80.1918,14847.05
EONET_12119,Tropical Cyclone Chido,severeStorms,Severe Storms,2024-12-12,52.2,-10.9,US-MIAMI,Miami,United States,25.7617,-80.1918,14757.82
EONET_12119,Tropical Cyclone Chido,severeStorms,Severe Storms,2024-12-13,51.0,-11.1,US-MIAMI,Miami,United States,25.7617,-80.1918,14648.42
EONET_12119,Tropical Cyclone Chido,severeStorms,Severe Storms,2024-12-13,49.9,-11.1,US-MIAMI,Miami,United States,25.7617,-80.1918,14539.33
EONET_12119,Tropical Cyclone Chido,severeStorms,Severe Storms,2024-12-13,48.8,-11.6,US-MIAMI,Miami,United States,25.7617,-80.1918,14452.88
EONET_12119,Tropical Cyclone Chido,severeStorms,Severe Storms,2024-12-13,47.6,-11.9,US-MIAMI,Miami,United States,25.7617,-80.1918,14346.85
EONET_12119,Tropical Cyclone Chido,severeStorms,Severe Storms,2024-12-14,46.7,-12.1,US-MIAMI,Miami,United States,25.7617,-80.1918,14265.96
EONET_12119,Tropical Cyclone Chido,severeStorms,Severe Storms,2024-12-14,45.4,-12.6,US-MIAMI,Miami,United States,25.7617,-80.1918,14158.0
EONET_12119,Tropical Cyclone Chido,severeStorms,Severe Storms,2024-12-14,44.1,-13.1,US-MIAMI,Miami,United States,25.7617,-80.1918,14049.47
EONET_12119,Tropical Cyclone Chido,severeStorms,Severe Storms,2024-12-14,42.8,-13.2,US-MIAMI,Miami,United States,25.7617,-80.1918,13923.61
EONET_12119,Tropical Cyclone Chido,severeStorms,Severe Storms,2024-12-15,41.4,-13.3,US-MIAMI,Miami,United States,25.7617,-80.1918,13787.68
EONET_12119,Tropical Cyclone Chido,severeStorms,Severe Storms,2024-12-15,40.2,-13.3,US-MIAMI,Miami,United States,25.7617,-80.1918,13667.52
EONET_12103,"Coyote Wildfire, Gaston, North Carolina",wildfires,Wildfires,2024-12-08,-81.2988333,35.2148333,US-NEW_ORLEANS,New Orleans,United States,29.9511,-90.0715,1008.33
EONET_12129,Wildfire in Sudan 1023061,wildfires,Wildfires,2024-12-08,33.478838393856854,6.495073206951486,US-MIAMI,Miami,United States,25.7617,-80.1918,12016.24
EONET_12145,Wildfire in Ghana 1023075,wildfires,Wildfires,2024-12-08,-0.19245763638422614,7.352535032858098,US-MIAMI,Miami,United States,25.7617,-80.1918,8654.81
EONET_12166,Wildfire in Sudan 1023084,wildfires,Wildfires,2024-12-08,32.68172277961916,9.857387717262942,US-MIAMI,Miami,United States,25.7617,-80.1918,11752.57
EONET_12105,"Radue Wildfire, Custer, Montana",wildfires,Wildfires,2024-12-08,-105.874483,46.09975,US-DENVER,Denver,United States,39.7392,-104.9903,710.9
EONET_12106,"APQ Recreation Area 3 Rx 1208 Wildfire, Polk, Florida",wildfires,Wildfires,2024-12-08,-81.348696,27.691005,US-MIAMI,Miami,United States,25.7617,-80.1918,243.36
EONET_12109,Wildfire in Australia 1023050,wildfires,Wildfires,2024-12-07,144.5772672249946,-18.39119076022802,US-SAN_FRANCISCO,San Francisco,United States,37.7749,-122.4194,11502.9
EONET_12110,Wildfire in Australia 1023051,wildfires,Wildfires,2024-12-07,144.9281834960211,-18.76122534467231,US-SAN_FRANCISCO,San Francisco,United States,37.7749,-122.4194,11496.91
EONET_12121,Wildfire in Australia 1023056,wildfires,Wildfires,2024-12-07,144.51913124753625,-18.239656973522703,US-SAN_FRANCISCO,San Francisco,United States,37.7749,-122.4194,11498.03
EONET_12122,Wildfire in Sudan 1023052,wildfires,Wildfires,2024-12-07,29.101747618019537,6.542698962605854,US-MIAMI,Miami,United States,25.7617,-80.1918,11591.77
EONET_12137,Wildfire in Sudan 1023066,wildfires,Wildfires,2024-12-07,31.789937073590888,9.46682316912833,US-MIAMI,Miami,United States,25.7617,-80.1918,11690.06
EONET_12107,"APQ Recreation Area 2 Rx 1207 Wildfire, Polk, Florida",wildfires,Wildfires,2024-12-07,-81.358051,27.696505,US-MIAMI,Miami,United States,25.7617,-80.1918,244.33
EONET_12098,Wildfire in Sudan 1023037,wildfires,Wildfires,2024-12-06,32.50487186183727,11.26797181445212,US-MIAMI,Miami,United States,25.7617,-80.1918,11656.08
EONET_12111,Wildfire in Central African Republic 1023047,wildfires,Wildfires,2024-12-06,24.332789378305375,6.2984318920026565,US-MIAMI,Miami,United States,25.7617,-80.1918,11140.04
EONET_12112,Wildfire in Sudan 1023049,wildfires,Wildfires,2024-12-06,26.232134783837495,8.526077903575507,US-MIAMI,Miami,United States,25.7617,-80.1918,11208.49
EONET_12127,Wildfire in Sudan 1023059,wildfires,Wildfires,2024-12-06,26.99270761653973,7.584673453116638,US-MIAMI,Miami,United States,25.7617,-80.1918,11331.97
EONET_12130,Wildfire in Central African Republic 1023062,wildfires,Wildfires,2024-12-06,24.01784544368539,6.388406467172499,US-MIAMI,Miami,United States,25.7617,-80.1918,11104.56
EONET_12146,Wildfire in Sudan 1023073,wildfires,Wildfires,2024-12-06,26.5807612761476,7.861274268843025,US-MIAMI,Miami,United States,25.7617,-80.1918,11277.41
EONET_12123,Wildfire in Madagascar 1023055,wildfires,Wildfires,2024-12-05,48.259769048327115,-15.013978477925678,US-MIAMI,Miami,United States,25.7617,-80.1918,14545.14
EONET_12124,Wildfire in Madagascar 1023053,wildfires,Wildfires,2024-12-05,48.94742710694347,-16.499266903005342,US-MIAMI,Miami,United States,25.7617,-80.1918,14672.32
EONET_12125,Wildfire in Sudan 1023054,wildfires,Wildfires,2024-12-05,26.245192089062336,8.330831153955994,US-MIAMI,Miami,United States,25.7617,-80.1918,11220.09
EONET_12128,Wildfire in Madagascar 1023060,wildfires,Wildfires,2024-12-05,48.251642716167694,-15.010448591306409,US-MIAMI,Miami,United States,25.7617,-80.1918,14544.18
EONET_12131,Wildfire in Burkina Faso 1023063,wildfires,Wildfires,2024-12-05,-1.7848067265268617,13.40207132179837,US-MIAMI,Miami,United States,25.7617,-80.1918,8220.74
EONET_12092,Wildfire in Australia 1023034,wildfires,Wildfires,2024-12-04,146.04704875539514,-22.630757852696384,US-SAN_FRANCISCO,San Francisco,United States,37.7749,-122.4194,11651.82
EONET_12096,Wildfire in Sudan 1023035,wildfires,Wildfires,2024-12-04,31.12897121527095,9.814722542232177,US-MIAMI,Miami,United States,25.7617,-80.1918,11607.97
EONET_12099,Wildfire in Australia 1023038,wildfires,Wildfires,2024-12-04,147.29344354057656,-23.333426844719767,US-SAN_FRANCISCO,San Francisco,United States,37.7749,-122.4194,11592.78
EONET_12100,Wildfire in Benin 1023039,wildfires,Wildfires,2024-12-04,1.4689737237424556,10.998631810272673,US-MIAMI,Miami,United States,25.7617,-80.1918,8652.17
EONET_12113,Wildfire in Sudan 1023042,wildfires,Wildfires,2024-12-04,25.097956992119897,8.343867869265342,US-MIAMI,Miami,United States,25.7617,-80.1918,11108.23
EONET_12138,Wildfire in Ghana 1023068,wildfires,Wildfires,2024-12-04,-0.2641069620320304,7.454108966526715,US-MIAMI,Miami,United States,25.7617,-80.1918,8642.9
EONET_12093,Wildfire in Sudan 1023033,wildfires,Wildfires,2024-12-03,31.355282953990077,9.804490705625867,US-MIAMI,Miami,United States,25.7617,-80.1918,11630.01
EONET_12114,Wildfire in Sudan 1023048,wildfires,Wildfires,2024-12-03,25.97610749095814,8.91367827872586,US-MIAMI,Miami,United States,25.7617,-80.1918,11163.23
EONET_12094,Wildfire in Sudan 1023032,wildfires,Wildfires,2024-12-02,31.51940914220699,10.0434913616767,US-MIAMI,Miami,United States,25.7617,-80.1918,11632.23
EONET_12088,"KDF - Confluence 2 Wildfire, Leslie, Kentucky",wildfires,Wildfires,2024-12-02,-83.396702,37.295268,US-NEW_ORLEANS,New Orleans,United States,29.9511,-90.0715,1023.48
EONET_12091,Wildfire in Sudan 1023031,wildfires,Wildfires,2024-12-01,25.857188772134748,9.058944514693914,US-MIAMI,Miami,United States,25.7617,-80.1918,11144.05
EONET_12101,Wildfire in Benin 1023040,wildfires,Wildfires,2024-12-01,1.4243613126509973,11.204894940655628,US-MIAMI,Miami,United States,25.7617,-80.1918,8638.31
EONET_12115,Wildfire in Australia 1023045,wildfires,Wildfires,2024-12-01,147.38338373857528,-23.24470629732928,US-SAN_FRANCISCO,San Francisco,United States,37.7749,-122.4194,11579.58
EONET_12116,Wildfire in Central African Republic 1023046,wildfires,Wildfires,2024-12-01,23.76126743814646,6.68794714581094,US-MIAMI,Miami,United States,25.7617,-80.1918,11064.01
EONET_12079,Tropical Cyclone Fengal,severeStorms,Severe Storms,2024-11-29,82.7,11.3,US-SACRAMENTO,Sacramento,United States,38.5816,-121.4944,13926.3
EONET_12079,Tropical Cyclone Fengal,severeStorms,Severe Storms,2024-11-29,82.1,11.9,US-SACRAMENTO,Sacramento,United States,38.5816,-121.4944,13890.07
EONET_12079,Tropical Cyclone Fengal,severeStorms,Severe Storms,2024-11-29,81.8,12.3,US-SACRAMENTO,Sacramento,United States,38.5816,-121.4944,13861.25
EONET_12079,Tropical Cyclone Fengal,severeStorms,Severe Storms,2024-11-30,81.4,12.5,US-SACRAMENTO,Sacramento,United States,38.5816,-121.4944,13856.8
EONET_12079,Tropical Cyclone Fengal,severeStorms,Severe Storms,2024-11-30,81.0,12.3,US-SACRAMENTO,Sacramento,United States,38.5816,-121.4944,13893.44
EONET_12079,Tropical Cyclone Fengal,severeStorms,Severe Storms,2024-11-30,80.7,12.3,US-SACRAMENTO,Sacramento,United States,38.5816,-121.4944,13905.27
EONET_12079,Tropical Cyclone Fengal,severeStorms,Severe Storms,2024-11-30,80.2,12.2,US-SACRAMENTO,Sacramento,United States,38.5816,-121.4944,13935.07
EONET_12079,Tropical Cyclone Fengal,severeStorms,Severe Storms,2024-12-01,80.0,12.1,US-SACRAMENTO,Sacramento,United States,38.5816,-121.4944,13953.15
EONET_12079,Tropical Cyclone Fengal,severeStorms,Severe Storms,2024-12-01,79.9,12.1,US-SACRAMENTO,Sacramento,United States,38.5816,-121.4944,13956.97
