event_id,event_title,category_id,category_name,date,longitude,latitude,nearest_city_id,nearest_city_name,nearest_city_country,nearest_city_latitude,nearest_city_longitude,nearest_disaster_distance_km
EONET_19840,"rx-66 Prescribed Fire, Burnett, Wisconsin",wildfires,Wildfires,2026-04-23,-92.6535178,45.8508587,US-DENVER,Denver,United States,39.7392,-104.9903,1212.37
EONET_19839,"Bauman Wildfire, Jackson, South Dakota",wildfires,Wildfires,2026-04-23,-101.3950833,43.631,US-DENVER,Denver,United States,39.7392,-104.9903,525.62
EONET_19832,"Baldwin Fuels 6 RX Prescribed Fire, Lake, Michigan",wildfires,Wildfires,2026-04-23,-85.896883,43.88275,US-DALLAS,Dallas,United States,32.7767,-96.797,1555.59
EONET_19843,"Peterson Wildfire, Holt, Nebraska",wildfires,Wildfires,2026-04-23,-99.04273,42.12483,US-DENVER,Denver,United States,39.7392,-104.9903,565.5
EONET_19844,"Andrews Wildfire, Cherry, Nebraska",wildfires,Wildfires,2026-04-22,-101.004,42.763583,US-DENVER,Denver,United States,39.7392,-104.9903,473.34
EONET_19841,"Hammer Wildfire, El Paso, Colorado",wildfires,Wildfires,2026-04-22,-104.61,38.67,US-DENVER,Denver,United States,39.7392,-104.9903,123.32
EONET_19838,"Taber Rec Wildfire, Bon Homme, South Dakota",wildfires,Wildfires,2026-04-22,-97.647004,42.862657,US-DENVER,Denver,United States,39.7392,-104.9903,704.55
EONET_19862,Flood in Panama 1103850,floods,Floods,2026-04-22,-82.8312256,8.507448,US-MIAMI,Miami,United States,25.7617,-80.1918,1938.78
EONET_19834,"Pressey Wildfire, Cherry, Nebraska",wildfires,Wildfires,2026-04-22,-101.029476,42.246685,US-DENVER,Denver,United States,39.7392,-104.9903,433.79
EONET_19845,"Lone Pine Wildfire, Becker, Minnesota",wildfires,Wildfires,2026-04-22,-95.912189,47.020535,US-DENVER,Denver,United States,39.7392,-104.9903,1091.15
EONET_19850,"Wells Rd Unit 1 RX Prescribed Fire, Iosco, Michigan",wildfires,Wildfires,2026-04-22,-83.483333,44.425,US-NEW_ORLEANS,New Orleans,United States,29.9511,-90.0715,1710.48
EONET_19835,"COW CREEK Wildfire, Levy, Florida",wildfires,Wildfires,2026-04-21,-82.6311111,29.2822222,US-MIAMI,Miami,United States,25.7617,-80.1918,459.42
EONET_19860,Flood in Afghanistan 1103848,floods,Floods,2026-04-21,67.666667,36.0,US-DENVER,Denver,United States,39.7392,-104.9903,11559.76
EONET_19861,Flood in Kenya 1103849,floods,Floods,2026-04-21,39.105095,-4.1836067,US-MIAMI,Miami,United States,25.7617,-80.1918,13133.72
EONET_19863,Flood in Venezuela 1103851,floods,Floods,2026-04-21,-69.5850374,10.5693891,US-MIAMI,Miami,United States,25.7617,-80.1918,2024.72
EONET_19854,"rx-73 Prescribed Fire, Burnett, Wisconsin",wildfires,Wildfires,2026-04-21,-92.645347,45.8694852,US-DENVER,Denver,United States,39.7392,-104.9903,1213.95
EONET_19836,"MM-45- Broward (06) Wildfire, Broward, Florida",wildfires,Wildfires,2026-04-21,-80.5,26.3002778,US-MIAMI,Miami,United States,25.7617,-80.1918,67.34
EONET_19831,"Hwy 82 Wildfire, Brantley, Georgia",wildfires,Wildfires,2026-04-21,-81.8438889,31.2222222,US-MIAMI,Miami,United States,25.7617,-80.1918,628.25
EONET_19846,"DeSoto BB 9370 C507 508 509 RX Prescribed Fire, Jackson, Mississippi",wildfires,Wildfires,2026-04-21,-88.86195,30.698133,US-NEW_ORLEANS,New Orleans,United States,29.9511,-90.0715,142.75
EONET_19852,"RX CALE BU 44-367 Prescribed Fire, Rapides, Louisiana",wildfires,Wildfires,2026-04-21,-92.615933,31.132467,US-NEW_ORLEANS,New Orleans,United States,29.9511,-90.0715,276.81
EONET_19813,Wildfire in Australia 1028503,wildfires,Wildfires,2026-04-20,126.7355675431825,-16.535361509719152,US-SAN_FRANCISCO,San Francisco,United States,37.7749,-122.4194,12938.38
EONET_19833,"East Side Wildfire, Carbon, Montana",wildfires,Wildfires,2026-04-20,-109.3142,45.092167,US-DENVER,Denver,United States,39.7392,-104.9903,692.77
EONET_19849,"Hansen WPA RX Prescribed Fire, Clay, Nebraska",wildfires,Wildfires,2026-04-20,-97.862,40.452,US-DENVER,Denver,United States,39.7392,-104.9903,611.32
EONET_19858,"Krause RX Prescribed Fire, Fillmore, Nebraska",wildfires,Wildfires,2026-04-20,-97.792,40.467,US-DENVER,Denver,United States,39.7392,-104.9903,617.37
EONET_19851,"Burn Unit 17 RX Prescribed Fire, Sherburne, Minnesota",wildfires,Wildfires,2026-04-20,-93.683986,45.525011,US-DENVER,Denver,United States,39.7392,-104.9903,1124.98
EONET_19853,"Peacock 545 and 159 RX Prescribed Fire, Lake, Michigan",wildfires,Wildfires,2026-04-20,-85.829167,44.150617,US-DALLAS,Dallas,United States,32.7767,-96.797,1581.66
EONET_19792,"Crews Rd (10) Wildfire, Clay, Florida",wildfires,Wildfires,2026-04-20,-81.6333333,29.8861111,US-MIAMI,Miami,United States,25.7617,-80.1918,480.01
EONET_19797,"RAILROAD COMPLEX Wildfire, Putnam, Florida",wildfires,Wildfires,2026-04-19,-81.6330556,29.7855556,US-MIAMI,Miami,United States,25.7617,-80.1918,469.35
EONET_19810,Flood in Türkiye 1103845,floods,Floods,2026-04-19,40.8959403,37.3611355,US-MIAMI,Miami,United States,25.7617,-80.1918,10683.3
EONET_19799,"RAILROAD COMPLEX Wildfire, Putnam, Florida",wildfires,Wildfires,2026-04-19,-81.6327778,29.7855556,US-MIAMI,Miami,United States,25.7617,-80.1918,469.34
EONET_19814,Wildfire in India 1028505,wildfires,Wildfires,2026-04-19,92.97879524548557,25.551767673510113,US-SACRAMENTO,Sacramento,United States,38.5816,-121.4944,12031.91
EONET_19815,Wildfire in Australia 1028504,wildfires,Wildfires,2026-04-19,119.73427418932388,-32.69269470346073,US-SAN_FRANCISCO,San Francisco,United States,37.7749,-122.4194,14445.32
EONET_19794,"TUMEY Wildfire, Fresno, California",wildfires,Wildfires,2026-04-19,-120.65767,36.622459,US-SAN_FRANCISCO,San Francisco,United States,37.7749,-122.4194,201.91
EONET_19857,"River Road 16 RX Prescribed Fire, Iosco, Michigan",wildfires,Wildfires,2026-04-19,-83.591667,44.416667,US-NEW_ORLEANS,New Orleans,United States,29.9511,-90.0715,1706.42
EONET_19856,"Barren Plains Units 1 &amp; 3 RX Prescribed Fire, Lake, Michigan",wildfires,Wildfires,2026-04-19,-85.80305,43.849417,US-DALLAS,Dallas,United States,32.7767,-96.797,1557.77
EONET_19793,"Pineland Rd Wildfire, Clinch, Georgia",wildfires,Wildfires,2026-04-19,-82.7680556,30.7563889,US-MIAMI,Miami,United States,25.7617,-80.1918,609.95
EONET_19801,"rx-45_041526 Prescribed Fire, Burnett, Wisconsin",wildfires,Wildfires,2026-04-19,-92.6494912,45.8375735,US-DENVER,Denver,United States,39.7392,-104.9903,1211.91
EONET_19811,Flood in India 1103844,floods,Floods,2026-04-18,91.6958086,26.1600453,US-SACRAMENTO,Sacramento,United States,38.5816,-121.4944,12030.6
EONET_19816,Wildfire in United States 1028506,wildfires,Wildfires,2026-04-18,-82.78897429673108,30.76798851454568,US-MIAMI,Miami,United States,25.7617,-80.1918,611.97
EONET_19796,"Conner-Nelson Rd (45) Wildfire, Nassau, Florida",wildfires,Wildfires,2026-04-18,-81.9855556,30.6886111,US-MIAMI,Miami,United States,25.7617,-80.1918,575.31
EONET_19798,"Neon White Wildfire, Dickens, Texas",wildfires,Wildfires,2026-04-18,-100.6713667,33.67646667,US-DALLAS,Dallas,United States,32.7767,-96.797,373.98
EONET_19837,"RX D4 Piquett Creek Prescribed Fire, Ravalli, Montana",wildfires,Wildfires,2026-04-17,-114.202833,45.848167,US-SACRAMENTO,Sacramento,United States,38.5816,-121.4944,1005.77
EONET_19795,"Holm RX Prescribed Fire, Blaine, Montana",wildfires,Wildfires,2026-04-17,-109.41723,48.81675,US-DENVER,Denver,United States,39.7392,-104.9903,1068.65
EONET_19805,"Rx Cherokee 3533 Prescribed Fire, Cherokee, Texas",wildfires,Wildfires,2026-04-17,-95.10404,31.56589,US-HOUSTON,Houston,United States,29.7604,-95.3698,202.36
EONET_19806,"RX Trinity 3522 Prescribed Fire, Trinity, Texas",wildfires,Wildfires,2026-04-17,-95.2677,31.0137,US-HOUSTON,Houston,United States,29.7604,-95.3698,139.7
EONET_19802,"LO GAP Wildfire, Van Buren, Arkansas",wildfires,Wildfires,2026-04-17,-92.62707719,35.5865604,US-DALLAS,Dallas,United States,32.7767,-96.797,494.63
EONET_19800,"Old Orangeburg Wildfire, Hampton, South Carolina",wildfires,Wildfires,2026-04-17,-81.2741667,32.7258333,US-MIAMI,Miami,United States,25.7617,-80.1918,781.45
EONET_19771,Flood in New Zealand 1103842,floods,Floods,2026-04-16,174.9817738,-41.1767248,US-LOS_ANGELES,Los Angeles,United States,34.0522,-118.2437,10791.47
EONET_19808,Flood in Colombia 1103843,floods,Floods,2026-04-16,-74.3872407,4.4048536,US-MIAMI,Miami,United States,25.7617,-80.1918,2454.06
EONET_19812,Flood in Mexico 1103846,floods,Floods,2026-04-16,-101.0227023,22.5179287,US-AUSTIN,Austin,United States,30.2672,-97.7431,921.36
EONET_19728,Wildfire in Australia 1028455,wildfires,Wildfires,2026-04-16,125.9081549131927,-15.568842589705051,US-SAN_FRANCISCO,San Francisco,United States,37.7749,-122.4194,12949.97
EONET_19729,Wildfire in Australia 1028456,wildfires,Wildfires,2026-04-16,126.03800347597036,-15.40284561780543,US-SAN_FRANCISCO,San Francisco,United States,37.7749,-122.4194,12927.99
EONET_19758,Wildfire in Australia 1028470,wildfires,Wildfires,2026-04-16,126.4426184392112,-14.562891671310567,US-SAN_FRANCISCO,San Francisco,United States,37.7749,-122.4194,12838.74
EONET_19772,Wildfire in The Democratic Republic of Congo 1028497,wildfires,Wildfires,2026-04-16,24.467194720025663,-0.16414320781930225,US-MIAMI,Miami,United States,25.7617,-80.1918,11480.6
EONET_19773,Wildfire in The Democratic Republic of Congo 1028498,wildfires,Wildfires,2026-04-16,24.315085803924347,-0.19881454490456513,US-MIAMI,Miami,United States,25.7617,-80.1918,11467.17
EONET_19817,Wildfire in Russian Federation 1028507,wildfires,Wildfires,2026-04-16,37.935615379097925,45.76259742109688,US-DENVER,Denver,United States,39.7392,-104.9903,9816.3
EONET_19807,"RX CALV BU 255-257 Prescribed Fire, Vernon, Louisiana",wildfires,Wildfires,2026-04-16,-93.157417,31.062467,US-HOUSTON,Houston,United States,29.7604,-95.3698,256.84
EONET_19804,"Burn Unit 20 RX Prescribed Fire, Sherburne, Minnesota",wildfires,Wildfires,2026-04-16,-93.708514,45.503583,US-DENVER,Denver,United States,39.7392,-104.9903,1122.12
EONET_19681,Wildfire in Australia 1028425,wildfires,Wildfires,2026-04-15,125.36002935813124,-18.169767718864108,US-SAN_FRANCISCO,San Francisco,United States,37.7749,-122.4194,13161.17
EONET_19730,Wildfire in Australia 1028449,wildfires,Wildfires,2026-04-15,126.07467598678107,-16.831283743960935,US-SAN_FRANCISCO,San Francisco,United States,37.7749,-122.4194,13015.05
EONET_19759,Wildfire in Australia 1028474,wildfires,Wildfires,2026-04-15,124.81419923340054,-18.04927101716552,US-SAN_FRANCISCO,San Francisco,United States,37.7749,-122.4194,13201.68
EONET_19760,Wildfire in Australia 1028475,wildfires,Wildfires,2026-04-15,126.11331606864275,-18.549268676467566,US-SAN_FRANCISCO,San Francisco,United States,37.7749,-122.4194,13118.4
EONET_19774,Wildfire in Australia 1028494,wildfires,Wildfires,2026-04-15,125.9908792615089,-16.69544068520403,US-SAN_FRANCISCO,San Francisco,United States,37.7749,-122.4194,13013.89
EONET_19818,Wildfire in Australia 1028508,wildfires,Wildfires,2026-04-15,126.02607594326393,-16.711911170566424,US-SAN_FRANCISCO,San Francisco,United States,37.7749,-122.4194,13011.83
EONET_19819,Wildfire in Australia 1028509,wildfires,Wildfires,2026-04-15,125.47294729520354,-18.242994966849178,US-SAN_FRANCISCO,San Francisco,United States,37.7749,-122.4194,13155.77
EONET_19714,"Dismal Swamp RX Prescribed Fire, Big Stone, Minnesota",wildfires,Wildfires,2026-04-15,-96.271767,45.46325,US-DENVER,Denver,United States,39.7392,-104.9903,955.19
EONET_19717,"Homochitto BB 49 East RX Prescribed Fire, Franklin, Mississippi",wildfires,Wildfires,2026-04-15,-91.013,31.419,US-NEW_ORLEANS,New Orleans,United States,29.9511,-90.0715,186.4
EONET_19622,Wildfire in Mongolia 1028379,wildfires,Wildfires,2026-04-14,115.71148593940126,45.60001258987409,US-SACRAMENTO,Sacramento,United States,38.5816,-121.4944,9052.59
EONET_19623,Wildfire in China 1028380,wildfires,Wildfires,2026-04-14,116.9190410127069,44.03552554894194,US-SACRAMENTO,Sacramento,United States,38.5816,-121.4944,9118.28
EONET_19624,Wildfire in Australia 1028381,wildfires,Wildfires,2026-04-14,119.56990866770263,-31.350251777981278,US-SAN_FRANCISCO,San Francisco,United States,37.7749,-122.4194,14396.72
EONET_19625,Wildfire in Australia 1028382,wildfires,Wildfires,2026-04-14,137.7328106558452,-17.954412416446868,US-SAN_FRANCISCO,San Francisco,United States,37.7749,-122.4194,12065.5
EONET_19682,Wildfire in Australia 1028426,wildfires,Wildfires,2026-04-14,125.07630559041064,-16.059848743535298,US-SAN_FRANCISCO,San Francisco,United States,37.7749,-122.4194,13054.21
EONET_19683,Wildfire in Australia 1028427,wildfires,Wildfires,2026-04-14,126.48152947633591,-18.064377229020778,US-SAN_FRANCISCO,San Francisco,United States,37.7749,-122.4194,13056.14
EONET_19684,Wildfire in Australia 1028428,wildfires,Wildfires,2026-04-14,148.91560966612704,-25.02285079084495,US-SAN_FRANCISCO,San Francisco,United States,37.7749,-122.4194,11567.5
EONET_19685,Wildfire in Australia 1028413,wildfires,Wildfires,2026-04-14,127.94815493512186,-16.610007581950203,US-SAN_FRANCISCO,San Francisco,United States,37.7749,-122.4194,12836.53
EONET_19731,Wildfire in Australia 1028457,wildfires,Wildfires,2026-04-14,128.02826335193845,-16.45270921605889,US-SAN_FRANCISCO,San Francisco,United States,37.7749,-122.4194,12819.59
EONET_19732,Wildfire in Australia 1028458,wildfires,Wildfires,2026-04-14,124.89280061178852,-16.270213819549365,US-SAN_FRANCISCO,San Francisco,United States,37.7749,-122.4194,13083.63
EONET_19761,Wildfire in Australia 1028476,wildfires,Wildfires,2026-04-14,128.40447644355072,-16.295113447523136,US-SAN_FRANCISCO,San Francisco,United States,37.7749,-122.4194,12776.6
EONET_19820,"Wildfire in Bangladesh, India 1028510",wildfires,Wildfires,2026-04-14,92.15788601731722,23.71981850552733,US-SACRAMENTO,Sacramento,United States,38.5816,-121.4944,12250.86
EONET_19715,"ENCINO 2 Wildfire, Torrance, New Mexico",wildfires,Wildfires,2026-04-14,-105.416063,34.643232,US-DENVER,Denver,United States,39.7392,-104.9903,567.9
EONET_19713,"Appalachia Wildfire, Polk, Tennessee",wildfires,Wildfires,2026-04-14,-84.3755,35.1675,US-NEW_ORLEANS,New Orleans,United States,29.9511,-90.0715,787.97
EONET_19718,"Woodbury Wildfire, Marion, South Carolina",wildfires,Wildfires,2026-04-14,-79.2833333,33.7498333,US-MIAMI,Miami,United States,25.7617,-80.1918,892.54
EONET_19725,"Homochitto BB 49 West RX Prescribed Fire, Franklin, Mississippi",wildfires,Wildfires,2026-04-14,-91.013,31.419,US-NEW_ORLEANS,New Orleans,United States,29.9511,-90.0715,186.4
EONET_19722,"ANF Trout Creek RX Prescribed Fire, Jasper, Texas",wildfires,Wildfires,2026-04-14,-94.1571,31.063467,US-HOUSTON,Houston,United States,29.7604,-95.3698,185.79
EONET_19724,"ANF Boykin Springs C-88/89 RX Prescribed Fire, Jasper, Texas",wildfires,Wildfires,2026-04-14,-94.2842,31.042883,US-HOUSTON,Houston,United States,29.7604,-95.3698,176.57
EONET_19726,"Chickasawhay CPT 354 RX Prescribed Fire, Jones, Mississippi",wildfires,Wildfires,2026-04-14,-88.9888,31.5603,US-NEW_ORLEANS,New Orleans,United States,29.9511,-90.0715,206.69
EONET_19558,"NEWMAN DR Wildfire, Collier, Florida",wildfires,Wildfires,2026-04-13,-81.6330556,26.1502778,US-MIAMI,Miami,United States,25.7617,-80.1918,150.43
EONET_19621,Flood in Italy 1103839,floods,Floods,2026-04-13,12.4396528,42.6539486,US-MIAMI,Miami,United States,25.7617,-80.1918,8304.89
EONET_19626,Wildfire in Australia 1028364,wildfires,Wildfires,2026-04-13,137.60182364857906,-18.280406914840754,US-SAN_FRANCISCO,San Francisco,United States,37.7749,-122.4194,12097.54
EONET_19627,Wildfire in Australia 1028383,wildfires,Wildfires,2026-04-13,137.8573115225916,-18.440665227574993,US-SAN_FRANCISCO,San Francisco,United States,37.7749,-122.4194,12085.5
EONET_19628,Wildfire in Australia 1028384,wildfires,Wildfires,2026-04-13,125.13217014544087,-16.621752130270444,US-SAN_FRANCISCO,San Francisco,United States,37.7749,-122.4194,13084.73
EONET_19629,Wildfire in Australia 1028385,wildfires,Wildfires,2026-04-13,125.29298491962707,-15.958443953357534,US-SAN_FRANCISCO,San Francisco,United States,37.7749,-122.4194,13028.75
EONET_19630,Wildfire in Australia 1028386,wildfires,Wildfires,2026-04-13,127.5129726554247,-15.380261428512322,US-SAN_FRANCISCO,San Francisco,United States,37.7749,-122.4194,12796.92
EONET_19631,Wildfire in Australia 1028387,wildfires,Wildfires,2026-04-13,129.44372290202557,-15.440743844765365,US-SAN_FRANCISCO,San Francisco,United States,37.7749,-122.4194,12631.11
EONET_19632,Wildfire in Australia 1028388,wildfires,Wildfires,2026-04-13,125.14885709339435,-16.530495362926477,US-SAN_FRANCISCO,San Francisco,United States,37.7749,-122.4194,13077.52
EONET_19633,Wildfire in Australia 1028389,wildfires,Wildfires,2026-04-13,149.06104407662804,-25.229799639355054,US-SAN_FRANCISCO,San Francisco,United States,37.7749,-122.4194,11568.93
EONET_19634,Wildfire in Australia 1028358,wildfires,Wildfires,2026-04-13,137.72976124074808,-18.252728736298504,US-SAN_FRANCISCO,San Francisco,United States,37.7749,-122.4194,12084.68
EONET_19635,Wildfire in Australia 1028359,wildfires,Wildfires,2026-04-13,137.58944973626856,-18.47934238995696,US-SAN_FRANCISCO,San Francisco,United States,37.7749,-122.4194,12111.19
EONET_19636,Wildfire in Australia 1028360,wildfires,Wildfires,2026-04-13,137.79693751669512,-18.124192522168226,US-SAN_FRANCISCO,San Francisco,United States,37.7749,-122.4194,12070.7
EONET_19686,Wildfire in China 1028429,wildfires,Wildfires,2026-04-13,125.24922679180521,48.4134976639151,US-SACRAMENTO,Sacramento,United States,38.5816,-121.4944,8321.45
EONET_19687,Wildfire in China 1028430,wildfires,Wildfires,2026-04-13,125.11522232027016,48.130212302609806,US-SACRAMENTO,Sacramento,United States,38.5816,-121.4944,8349.89
EONET_19688,Wildfire in Australia 1028410,wildfires,Wildfires,2026-04-13,149.0552410565294,-25.221255395419682,US-SAN_FRANCISCO,San Francisco,United States,37.7749,-122.4194,11568.85
EONET_19689,Wildfire in Australia 1028414,wildfires,Wildfires,2026-04-13,134.73573862615694,-16.028662201145696,US-SAN_FRANCISCO,San Francisco,United States,37.7749,-122.4194,12204.4
EONET_19690,Wildfire in Australia 1028415,wildfires,Wildfires,2026-04-13,134.95695224818084,-16.235609458023653,US-SAN_FRANCISCO,San Francisco,United States,37.7749,-122.4194,12198.25
EONET_19733,Wildfire in Guinea 1028445,wildfires,Wildfires,2026-04-13,-13.717675856461664,11.236234250506017,US-MIAMI,Miami,United States,25.7617,-80.1918,7124.14
EONET_19734,Wildfire in Australia 1028459,wildfires,Wildfires,2026-04-13,127.55311325887335,-15.654904590317235,US-SAN_FRANCISCO,San Francisco,United States,37.7749,-122.4194,12810.86
EONET_19735,Wildfire in Australia 1028460,wildfires,Wildfires,2026-04-13,129.3368589298971,-15.704755892638493,US-SAN_FRANCISCO,San Francisco,United States,37.7749,-122.4194,12657.29
EONET_19736,Wildfire in Australia 1028461,wildfires,Wildfires,2026-04-13,125.50608000301533,-15.89404250934564,US-SAN_FRANCISCO,San Francisco,United States,37.7749,-122.4194,13005.94
EONET_19737,Wildfire in Australia 1028462,wildfires,Wildfires,2026-04-13,125.6466598874823,-15.631587079287163,US-SAN_FRANCISCO,San Francisco,United States,37.7749,-122.4194,12976.94
EONET_19738,Wildfire in Australia 1028463,wildfires,Wildfires,2026-04-13,125.77604684696165,-15.411716314893821,US-SAN_FRANCISCO,San Francisco,United States,37.7749,-122.4194,12951.58
EONET_19739,Wildfire in Australia 1028450,wildfires,Wildfires,2026-04-13,127.62418743169972,-15.486534017338403,US-SAN_FRANCISCO,San Francisco,United States,37.7749,-122.4194,12793.91
EONET_19762,Wildfire in China 1028473,wildfires,Wildfires,2026-04-13,124.55135639348269,48.84413721814124,US-SACRAMENTO,Sacramento,United States,38.5816,-121.4944,8327.41
EONET_19775,Wildfire in Sudan 1028499,wildfires,Wildfires,2026-04-13,31.253934844418268,9.19991077054727,US-MIAMI,Miami,United States,25.7617,-80.1918,11653.96
EONET_19776,Wildfire in India 1028487,wildfires,Wildfires,2026-04-13,78.96540203766854,14.55591441637255,US-SACRAMENTO,Sacramento,United States,38.5816,-121.4944,13734.33
EONET_19777,Wildfire in Australia 1028488,wildfires,Wildfires,2026-04-13,124.04778834302742,-18.615820895627806,US-SAN_FRANCISCO,San Francisco,United States,37.7749,-122.4194,13303.93
EONET_19821,Wildfire in Australia 1028511,wildfires,Wildfires,2026-04-13,123.8259137381657,-18.871454927774277,US-SAN_FRANCISCO,San Francisco,United States,37.7749,-122.4194,13339.09
EONET_19822,Wildfire in Thailand 1028512,wildfires,Wildfires,2026-04-13,99.02992452968479,14.969950609401295,US-SACRAMENTO,Sacramento,United States,38.5816,-121.4944,12719.63
EONET_19559,"Highway 36 Wildfire, Yuma, Colorado",wildfires,Wildfires,2026-04-13,-102.165337,39.733567,US-DENVER,Denver,United States,39.7392,-104.9903,241.55
EONET_19721,"PDT South-FFR RX Prescribed Fire, Grant, Minnesota",wildfires,Wildfires,2026-04-13,-95.8944,46.012,US-DENVER,Denver,United States,39.7392,-104.9903,1016.56
EONET_19719,"Ciba Road Wildfire, Washington, Alabama",wildfires,Wildfires,2026-04-13,-88.0188889,31.2669444,US-NEW_ORLEANS,New Orleans,United States,29.9511,-90.0715,244.93
EONET_19560,"APQ CPT 10 Rx 0413 Prescribed Fire, Highlands, Florida",wildfires,Wildfires,2026-04-13,-81.158752,27.630425,US-MIAMI,Miami,United States,25.7617,-80.1918,228.92
EONET_19563,"rx-Young 1 Prescribed Fire, Jefferson, Wisconsin",wildfires,Wildfires,2026-04-13,-88.630401,42.8455985,US-DALLAS,Dallas,United States,32.7767,-96.797,1328.22
EONET_19720,"RAFEY Wildfire, Mobile, Alabama",wildfires,Wildfires,2026-04-12,-88.2997222,31.0927778,US-NEW_ORLEANS,New Orleans,United States,29.9511,-90.0715,211.93
EONET_19555,"Schwachheim Wildfire, Las Animas, Colorado",wildfires,Wildfires,2026-04-12,-104.3737,37.011,US-DENVER,Denver,United States,39.7392,-104.9903,308.08
EONET_19565,"Smoke Show Wildfire, Perry, Mississippi",wildfires,Wildfires,2026-04-12,-89.117047,31.092419,US-NEW_ORLEANS,New Orleans,United States,29.9511,-90.0715,156.41
EONET_19679,Flood in Canada 1103840,floods,Floods,2026-04-12,-82.4374068090324,45.5484022,US-NEW_ORLEANS,New Orleans,United States,29.9511,-90.0715,1857.52
EONET_19680,Flood in United States 1103841,floods,Floods,2026-04-12,-87.9090751,43.0386475,US-DALLAS,Dallas,United States,32.7767,-96.797,1380.23
EONET_19562,"Horny Toad Wildfire, Carson, Texas",wildfires,Wildfires,2026-04-12,-101.43079,35.525982,US-DALLAS,Dallas,United States,32.7767,-96.797,524.56
EONET_19594,Wildfire in Russian Federation 1028339,wildfires,Wildfires,2026-04-12,133.55075538352804,48.82583135011112,US-SACRAMENTO,Sacramento,United States,38.5816,-121.4944,7820.33
EONET_19595,Wildfire in Australia 1028340,wildfires,Wildfires,2026-04-12,132.35870237502922,-13.998410732782235,US-SAN_FRANCISCO,San Francisco,United States,37.7749,-122.4194,12282.53
EONET_19596,Wildfire in Australia 1028341,wildfires,Wildfires,2026-04-12,131.71370203876432,-16.52513061913085,US-SAN_FRANCISCO,San Francisco,United States,37.7749,-122.4194,12500.67
EONET_19597,Wildfire in Australia 1028342,wildfires,Wildfires,2026-04-12,128.42008259926396,-19.05947615581003,US-SAN_FRANCISCO,San Francisco,United States,37.7749,-122.4194,12947.38
EONET_19637,Wildfire in China 1028390,wildfires,Wildfires,2026-04-12,124.8382554672831,48.08248524016016,US-SACRAMENTO,Sacramento,United States,38.5816,-121.4944,8368.7
EONET_19638,Wildfire in Australia 1028365,wildfires,Wildfires,2026-04-12,124.62981003397508,-18.357095079337054,US-SAN_FRANCISCO,San Francisco,United States,37.7749,-122.4194,13236.88
EONET_19639,Wildfire in Venezuela 1028366,wildfires,Wildfires,2026-04-12,-63.12775197516593,9.171355643668514,US-MIAMI,Miami,United States,25.7617,-80.1918,2578.19
EONET_19691,Wildfire in Australia 1028411,wildfires,Wildfires,2026-04-12,128.30467413801682,-19.150692868384933,US-SAN_FRANCISCO,San Francisco,United States,37.7749,-122.4194,12963.09
EONET_19692,Wildfire in China 1028431,wildfires,Wildfires,2026-04-12,123.77173683163203,48.753758753751356,US-SACRAMENTO,Sacramento,United States,38.5816,-121.4944,8376.28
EONET_19693,Wildfire in Cuba 1028432,wildfires,Wildfires,2026-04-12,-83.85274931695417,22.4112723659874,US-MIAMI,Miami,United States,25.7617,-80.1918,526.15
EONET_19694,Wildfire in Australia 1028416,wildfires,Wildfires,2026-04-12,116.21463677677814,-33.07277065854327,US-SAN_FRANCISCO,San Francisco,United States,37.7749,-122.4194,14763.16
EONET_19778,Wildfire in Thailand 1028489,wildfires,Wildfires,2026-04-12,99.39759417180952,15.478566481690764,US-SACRAMENTO,Sacramento,United States,38.5816,-121.4944,12650.69
EONET_19779,Wildfire in Australia 1028490,wildfires,Wildfires,2026-04-12,125.67933172052068,-15.296013383881029,US-SAN_FRANCISCO,San Francisco,United States,37.7749,-122.4194,12952.71
EONET_19823,Wildfire in Guinea 1028513,wildfires,Wildfires,2026-04-12,-12.229850805235902,10.203351603471193,US-MIAMI,Miami,United States,25.7617,-80.1918,7319.05
EONET_19824,Wildfire in India 1028514,wildfires,Wildfires,2026-04-12,83.79244689011443,25.268823226338796,US-SACRAMENTO,Sacramento,United States,38.5816,-121.4944,12442.65
EONET_19825,Wildfire in Guinea 1028515,wildfires,Wildfires,2026-04-12,-13.25779400864287,10.875869523688959,US-MIAMI,Miami,United States,25.7617,-80.1918,7186.12
EONET_19826,Wildfire in Guinea 1028516,wildfires,Wildfires,2026-04-12,-13.446627147306748,11.084106106055543,US-MIAMI,Miami,United States,25.7617,-80.1918,7158.0
EONET_19566,"Slate Branch Wildfire, Mingo, West Virginia",wildfires,Wildfires,2026-04-12,-82.163933,37.704877,US-NEW_ORLEANS,New Orleans,United States,29.9511,-90.0715,1129.03
EONET_19557,"STE - Alum Wildfire, McCreary, Kentucky",wildfires,Wildfires,2026-04-12,-84.53148,36.75897,US-NEW_ORLEANS,New Orleans,United States,29.9511,-90.0715,914.9
EONET_19571,"HWY 351- DIXIE Wildfire, Dixie, Florida",wildfires,Wildfires,2026-04-11,-83.2108333,29.5366667,US-MIAMI,Miami,United States,25.7617,-80.1918,514.35
EONET_19591,Flood in Algeria 1103836,floods,Floods,2026-04-11,1.37433290667506,36.3844273,US-MIAMI,Miami,United States,25.7617,-80.1918,7632.86
EONET_19640,Wildfire in Guinea 1028361,wildfires,Wildfires,2026-04-11,-13.303207093358841,10.958529082046038,US-MIAMI,Miami,United States,25.7617,-80.1918,7177.91
EONET_19641,Wildfire in Sudan 1028375,wildfires,Wildfires,2026-04-11,32.57973599367818,8.76269268238754,US-MIAMI,Miami,United States,25.7617,-80.1918,11804.36
EONET_19642,"Wildfire in Bangladesh, India 1028391",wildfires,Wildfires,2026-04-11,92.31573751510669,23.388246359877982,US-SACRAMENTO,Sacramento,United States,38.5816,-121.4944,12276.1
EONET_19643,Wildfire in Australia 1028392,wildfires,Wildfires,2026-04-11,130.19733343464583,-17.995578317961513,US-SAN_FRANCISCO,San Francisco,United States,37.7749,-122.4194,12725.87
EONET_19644,Wildfire in Australia 1028393,wildfires,Wildfires,2026-04-11,126.43885724696148,-16.839337492556062,US-SAN_FRANCISCO,San Francisco,United States,37.7749,-122.4194,12983.55
EONET_19645,Wildfire in Sudan 1028362,wildfires,Wildfires,2026-04-11,31.376187337756047,9.199855819613449,US-MIAMI,Miami,United States,25.7617,-80.1918,11665.6
EONET_19695,Wildfire in India 1028412,wildfires,Wildfires,2026-04-11,82.9535285530989,27.227335234906416,US-SACRAMENTO,Sacramento,United States,38.5816,-121.4944,12268.34
EONET_19740,Wildfire in Guinea 1028446,wildfires,Wildfires,2026-04-11,-13.432434063671852,10.910765533658177,US-MIAMI,Miami,United States,25.7617,-80.1918,7167.09
EONET_19741,Wildfire in Mexico 1028464,wildfires,Wildfires,2026-04-11,-99.18192187967799,17.203020744423767,US-HOUSTON,Houston,United States,29.7604,-95.3698,1449.1
EONET_19763,Wildfire in Thailand 1028477,wildfires,Wildfires,2026-04-11,99.14753394850977,15.00881666678591,US-SACRAMENTO,Sacramento,United States,38.5816,-121.4944,12709.0
EONET_19764,Wildfire in India 1028478,wildfires,Wildfires,2026-04-11,92.05620234564458,23.780246973781235,US-SACRAMENTO,Sacramento,United States,38.5816,-121.4944,12249.67
EONET_19765,Wildfire in Viet Nam 1028479,wildfires,Wildfires,2026-04-11,104.77890271361927,10.310248180319073,US-SAN_FRANCISCO,San Francisco,United States,37.7749,-122.4194,12760.3
EONET_19780,Wildfire in Thailand 1028500,wildfires,Wildfires,2026-04-11,99.3110769782556,18.88427299874251,US-SACRAMENTO,Sacramento,United States,38.5816,-121.4944,12340.25
EONET_19781,Wildfire in Thailand 1028502,wildfires,Wildfires,2026-04-11,101.08791630552638,18.60421106207313,US-SACRAMENTO,Sacramento,United States,38.5816,-121.4944,12262.2
EONET_19782,Wildfire in Nepal 1028501,wildfires,Wildfires,2026-04-11,82.06494090767173,28.562104572719,US-SACRAMENTO,Sacramento,United States,38.5816,-121.4944,12158.18
EONET_19827,Wildfire in Guinea 1028517,wildfires,Wildfires,2026-04-11,-13.274838315775634,11.193395083824594,US-MIAMI,Miami,United States,25.7617,-80.1918,7170.38
EONET_19561,"79 Wildfire, Custer, South Dakota",wildfires,Wildfires,2026-04-11,-103.249124,43.687519,US-DENVER,Denver,United States,39.7392,-104.9903,462.18
EONET_19564,"ANF Bullet Creek C-27 RX Prescribed Fire, San Augustine, Texas",wildfires,Wildfires,2026-04-11,-94.302133,31.276467,US-HOUSTON,Houston,United States,29.7604,-95.3698,197.17
EONET_19573,"APQ CPT 11 Rx 0411 Prescribed Fire, Highlands, Florida",wildfires,Wildfires,2026-04-11,-81.259689,27.572409,US-MIAMI,Miami,United States,25.7617,-80.1918,227.59
EONET_19569,"Smooth Eddy Wildfire, Hansford, Texas",wildfires,Wildfires,2026-04-10,-101.5497222,36.2416667,US-DENVER,Denver,United States,39.7392,-104.9903,492.0
EONET_19570,"Mary 15 Wildfire, Texas, Oklahoma",wildfires,Wildfires,2026-04-10,-101.7577778,36.8186111,US-DENVER,Denver,United States,39.7392,-104.9903,430.14
EONET_19568,"Lightning Roll Wildfire, Beaver, Oklahoma",wildfires,Wildfires,2026-04-10,-100.7680556,36.7338889,US-DENVER,Denver,United States,39.7392,-104.9903,497.54
EONET_19537,Flood in Venezuela 1103834,floods,Floods,2026-04-10,-67.034697,10.4260093,US-MIAMI,Miami,United States,25.7617,-80.1918,2196.74
EONET_19513,Wildfire in Russian Federation 1028298,wildfires,Wildfires,2026-04-10,133.33951391365136,48.827418692270335,US-SACRAMENTO,Sacramento,United States,38.5816,-121.4944,7832.61
EONET_19538,Wildfire in Venezuela 1028318,wildfires,Wildfires,2026-04-10,-61.583095650577924,9.674734335988916,US-MIAMI,Miami,United States,25.7617,-80.1918,2654.82
EONET_19598,Wildfire in Australia 1028343,wildfires,Wildfires,2026-04-10,125.98186017344018,-16.080830382071152,US-SAN_FRANCISCO,San Francisco,United States,37.7749,-122.4194,12975.95
EONET_19646,Wildfire in India 1028351,wildfires,Wildfires,2026-04-10,80.98222725441049,19.4632549009831,US-SACRAMENTO,Sacramento,United States,38.5816,-121.4944,13148.41
EONET_19647,Wildfire in India 1028394,wildfires,Wildfires,2026-04-10,83.95554551909963,25.12604495401843,US-SACRAMENTO,Sacramento,United States,38.5816,-121.4944,12451.53
EONET_19648,Wildfire in Australia 1028395,wildfires,Wildfires,2026-04-10,125.87395383354223,-16.052681232469748,US-SAN_FRANCISCO,San Francisco,United States,37.7749,-122.4194,12983.65
EONET_19649,Wildfire in Russian Federation 1028376,wildfires,Wildfires,2026-04-10,132.1618628175225,48.856163557169474,US-SACRAMENTO,Sacramento,United States,38.5816,-121.4944,7899.36
EONET_19650,Wildfire in Thailand 1028367,wildfires,Wildfires,2026-04-10,102.02873863665755,17.945129467753162,US-SACRAMENTO,Sacramento,United States,38.5816,-121.4944,12265.95
EONET_19696,Wildfire in Australia 1028433,wildfires,Wildfires,2026-04-10,126.40105163403383,-15.51998691544617,US-SAN_FRANCISCO,San Francisco,United States,37.7749,-122.4194,12903.54
EONET_19697,Wildfire in Australia 1028434,wildfires,Wildfires,2026-04-10,125.68357171259015,-17.30362310051888,US-SAN_FRANCISCO,San Francisco,United States,37.7749,-122.4194,13078.97
EONET_19698,Wildfire in Thailand 1028417,wildfires,Wildfires,2026-04-10,98.94827892614012,17.13480605932642,US-SACRAMENTO,Sacramento,United States,38.5816,-121.4944,12523.98
EONET_19699,Wildfire in Australia 1028418,wildfires,Wildfires,2026-04-10,125.70259309357569,-15.85541000395289,US-SAN_FRANCISCO,San Francisco,United States,37.7749,-122.4194,12986.22
EONET_19700,Wildfire in India 1028408,wildfires,Wildfires,2026-04-10,83.56555824367679,27.0286173062282,US-SACRAMENTO,Sacramento,United States,38.5816,-121.4944,12267.9
EONET_19742,Wildfire in Sudan 1028440,wildfires,Wildfires,2026-04-10,32.541839793467624,8.623828510586716,US-MIAMI,Miami,United States,25.7617,-80.1918,11808.51
EONET_19766,Wildfire in Bangladesh 1028480,wildfires,Wildfires,2026-04-10,92.03122311973955,23.419398242379884,US-SACRAMENTO,Sacramento,United States,38.5816,-121.4944,12286.46
EONET_19783,Wildfire in India 1028493,wildfires,Wildfires,2026-04-10,83.85081860207208,25.19682864212445,US-SACRAMENTO,Sacramento,United States,38.5816,-121.4944,12448.01
EONET_19828,Wildfire in India 1028518,wildfires,Wildfires,2026-04-10,81.14519075182886,18.65679344583959,US-SACRAMENTO,Sacramento,United States,38.5816,-121.4944,13226.84
EONET_19829,Wildfire in Thailand 1028519,wildfires,Wildfires,2026-04-10,98.9772420302785,17.275991243561524,US-SACRAMENTO,Sacramento,United States,38.5816,-121.4944,12509.17
EONET_19578,"Riceville RX Prescribed Fire, Crawford, Indiana",wildfires,Wildfires,2026-04-10,-86.6616,38.3166,US-NEW_ORLEANS,New Orleans,United States,29.9511,-90.0715,981.5
EONET_19583,"Chickasawhay CPT 438 441 RX Prescribed Fire, Wayne, Mississippi",wildfires,Wildfires,2026-04-10,-88.6813,31.5038,US-NEW_ORLEANS,New Orleans,United States,29.9511,-90.0715,217.86
EONET_19577,"Burn Unit 16 RX Prescribed Fire, Sherburne, Minnesota",wildfires,Wildfires,2026-04-10,-93.706253,45.525781,US-DENVER,Denver,United States,39.7392,-104.9903,1123.54
EONET_19581,"Bienville CPT 43 44 RX Prescribed Fire, Scott, Mississippi",wildfires,Wildfires,2026-04-10,-89.5273,32.3809,US-NEW_ORLEANS,New Orleans,United States,29.9511,-90.0715,275.1
EONET_19584,"RX Middle Northfork 4/7 Prescribed Fire, Garland, Arkansas",wildfires,Wildfires,2026-04-10,-93.266667,34.716667,US-DALLAS,Dallas,United States,32.7767,-96.797,391.21
EONET_19556,"Purple Monster Wildfire, Oldham, Texas",wildfires,Wildfires,2026-04-09,-102.378681,35.381875,US-DENVER,Denver,United States,39.7392,-104.9903,536.35
EONET_19592,Flood in Spain 1103837,floods,Floods,2026-04-09,-3.5995337,37.1734995,US-MIAMI,Miami,United States,25.7617,-80.1918,7182.62
EONET_19482,Wildfire in Mongolia 1028274,wildfires,Wildfires,2026-04-09,118.50794117668437,46.80303310085913,US-SACRAMENTO,Sacramento,United States,38.5816,-121.4944,8808.46
EONET_19514,Wildfire in Australia 1028290,wildfires,Wildfires,2026-04-09,127.48348564742122,-17.581340970811254,US-SAN_FRANCISCO,San Francisco,United States,37.7749,-122.4194,12938.16
EONET_19539,Wildfire in Australia 1028319,wildfires,Wildfires,2026-04-09,125.80617185712205,-17.372979034187075,US-SAN_FRANCISCO,San Francisco,United States,37.7749,-122.4194,13072.52
EONET_19540,Wildfire in Australia 1028320,wildfires,Wildfires,2026-04-09,125.14782678514189,-17.206727948162623,US-SAN_FRANCISCO,San Francisco,United States,37.7749,-122.4194,13120.0
EONET_19599,"Wildfire in India, Bangladesh 1028324",wildfires,Wildfires,2026-04-09,91.96304270974551,23.76256862625055,US-SACRAMENTO,Sacramento,United States,38.5816,-121.4944,12255.77
EONET_19600,Wildfire in Australia 1028344,wildfires,Wildfires,2026-04-09,136.20267504872146,-19.61756035970583,US-SAN_FRANCISCO,San Francisco,United States,37.7749,-122.4194,12302.94
EONET_19601,Wildfire in Australia 1028329,wildfires,Wildfires,2026-04-09,125.81996131764441,-17.40605234807318,US-SAN_FRANCISCO,San Francisco,United States,37.7749,-122.4194,13073.37
EONET_19602,Wildfire in Australia 1028330,wildfires,Wildfires,2026-04-09,125.45993691263584,-17.47650806447057,US-SAN_FRANCISCO,San Francisco,United States,37.7749,-122.4194,13109.4
EONET_19651,Wildfire in India 1028371,wildfires,Wildfires,2026-04-09,83.53164279064266,26.471098013550026,US-SACRAMENTO,Sacramento,United States,38.5816,-121.4944,12327.08
EONET_19652,Wildfire in India 1028352,wildfires,Wildfires,2026-04-09,83.34193337200297,26.61963153977634,US-SACRAMENTO,Sacramento,United States,38.5816,-121.4944,12318.28
EONET_19653,Wildfire in Cuba 1028368,wildfires,Wildfires,2026-04-09,-84.06182678121098,22.53605439012259,US-MIAMI,Miami,United States,25.7617,-80.1918,531.75
EONET_19654,Wildfire in Australia 1028369,wildfires,Wildfires,2026-04-09,124.7556316323466,-16.625592235403833,US-SAN_FRANCISCO,San Francisco,United States,37.7749,-122.4194,13118.06
EONET_19655,Wildfire in Australia 1028396,wildfires,Wildfires,2026-04-09,125.65062058104266,-17.532460149821652,US-SAN_FRANCISCO,San Francisco,United States,37.7749,-122.4194,13096.12
EONET_19656,Wildfire in Myanmar 1028397,wildfires,Wildfires,2026-04-09,93.83100515415117,23.62625167683479,US-SACRAMENTO,Sacramento,United States,38.5816,-121.4944,12179.86
EONET_19657,Wildfire in Bangladesh 1028398,wildfires,Wildfires,2026-04-09,92.12033205506941,23.422366037739252,US-SACRAMENTO,Sacramento,United States,38.5816,-121.4944,12281.97
EONET_19658,"Wildfire in Bangladesh, India 1028399",wildfires,Wildfires,2026-04-09,91.9646052089408,23.542417918617364,US-SACRAMENTO,Sacramento,United States,38.5816,-121.4944,12277.44
EONET_19659,"Wildfire in India, Nepal 1028353",wildfires,Wildfires,2026-04-09,83.08612151979501,27.393266109194236,US-SACRAMENTO,Sacramento,United States,38.5816,-121.4944,12246.49
EONET_19701,Wildfire in Bangladesh 1028409,wildfires,Wildfires,2026-04-09,92.31976119582109,23.04282291796066,US-SACRAMENTO,Sacramento,United States,38.5816,-121.4944,12309.92
EONET_19702,Wildfire in Myanmar 1028424,wildfires,Wildfires,2026-04-09,93.90613483143264,21.749932693589,US-SACRAMENTO,Sacramento,United States,38.5816,-121.4944,12358.88
EONET_19703,Wildfire in India 1028435,wildfires,Wildfires,2026-04-09,83.90196595888632,25.123771215258675,US-SACRAMENTO,Sacramento,United States,38.5816,-121.4944,12453.72
EONET_19743,Wildfire in Nepal 1028441,wildfires,Wildfires,2026-04-09,84.8533495070888,27.29306217587272,US-SACRAMENTO,Sacramento,United States,38.5816,-121.4944,12194.51
EONET_19744,Wildfire in Australia 1028465,wildfires,Wildfires,2026-04-09,125.78229622793926,-17.484984521109414,US-SAN_FRANCISCO,San Francisco,United States,37.7749,-122.4194,13081.6
EONET_19767,Wildfire in Laos 1028481,wildfires,Wildfires,2026-04-09,101.03765184027426,20.156963815545407,US-SACRAMENTO,Sacramento,United States,38.5816,-121.4944,12122.28
EONET_19768,Wildfire in Thailand 1028471,wildfires,Wildfires,2026-04-09,101.4152293847596,17.145450608855814,US-SACRAMENTO,Sacramento,United States,38.5816,-121.4944,12376.09
EONET_19784,Wildfire in Thailand 1028483,wildfires,Wildfires,2026-04-09,100.43206046789817,19.09216118570587,US-SACRAMENTO,Sacramento,United States,38.5816,-121.4944,12255.93
EONET_19785,Wildfire in Viet Nam 1028484,wildfires,Wildfires,2026-04-09,105.14153927644801,10.830968764623814,US-SAN_FRANCISCO,San Francisco,United States,37.7749,-122.4194,12690.43
EONET_19786,Wildfire in Thailand 1028495,wildfires,Wildfires,2026-04-09,100.56010079847658,18.11154648930147,US-SACRAMENTO,Sacramento,United States,38.5816,-121.4944,12338.82
EONET_19830,Wildfire in India 1028520,wildfires,Wildfires,2026-04-09,83.60277564324704,19.930815939387013,US-SACRAMENTO,Sacramento,United States,38.5816,-121.4944,13002.24
EONET_19481,Super Typhoon Sinlaku,severeStorms,Severe Storms,2026-04-09,151.5,8.3,US-SAN_FRANCISCO,San Francisco,United States,37.7749,-122.4194,9100.51
EONET_19481,Super Typhoon Sinlaku,severeStorms,Severe Storms,2026-04-10,151.2,8.2,US-SAN_FRANCISCO,San Francisco,United States,37.7749,-122.4194,9133.53
EONET_19481,Super Typhoon Sinlaku,severeStorms,Severe Storms,2026-04-10,151.0,8.2,US-SAN_FRANCISCO,San Francisco,United States,37.7749,-122.4194,9151.05
EONET_19481,Super Typhoon Sinlaku,severeStorms,Severe Storms,2026-04-10,150.9,8.1,US-SAN_FRANCISCO,San Francisco,United States,37.7749,-122.4194,9166.54
EONET_19481,Super Typhoon Sinlaku,severeStorms,Severe Storms,2026-04-10,151.0,8.0,US-SAN_FRANCISCO,San Francisco,United States,37.7749,-122.4194,9164.51
EONET_19481,Super Typhoon Sinlaku,severeStorms,Severe Storms,2026-04-11,151.5,8.5,US-SAN_FRANCISCO,San Francisco,United States,37.7749,-122.4194,9087.07
EONET_19481,Super Typhoon Sinlaku,severeStorms,Severe Storms,2026-04-11,151.4,8.8,US-SAN_FRANCISCO,San Francisco,United States,37.7749,-122.4194,9075.68
EONET_19481,Super Typhoon Sinlaku,severeStorms,Severe Storms,2026-04-11,151.1,9.0,US-SAN_FRANCISCO,San Francisco,United States,37.7749,-122.4194,9088.53
EONET_19481,Super Typhoon Sinlaku,severeStorms,Severe Storms,2026-04-11,151.5,9.3,US-SAN_FRANCISCO,San Francisco,United States,37.7749,-122.4194,9033.39
EONET_19481,Super Typhoon Sinlaku,severeStorms,Severe Storms,2026-04-12,151.2,9.9,US-SAN_FRANCISCO,San Francisco,United States,37.7749,-122.4194,9019.44
EONET_19481,Super Typhoon Sinlaku,severeStorms,Severe Storms,2026-04-12,150.6,10.3,US-SAN_FRANCISCO,San Francisco,United States,37.7749,-122.4194,9045.11
EONET_19481,Super Typhoon Sinlaku,severeStorms,Severe Storms,2026-04-12,150.2,11.1,US-SAN_FRANCISCO,San Francisco,United States,37.7749,-122.4194,9026.49
EONET_19481,Super Typhoon Sinlaku,severeStorms,Severe Storms,2026-04-12,149.5,11.6,US-SAN_FRANCISCO,San Francisco,United States,37.7749,-122.4194,9054.03
EONET_19481,Super Typhoon Sinlaku,severeStorms,Severe Storms,2026-04-13,148.9,12.2,US-SAN_FRANCISCO,San Francisco,United States,37.7749,-122.4194,9066.06
EONET_19481,Super Typhoon Sinlaku,severeStorms,Severe Storms,2026-04-13,148.0,12.7,US-SAN_FRANCISCO,San Francisco,United States,37.7749,-122.4194,9110.65
EONET_19481,Super Typhoon Sinlaku,severeStorms,Severe Storms,2026-04-13,147.4,13.1,US-SAN_FRANCISCO,San Francisco,United States,37.7749,-122.4194,9135.75
EONET_19481,Super Typhoon Sinlaku,severeStorms,Severe Storms,2026-04-13,147.0,13.7,US-SAN_FRANCISCO,San Francisco,United States,37.7749,-122.4194,9130.06
EONET_19481,Super Typhoon Sinlaku,severeStorms,Severe Storms,2026-04-14,146.5,14.3,US-SAN_FRANCISCO,San Francisco,United States,37.7749,-122.4194,9132.88
EONET_19481,Super Typhoon Sinlaku,severeStorms,Severe Storms,2026-04-14,146.0,14.6,US-SAN_FRANCISCO,San Francisco,United States,37.7749,-122.4194,9155.69
EONET_19481,Super Typhoon Sinlaku,severeStorms,Severe Storms,2026-04-14,145.8,14.9,US-SAN_FRANCISCO,San Francisco,United States,37.7749,-122.4194,9152.7
EONET_19481,Super Typhoon Sinlaku,severeStorms,Severe Storms,2026-04-14,145.4,15.2,US-SAN_FRANCISCO,San Francisco,United States,37.7749,-122.4194,9166.78
EONET_19481,Super Typhoon Sinlaku,severeStorms,Severe Storms,2026-04-15,145.2,15.6,US-SAN_FRANCISCO,San Francisco,United States,37.7749,-122.4194,9156.99
EONET_19481,Super Typhoon Sinlaku,severeStorms,Severe Storms,2026-04-15,144.9,16.0,US-SAN_FRANCISCO,San Francisco,United States,37.7749,-122.4194,9155.69
EONET_19481,Super Typhoon Sinlaku,severeStorms,Severe Storms,2026-04-15,144.6,16.2,US-SAN_FRANCISCO,San Francisco,United States,37.7749,-122.4194,9167.77
EONET_19481,Super Typhoon Sinlaku,severeStorms,Severe Storms,2026-04-15,144.5,16.7,US-SAN_FRANCISCO,San Francisco,United States,37.7749,-122.4194,9142.64
EONET_19481,Super Typhoon Sinlaku,severeStorms,Severe Storms,2026-04-16,144.4,17.1,US-SAN_FRANCISCO,San Francisco,United States,37.7749,-122.4194,9124.24
EONET_19481,Super Typhoon Sinlaku,severeStorms,Severe Storms,2026-04-16,144.5,17.7,US-SAN_FRANCISCO,San Francisco,United States,37.7749,-122.4194,9075.51
EONET_19481,Super Typhoon Sinlaku,severeStorms,Severe Storms,2026-04-16,144.8,18.4,US-SAN_FRANCISCO,San Francisco,United States,37.7749,-122.4194,9003.34
EONET_19481,Super Typhoon Sinlaku,severeStorms,Severe Storms,2026-04-16,145.0,19.0,US-SAN_FRANCISCO,San Francisco,United States,37.7749,-122.4194,8946.46
EONET_19481,Super Typhoon Sinlaku,severeStorms,Severe Storms,2026-04-17,145.4,19.5,US-SAN_FRANCISCO,San Francisco,United States,37.7749,-122.4194,8879.56
EONET_19481,Super Typhoon Sinlaku,severeStorms,Severe Storms,2026-04-17,145.8,20.0,US-SAN_FRANCISCO,San Francisco,United States,37.7749,-122.4194,8812.81
EONET_19481,Super Typhoon Sinlaku,severeStorms,Severe Storms,2026-04-17,146.2,20.8,US-SAN_FRANCISCO,San Francisco,United States,37.7749,-122.4194,8726.5
EONET_19481,Super Typhoon Sinlaku,severeStorms,Severe Storms,2026-04-17,146.5,21.3,US-SAN_FRANCISCO,San Francisco,United States,37.7749,-122.4194,8668.56
EONET_19481,Super Typhoon Sinlaku,severeStorms,Severe Storms,2026-04-18,146.4,22.3,US-SAN_FRANCISCO,San Francisco,United States,37.7749,-122.4194,8611.52
EONET_19481,Super Typhoon Sinlaku,severeStorms,Severe Storms,2026-04-18,146.8,23.3,US-SAN_FRANCISCO,San Francisco,United States,37.7749,-122.4194,8513.22
EONET_19481,Super Typhoon Sinlaku,severeStorms,Severe Storms,2026-04-18,147.5,24.3,US-SAN_FRANCISCO,San Francisco,United States,37.7749,-122.4194,8390.71
EONET_19481,Super Typhoon Sinlaku,severeStorms,Severe Storms,2026-04-18,148.5,25.3,US-SAN_FRANCISCO,San Francisco,United States,37.7749,-122.4194,8244.25
EONET_19481,Super Typhoon Sinlaku,severeStorms,Severe Storms,2026-04-19,149.5,26.5,US-SAN_FRANCISCO,San Francisco,United States,37.7749,-122.4194,8086.27
EONET_19481,Super Typhoon Sinlaku,severeStorms,Severe Storms,2026-04-19,151.4,27.6,US-SAN_FRANCISCO,San Francisco,United States,37.7749,-122.4194,7861.87
EONET_19481,Super Typhoon Sinlaku,severeStorms,Severe Storms,2026-04-19,153.7,28.3,US-SAN_FRANCISCO,San Francisco,United States,37.7749,-122.4194,7629.89
EONET_19481,Super Typhoon Sinlaku,severeStorms,Severe Storms,2026-04-19,156.1,28.7,US-SAN_FRANCISCO,San Francisco,United States,37.7749,-122.4194,7407.46
EONET_19405,"rx-Northern Scupp EWO Prescribed Fire, Waukesha, Wisconsin",wildfires,Wildfires,2026-04-09,-88.483243,42.9227232,US-DALLAS,Dallas,United States,32.7767,-96.797,1342.15
EONET_19412,"HARRISON Wildfire, Osage, Oklahoma",wildfires,Wildfires,2026-04-09,-96.849207,36.568752,US-DALLAS,Dallas,United States,32.7767,-96.797,421.68
EONET_19414,"JOY Wildfire, Osage, Oklahoma",wildfires,Wildfires,2026-04-09,-96.232358,36.471122,US-DALLAS,Dallas,United States,32.7767,-96.797,414.03
EONET_19585,"DeSoto BB 8301 C-214 RX Prescribed Fire, Perry, Mississippi",wildfires,Wildfires,2026-04-09,-88.866111,30.974167,US-NEW_ORLEANS,New Orleans,United States,29.9511,-90.0715,162.14
EONET_19855,"Cameron Creek Unit 1 RX Prescribed Fire, Fergus, Montana",wildfires,Wildfires,2026-04-09,-109.100917,46.751617,US-DENVER,Denver,United States,39.7392,-104.9903,847.54
EONET_19579,"Bienville CPT 44 45 RX Prescribed Fire, Scott, Mississippi",wildfires,Wildfires,2026-04-09,-89.5408,32.3711,US-NEW_ORLEANS,New Orleans,United States,29.9511,-90.0715,273.79
EONET_19415,"Rx Cherokee 3464 Prescribed Fire, Cherokee, Texas",wildfires,Wildfires,2026-04-09,-95.13378,31.56518,US-HOUSTON,Houston,United States,29.7604,-95.3698,201.95
EONET_19416,"Rosindale Road Wildfire, Bladen, North Carolina",wildfires,Wildfires,2026-04-09,-78.5313889,34.435,US-MIAMI,Miami,United States,25.7617,-80.1918,977.52
EONET_19586,"RX BO/MAG Flat Top 1 Prescribed Fire, Logan, Arkansas",wildfires,Wildfires,2026-04-09,-93.666974,35.243252,US-DALLAS,Dallas,United States,32.7767,-96.797,398.02
EONET_19406,"RX Blanchard 2 Prescribed Fire, Stone, Arkansas",wildfires,Wildfires,2026-04-09,-92.167783,35.95415,US-DALLAS,Dallas,United States,32.7767,-96.797,552.48
EONET_19418,"HUGHEY Wildfire, Osage, Oklahoma",wildfires,Wildfires,2026-04-09,-96.059996,36.695248,US-DALLAS,Dallas,United States,32.7767,-96.797,440.89
EONET_19403,"Chickasawhay CPT 378 RX Prescribed Fire, Wayne, Mississippi",wildfires,Wildfires,2026-04-09,-88.8983,31.5102,US-NEW_ORLEANS,New Orleans,United States,29.9511,-90.0715,206.46
EONET_19588,"RX PHILLIPS ORCHARD Prescribed Fire, Garland, Arkansas",wildfires,Wildfires,2026-04-09,-93.187444,34.664083,US-DALLAS,Dallas,United States,32.7767,-96.797,394.28
EONET_19590,"RX PCS South Waldron Ridge 1&amp;2 Prescribed Fire, Scott, Arkansas",wildfires,Wildfires,2026-04-09,-93.970228,34.869867,US-DALLAS,Dallas,United States,32.7767,-96.797,349.77
EONET_19580,"Homochitto BB 59 RX Prescribed Fire, Franklin, Mississippi",wildfires,Wildfires,2026-04-09,-90.966,31.401,US-NEW_ORLEANS,New Orleans,United States,29.9511,-90.0715,182.51
EONET_19404,"RX CALE BU 363 Prescribed Fire, Rapides, Louisiana",wildfires,Wildfires,2026-04-09,-92.634817,31.142233,US-NEW_ORLEANS,New Orleans,United States,29.9511,-90.0715,278.91
EONET_19410,"Compartment 180 RX Prescribed Fire, Greene, Georgia",wildfires,Wildfires,2026-04-09,-83.27194,33.655288,US-NEW_ORLEANS,New Orleans,United States,29.9511,-90.0715,762.95
EONET_19419,"HC 1 Wildfire, San Miguel, New Mexico",wildfires,Wildfires,2026-04-08,-104.67037,35.68405,US-DENVER,Denver,United States,39.7392,-104.9903,451.79
EONET_19424,"MA Mainline Non-Statistical/Other, Polk, Texas",wildfires,Wildfires,2026-04-08,-94.638858,30.492511,US-HOUSTON,Houston,United States,29.7604,-95.3698,107.56
EONET_19463,Wildfire in Australia 1028234,wildfires,Wildfires,2026-04-08,125.02254306305257,-16.86634549176335,US-SAN_FRANCISCO,San Francisco,United States,37.7749,-122.4194,13109.72
EONET_19464,Wildfire in Australia 1028235,wildfires,Wildfires,2026-04-08,116.3675376336521,-32.54535710664647,US-SAN_FRANCISCO,San Francisco,United States,37.7749,-122.4194,14726.75
EONET_19483,Wildfire in Australia 1028275,wildfires,Wildfires,2026-04-08,131.098073582243,-15.88228251063748,US-SAN_FRANCISCO,San Francisco,United States,37.7749,-122.4194,12513.92
EONET_19515,Wildfire in Australia 1028299,wildfires,Wildfires,2026-04-08,116.47479618689897,-32.03710597555488,US-SAN_FRANCISCO,San Francisco,United States,37.7749,-122.4194,14694.66
EONET_19603,Wildfire in Laos 1028345,wildfires,Wildfires,2026-04-08,101.72190861353543,20.56922442024931,US-SACRAMENTO,Sacramento,United States,38.5816,-121.4944,12044.3
EONET_19604,Wildfire in India 1028325,wildfires,Wildfires,2026-04-08,79.11953493933217,13.986825038892833,US-SACRAMENTO,Sacramento,United States,38.5816,-121.4944,13788.59
EONET_19605,Wildfire in India 1028336,wildfires,Wildfires,2026-04-08,79.36342614099053,22.14603943374794,US-SACRAMENTO,Sacramento,United States,38.5816,-121.4944,12920.9
EONET_19660,Wildfire in India 1028354,wildfires,Wildfires,2026-04-08,82.66933143942349,27.280520411711937,US-SACRAMENTO,Sacramento,United States,38.5816,-121.4944,12272.42
EONET_19661,Wildfire in India 1028355,wildfires,Wildfires,2026-04-08,83.70835871367413,26.37827719204369,US-SACRAMENTO,Sacramento,United States,38.5816,-121.4944,12330.48
EONET_19662,Wildfire in India 1028372,wildfires,Wildfires,2026-04-08,83.04525750306911,27.02323486917199,US-SACRAMENTO,Sacramento,United States,38.5816,-121.4944,12286.49
EONET_19745,Wildfire in Thailand 1028451,wildfires,Wildfires,2026-04-08,100.83802055035993,17.577350156417836,US-SACRAMENTO,Sacramento,United States,38.5816,-121.4944,12371.37
EONET_19746,Wildfire in Laos 1028447,wildfires,Wildfires,2026-04-08,102.71026832868604,20.25842973010114,US-SACRAMENTO,Sacramento,United States,38.5816,-121.4944,12014.16
EONET_19747,Wildfire in Sudan 1028442,wildfires,Wildfires,2026-04-08,30.064402756086185,8.818112552268088,US-MIAMI,Miami,United States,25.7617,-80.1918,11561.47
EONET_19769,Wildfire in Thailand 1028482,wildfires,Wildfires,2026-04-08,100.7313464863159,17.561202225069067,US-SACRAMENTO,Sacramento,United States,38.5816,-121.4944,12379.23
EONET_19787,Wildfire in Thailand 1028496,wildfires,Wildfires,2026-04-08,98.42510111504606,14.695458247957225,US-SACRAMENTO,Sacramento,United States,38.5816,-121.4944,12781.13
EONET_19788,Wildfire in Sudan 1028485,wildfires,Wildfires,2026-04-08,32.89692638802807,8.722408016965785,US-MIAMI,Miami,United States,25.7617,-80.1918,11836.74
EONET_19420,"SUNNY Wildfire, Osage, Oklahoma",wildfires,Wildfires,2026-04-08,-96.225036,36.779277,US-DALLAS,Dallas,United States,32.7767,-96.797,448.12
EONET_19567,"Turkey Creek Wildfire, Letcher, Kentucky",wildfires,Wildfires,2026-04-08,-83.06410789,37.04750498,US-NEW_ORLEANS,New Orleans,United States,29.9511,-90.0715,1021.48
EONET_19438,"Tige - West Celina RX Prescribed Fire, Perry, Indiana",wildfires,Wildfires,2026-04-08,-86.6266,38.2051,US-NEW_ORLEANS,New Orleans,United States,29.9511,-90.0715,970.88
EONET_19426,"RX BO/MAG Chickalah Mtn Prescribed Fire, Yell, Arkansas",wildfires,Wildfires,2026-04-08,-93.426325,35.1749,US-DALLAS,Dallas,United States,32.7767,-96.797,409.48
EONET_19427,"DeSoto BB 7310 C-7 RX Prescribed Fire, Perry, Mississippi",wildfires,Wildfires,2026-04-08,-88.859583,31.05635,US-NEW_ORLEANS,New Orleans,United States,29.9511,-90.0715,169.07
EONET_19429,"Bienville CPT 5 7 RX Prescribed Fire, Scott, Mississippi",wildfires,Wildfires,2026-04-08,-89.6524,32.5163,US-NEW_ORLEANS,New Orleans,United States,29.9511,-90.0715,288.01
EONET_19434,"Holly Springs IU 14-1 RX Prescribed Fire, Tippah, Mississippi",wildfires,Wildfires,2026-04-08,-89.0287,34.8459,US-NEW_ORLEANS,New Orleans,United States,29.9511,-90.0715,553.0
EONET_19437,"Homochitto BB51 Sub2 RX Prescribed Fire, Franklin, Mississippi",wildfires,Wildfires,2026-04-08,-90.984,31.402,US-NEW_ORLEANS,New Orleans,United States,29.9511,-90.0715,183.42
EONET_19421,"SNF Stark Tract RX Prescribed Fire, Newton, Texas",wildfires,Wildfires,2026-04-08,-93.626833,31.174617,US-HOUSTON,Houston,United States,29.7604,-95.3698,229.41
EONET_19436,"SHNF C-26/C-27/C-28 RX Prescribed Fire, Montgomery, Texas",wildfires,Wildfires,2026-04-08,-95.652333,30.529633,US-HOUSTON,Houston,United States,29.7604,-95.3698,89.75
EONET_19435,"SHNF C-51 RX Prescribed Fire, Walker, Texas",wildfires,Wildfires,2026-04-08,-95.569167,30.536367,US-HOUSTON,Houston,United States,29.7604,-95.3698,88.39
EONET_19430,"RX Key Mountain East Prescribed Fire, Scott, Arkansas",wildfires,Wildfires,2026-04-08,-94.096898,34.761897,US-DALLAS,Dallas,United States,32.7767,-96.797,333.17
EONET_19433,"RX Spud Rock Prescribed Fire, Franklin, Arkansas",wildfires,Wildfires,2026-04-08,-93.9,35.734,US-DALLAS,Dallas,United States,32.7767,-96.797,423.06
EONET_19423,"RX Fourche Valley Unit 1 and 2 Prescribed Fire, Yell, Arkansas",wildfires,Wildfires,2026-04-08,-93.666667,34.933333,US-DALLAS,Dallas,United States,32.7767,-96.797,375.54
EONET_19431,"RX County Liine Prescribed Fire, Newton, Arkansas",wildfires,Wildfires,2026-04-08,-93.523297,35.845119,US-DALLAS,Dallas,United States,32.7767,-96.797,454.71
EONET_19859,"Piton de la Fournaise, Reunion (France)",volcanoes,Volcanoes,2026-04-08,55.708,-21.244,US-MIAMI,Miami,United States,25.7617,-80.1918,15510.49
EONET_19428,"School House B RX Prescribed Fire, Clay, Alabama",wildfires,Wildfires,2026-04-07,-86.091944,33.155833,US-NEW_ORLEANS,New Orleans,United States,29.9511,-90.0715,518.73
EONET_19593,Flood in Philippines 1103838,floods,Floods,2026-04-07,125.3970848,6.8303517,US-SAN_FRANCISCO,San Francisco,United States,37.7749,-122.4194,11443.42
EONET_19465,Wildfire in Russian Federation 1028236,wildfires,Wildfires,2026-04-07,132.2380501949027,48.644257479176055,US-SACRAMENTO,Sacramento,United States,38.5816,-121.4944,7909.29
EONET_19466,Wildfire in Australia 1028237,wildfires,Wildfires,2026-04-07,128.5432714747107,-16.32533977956783,US-SAN_FRANCISCO,San Francisco,United States,37.7749,-122.4194,12766.31
EONET_19516,Wildfire in Thailand 1028287,wildfires,Wildfires,2026-04-07,102.08287513020322,18.107236172904408,US-SACRAMENTO,Sacramento,United States,38.5816,-121.4944,12247.9
EONET_19517,Wildfire in Australia 1028291,wildfires,Wildfires,2026-04-07,135.60227835024833,-19.522199472009532,US-SAN_FRANCISCO,San Francisco,United States,37.7749,-122.4194,12349.11
EONET_19606,Wildfire in India 1028337,wildfires,Wildfires,2026-04-07,82.93991473880995,26.883237758063704,US-SACRAMENTO,Sacramento,United States,38.5816,-121.4944,12304.71
EONET_19607,Wildfire in India 1028346,wildfires,Wildfires,2026-04-07,82.92682400641752,26.877598233075833,US-SACRAMENTO,Sacramento,United States,38.5816,-121.4944,12305.75
EONET_19608,Wildfire in Nicaragua 1028347,wildfires,Wildfires,2026-04-07,-86.57858927990024,13.695603078044831,US-MIAMI,Miami,United States,25.7617,-80.1918,1498.22
EONET_19609,Wildfire in Laos 1028331,wildfires,Wildfires,2026-04-07,102.85460766084098,18.440833152509455,US-SACRAMENTO,Sacramento,United States,38.5816,-121.4944,12170.6
EONET_19704,Wildfire in Thailand 1028419,wildfires,Wildfires,2026-04-07,102.10678797749111,17.925565542025502,US-SACRAMENTO,Sacramento,United States,38.5816,-121.4944,12262.98
EONET_19705,Wildfire in Laos 1028420,wildfires,Wildfires,2026-04-07,103.16706052889053,19.05865979105536,US-SACRAMENTO,Sacramento,United States,38.5816,-121.4944,12095.55
EONET_19706,"Wildfire in Thailand, Myanmar 1028436",wildfires,Wildfires,2026-04-07,99.18646553075378,13.702559547021997,US-SACRAMENTO,Sacramento,United States,38.5816,-121.4944,12826.86
EONET_19748,Wildfire in Sudan 1028443,wildfires,Wildfires,2026-04-07,32.9623250063369,8.800061603276145,US-MIAMI,Miami,United States,25.7617,-80.1918,11838.59
EONET_19749,Wildfire in Myanmar 1028452,wildfires,Wildfires,2026-04-07,97.57885703927894,19.223749140001058,US-SACRAMENTO,Sacramento,United States,38.5816,-121.4944,12406.49
EONET_19750,Wildfire in Thailand 1028466,wildfires,Wildfires,2026-04-07,99.83586645603587,18.987888480719374,US-SACRAMENTO,Sacramento,United States,38.5816,-121.4944,12300.3
EONET_19789,Wildfire in India 1028486,wildfires,Wildfires,2026-04-07,80.77500307382856,19.51190594576083,US-SACRAMENTO,Sacramento,United States,38.5816,-121.4944,13150.66
EONET_19409,"Compartment 156 RX Prescribed Fire, Putnam, Georgia",wildfires,Wildfires,2026-04-07,-83.376383,33.407033,US-NEW_ORLEANS,New Orleans,United States,29.9511,-90.0715,740.72
EONET_19432,"Mainline Wildfire, Polk, Texas",wildfires,Wildfires,2026-04-07,-94.638858,30.492511,US-HOUSTON,Houston,United States,29.7604,-95.3698,107.56
EONET_19422,"RX D2 Hog Sapphire Prescribed Fire, Ravalli, Montana",wildfires,Wildfires,2026-04-07,-113.877617,46.164317,US-DENVER,Denver,United States,39.7392,-104.9903,1015.45
EONET_19448,"Homochitto BB 6 South RX Prescribed Fire, Lincoln, Mississippi",wildfires,Wildfires,2026-04-07,-90.73,31.635,US-NEW_ORLEANS,New Orleans,United States,29.9511,-90.0715,197.52
EONET_19449,"Bienville CPT 41 RX Prescribed Fire, Scott, Mississippi",wildfires,Wildfires,2026-04-07,-89.5682,32.4037,US-NEW_ORLEANS,New Orleans,United States,29.9511,-90.0715,276.89
EONET_19450,"Bienville CPT 31 32 cont  RX Prescribed Fire, Scott, Mississippi",wildfires,Wildfires,2026-04-07,-89.6599,32.4098,US-NEW_ORLEANS,New Orleans,United States,29.9511,-90.0715,276.18
EONET_19444,"Holly Springs IU 26-2 RX Prescribed Fire, Benton, Mississippi",wildfires,Wildfires,2026-04-07,-89.2329,34.7893,US-NEW_ORLEANS,New Orleans,United States,29.9511,-90.0715,543.71
EONET_19446,"RX Bald Knob Prescribed Fire, Crawford, Arkansas",wildfires,Wildfires,2026-04-07,-94.3093,35.6695,US-DALLAS,Dallas,United States,32.7767,-96.797,394.66
EONET_19447,"RX BO/MAG Carter Mtn Prescribed Fire, Logan, Arkansas",wildfires,Wildfires,2026-04-07,-93.395096,35.218256,US-DALLAS,Dallas,United States,32.7767,-96.797,414.75
EONET_19458,"MULL Wildfire, Osage, Oklahoma",wildfires,Wildfires,2026-04-07,-96.362972,36.539489,US-DALLAS,Dallas,United States,32.7767,-96.797,420.28
EONET_19443,"RX PCS East Horseshoe 2 Prescribed Fire, Scott, Arkansas",wildfires,Wildfires,2026-04-07,-94.254627,34.783517,US-DALLAS,Dallas,United States,32.7767,-96.797,324.02
EONET_19452,"SHNF C-14/C-15 RX Prescribed Fire, Montgomery, Texas",wildfires,Wildfires,2026-04-07,-95.728667,30.52045,US-HOUSTON,Houston,United States,29.7604,-95.3698,91.29
EONET_19445,"RX FORKS 5 Prescribed Fire, Montgomery, Arkansas",wildfires,Wildfires,2026-04-07,-93.738056,34.525556,US-DALLAS,Dallas,United States,32.7767,-96.797,343.46
EONET_19455,"SHNF C-43N RX Prescribed Fire, Walker, Texas",wildfires,Wildfires,2026-04-07,-95.57925,30.524133,US-HOUSTON,Houston,United States,29.7604,-95.3698,87.28
EONET_19454,"RX Reeve&#039;s Fork Prescribed Fire, Newton, Arkansas",wildfires,Wildfires,2026-04-07,-93.464358,35.808903,US-DALLAS,Dallas,United States,32.7767,-96.797,455.36
EONET_19459,"SUNNY SLOPES Wildfire, Osage, Oklahoma",wildfires,Wildfires,2026-04-07,-96.616347,36.463582,US-DALLAS,Dallas,United States,32.7767,-96.797,410.3
EONET_19456,"RX CALE BU 30-33 Prescribed Fire, Rapides, Louisiana",wildfires,Wildfires,2026-04-07,-92.562217,31.197633,US-NEW_ORLEANS,New Orleans,United States,29.9511,-90.0715,275.8
EONET_19451,"RX VANDERSLICE UNIT 8 Prescribed Fire, Montgomery, Arkansas",wildfires,Wildfires,2026-04-07,-93.484417,34.671333,US-DALLAS,Dallas,United States,32.7767,-96.797,371.77
EONET_19442,"C-75A FM RX Prescribed Fire, Berkeley, South Carolina",wildfires,Wildfires,2026-04-07,-79.870556,33.201972,US-MIAMI,Miami,United States,25.7617,-80.1918,827.9
EONET_19417,"Meadow View Wildfire, Potter, Texas",wildfires,Wildfires,2026-04-06,-101.813616,35.469041,US-DALLAS,Dallas,United States,32.7767,-96.797,550.21
EONET_19413,"Meadow View Wildfire, Potter, Texas",wildfires,Wildfires,2026-04-06,-101.832244,35.468784,US-DENVER,Denver,United States,39.7392,-104.9903,550.25
EONET_19460,"rx-Lapham Good Oak 2026 Prescribed Fire, Waukesha, Wisconsin",wildfires,Wildfires,2026-04-06,-88.3992015,43.0403647,US-DALLAS,Dallas,United States,32.7767,-96.797,1356.77
EONET_19376,Wildfire in Australia 1028218,wildfires,Wildfires,2026-04-06,128.3692566608866,-15.731795329081466,US-SAN_FRANCISCO,San Francisco,United States,37.7749,-122.4194,12744.02
EONET_19377,Wildfire in Mongolia 1028219,wildfires,Wildfires,2026-04-06,115.78281860426753,49.28756597876336,US-SACRAMENTO,Sacramento,United States,38.5816,-121.4944,8743.71
EONET_19390,Wildfire in United States 1028227,wildfires,Wildfires,2026-04-06,-96.3197936196026,38.91899445788966,US-DALLAS,Dallas,United States,32.7767,-96.797,684.34
EONET_19467,Wildfire in Thailand 1028238,wildfires,Wildfires,2026-04-06,101.80274244685963,15.973555377436302,US-SACRAMENTO,Sacramento,United States,38.5816,-121.4944,12458.98
EONET_19518,Wildfire in Thailand 1028292,wildfires,Wildfires,2026-04-06,97.87880808805856,18.08491180510639,US-SACRAMENTO,Sacramento,United States,38.5816,-121.4944,12496.79
EONET_19519,Wildfire in India 1028283,wildfires,Wildfires,2026-04-06,80.9628466759735,19.5568062796711,US-SACRAMENTO,Sacramento,United States,38.5816,-121.4944,13139.31
EONET_19520,Wildfire in India 1028284,wildfires,Wildfires,2026-04-06,82.90844256116571,27.09474691168079,US-SACRAMENTO,Sacramento,United States,38.5816,-121.4944,12283.71
EONET_19521,Wildfire in Laos 1028288,wildfires,Wildfires,2026-04-06,102.99372974559596,18.49607870708877,US-SACRAMENTO,Sacramento,United States,38.5816,-121.4944,12157.09
EONET_19522,Wildfire in Laos 1028300,wildfires,Wildfires,2026-04-06,105.0647453181585,18.195679981805988,US-SACRAMENTO,Sacramento,United States,38.5816,-121.4944,12055.22
EONET_19523,Wildfire in Laos 1028301,wildfires,Wildfires,2026-04-06,103.50692813060478,18.67248108240052,US-SACRAMENTO,Sacramento,United States,38.5816,-121.4944,12109.64
EONET_19524,Wildfire in Laos 1028302,wildfires,Wildfires,2026-04-06,104.02104247252585,19.780586217570878,US-SACRAMENTO,Sacramento,United States,38.5816,-121.4944,11978.13
EONET_19610,Wildfire in Laos 1028348,wildfires,Wildfires,2026-04-06,104.42491340421688,18.438604012097272,US-SACRAMENTO,Sacramento,United States,38.5816,-121.4944,12073.73
EONET_19611,Wildfire in India 1028326,wildfires,Wildfires,2026-04-06,81.13766127057659,19.475317588944463,US-SACRAMENTO,Sacramento,United States,38.5816,-121.4944,13141.6
EONET_19612,Wildfire in Sudan 1028328,wildfires,Wildfires,2026-04-06,30.337516884954365,9.160219631133002,US-MIAMI,Miami,United States,25.7617,-80.1918,11568.81
EONET_19663,Wildfire in Guinea 1028363,wildfires,Wildfires,2026-04-06,-13.33056896765436,11.32134300930628,US-MIAMI,Miami,United States,25.7617,-80.1918,7159.16
EONET_19664,Wildfire in Laos 1028400,wildfires,Wildfires,2026-04-06,101.87949643110454,20.06443887416467,US-SACRAMENTO,Sacramento,United States,38.5816,-121.4944,12081.31
EONET_19665,Wildfire in Laos 1028401,wildfires,Wildfires,2026-04-06,101.39747969345167,19.104064413692555,US-SACRAMENTO,Sacramento,United States,38.5816,-121.4944,12197.93
EONET_19666,Wildfire in Australia 1028402,wildfires,Wildfires,2026-04-06,136.17873691953739,-19.617820050920887,US-SAN_FRANCISCO,San Francisco,United States,37.7749,-122.4194,12305.04
EONET_19707,Wildfire in Thailand 1028437,wildfires,Wildfires,2026-04-06,98.41695480348307,19.506543155023426,US-SACRAMENTO,Sacramento,United States,38.5816,-121.4944,12333.0
EONET_19708,Wildfire in Laos 1028421,wildfires,Wildfires,2026-04-06,103.33974392850835,18.67812821434813,US-SACRAMENTO,Sacramento,United States,38.5816,-121.4944,12119.41
EONET_19709,Wildfire in Honduras 1028422,wildfires,Wildfires,2026-04-06,-86.17572323006243,14.299254474023508,US-MIAMI,Miami,United States,25.7617,-80.1918,1418.96
EONET_19751,Wildfire in Sudan 1028444,wildfires,Wildfires,2026-04-06,33.07754305842422,8.91648408249457,US-MIAMI,Miami,United States,25.7617,-80.1918,11842.99
EONET_19790,Wildfire in Thailand 1028491,wildfires,Wildfires,2026-04-06,100.42442970980376,18.087221261755236,US-SACRAMENTO,Sacramento,United States,38.5816,-121.4944,12349.1
EONET_19572,"Big Wilson RX Prescribed Fire, Bath, Virginia",wildfires,Wildfires,2026-04-06,-79.821194,37.951306,US-NEW_ORLEANS,New Orleans,United States,29.9511,-90.0715,1296.57
EONET_19589,"Comers Rock RX Prescribed Fire, Wythe, Virginia",wildfires,Wildfires,2026-04-06,-81.191833,36.7655,US-NEW_ORLEANS,New Orleans,United States,29.9511,-90.0715,1118.94
EONET_19453,"LON - Auger Springs RX Prescribed Fire, Laurel, Kentucky",wildfires,Wildfires,2026-04-06,-84.229,36.969,US-NEW_ORLEANS,New Orleans,United States,29.9511,-90.0715,949.62
EONET_19408,"Compartment 163/164 RX Prescribed Fire, Putnam, Georgia",wildfires,Wildfires,2026-04-06,-83.464333,33.36415,US-NEW_ORLEANS,New Orleans,United States,29.9511,-90.0715,731.26
EONET_19407,"Compartment 135 RX Prescribed Fire, Putnam, Georgia",wildfires,Wildfires,2026-04-06,-83.505083,33.198667,US-NEW_ORLEANS,New Orleans,United States,29.9511,-90.0715,719.04
EONET_19462,"RX East Horseshoe Prescribed Fire, Scott, Arkansas",wildfires,Wildfires,2026-04-06,-94.260589,34.766957,US-DALLAS,Dallas,United States,32.7767,-96.797,322.37
EONET_19461,"RX MOUNT IDA 23 24 Prescribed Fire, Montgomery, Arkansas",wildfires,Wildfires,2026-04-06,-93.649722,34.524444,US-DALLAS,Dallas,United States,32.7767,-96.797,350.16
EONET_19349,"Holly Springs IU 81-1 83-1 RX Prescribed Fire, Lafayette, Mississippi",wildfires,Wildfires,2026-04-06,-89.382263,34.49759,US-NEW_ORLEANS,New Orleans,United States,29.9511,-90.0715,509.68
EONET_19351,"EASTER PASTURE Wildfire, Hendry, Florida",wildfires,Wildfires,2026-04-05,-81.0269444,26.4713889,US-MIAMI,Miami,United States,25.7617,-80.1918,114.8
EONET_19391,Wildfire in Russian Federation 1028221,wildfires,Wildfires,2026-04-05,48.83329586761586,46.10069419295233,US-DENVER,Denver,United States,39.7392,-104.9903,10121.33
EONET_19392,Wildfire in Australia 1028225,wildfires,Wildfires,2026-04-05,131.36470864548977,-17.807466462875908,US-SAN_FRANCISCO,San Francisco,United States,37.7749,-122.4194,12611.87
EONET_19484,Wildfire in Australia 1028279,wildfires,Wildfires,2026-04-05,131.23845747829807,-17.779197241204187,US-SAN_FRANCISCO,San Francisco,United States,37.7749,-122.4194,12621.16
EONET_19525,Wildfire in India 1028285,wildfires,Wildfires,2026-04-05,81.15331482571246,19.28933533765142,US-SACRAMENTO,Sacramento,United States,38.5816,-121.4944,13160.48
EONET_19526,Wildfire in India 1028286,wildfires,Wildfires,2026-04-05,80.92115995831655,19.254019712736014,US-SACRAMENTO,Sacramento,United States,38.5816,-121.4944,13172.47
EONET_19541,Wildfire in Thailand 1028310,wildfires,Wildfires,2026-04-05,104.30916356114089,16.93978040425672,US-SACRAMENTO,Sacramento,United States,38.5816,-121.4944,12215.07
EONET_19542,Wildfire in Laos 1028311,wildfires,Wildfires,2026-04-05,101.94613990252242,18.680265184876728,US-SACRAMENTO,Sacramento,United States,38.5816,-121.4944,12203.92
EONET_19543,Wildfire in Thailand 1028321,wildfires,Wildfires,2026-04-05,99.9299980919842,15.662508842169265,US-SACRAMENTO,Sacramento,United States,38.5816,-121.4944,12601.75
EONET_19613,Wildfire in Laos 1028332,wildfires,Wildfires,2026-04-05,102.6983323238214,18.40279407532141,US-SACRAMENTO,Sacramento,United States,38.5816,-121.4944,12183.59
EONET_19667,Wildfire in Thailand 1028373,wildfires,Wildfires,2026-04-05,98.8579499172196,14.344083090820202,US-SACRAMENTO,Sacramento,United States,38.5816,-121.4944,12787.7
EONET_19668,Wildfire in Laos 1028403,wildfires,Wildfires,2026-04-05,103.66067419181182,20.065131530936622,US-SACRAMENTO,Sacramento,United States,38.5816,-121.4944,11974.42
EONET_19669,Wildfire in Laos 1028356,wildfires,Wildfires,2026-04-05,103.23278061723815,18.591504744071088,US-SACRAMENTO,Sacramento,United States,38.5816,-121.4944,12133.8
EONET_19710,"Wildfire in Myanmar, Thailand 1028438",wildfires,Wildfires,2026-04-05,98.79176148424013,14.168423982594474,US-SACRAMENTO,Sacramento,United States,38.5816,-121.4944,12807.89
EONET_19752,Wildfire in Laos 1028453,wildfires,Wildfires,2026-04-05,102.23008074996892,18.811303992804028,US-SACRAMENTO,Sacramento,United States,38.5816,-121.4944,12174.86
EONET_19753,Wildfire in Thailand 1028454,wildfires,Wildfires,2026-04-05,99.2065989432611,14.485579044128954,US-SACRAMENTO,Sacramento,United States,38.5816,-121.4944,12753.65
EONET_19770,Wildfire in Laos 1028472,wildfires,Wildfires,2026-04-05,102.65433735171523,20.016833962906986,US-SACRAMENTO,Sacramento,United States,38.5816,-121.4944,12039.52
EONET_19329,Tropical Cyclone Vaianu,severeStorms,Severe Storms,2026-04-05,171.8,-13.8,US-SAN_FRANCISCO,San Francisco,United States,37.7749,-122.4194,8927.07
EONET_19329,Tropical Cyclone Vaianu,severeStorms,Severe Storms,2026-04-05,172.3,-14.5,US-SAN_FRANCISCO,San Francisco,United States,37.7749,-122.4194,8940.94
EONET_19329,Tropical Cyclone Vaianu,severeStorms,Severe Storms,2026-04-05,172.4,-14.9,US-SAN_FRANCISCO,San Francisco,United States,37.7749,-122.4194,8963.63
EONET_19329,Tropical Cyclone Vaianu,severeStorms,Severe Storms,2026-04-05,172.6,-15.1,US-SAN_FRANCISCO,San Francisco,United States,37.7749,-122.4194,8963.3
EONET_19329,Tropical Cyclone Vaianu,severeStorms,Severe Storms,2026-04-06,173.1,-15.7,US-SAN_FRANCISCO,San Francisco,United States,37.7749,-122.4194,8970.46
EONET_19329,Tropical Cyclone Vaianu,severeStorms,Severe Storms,2026-04-06,173.6,-16.1,US-SAN_FRANCISCO,San Francisco,United States,37.7749,-122.4194,8962.69
EONET_19329,Tropical Cyclone Vaianu,severeStorms,Severe Storms,2026-04-06,173.8,-16.5,US-SAN_FRANCISCO,San Francisco,United States,37.7749,-122.4194,8978.24
EONET_19329,Tropical Cyclone Vaianu,severeStorms,Severe Storms,2026-04-06,174.4,-17.1,US-SAN_FRANCISCO,San Francisco,United States,37.7749,-122.4194,8979.01
EONET_19329,Tropical Cyclone Vaianu,severeStorms,Severe Storms,2026-04-07,174.8,-18.1,US-SAN_FRANCISCO,San Francisco,United States,37.7749,-122.4194,9026.74
EONET_19329,Tropical Cyclone Vaianu,severeStorms,Severe Storms,2026-04-07,175.3,-19.2,US-SAN_FRANCISCO,San Francisco,United States,37.7749,-122.4194,9075.6
EONET_19329,Tropical Cyclone Vaianu,severeStorms,Severe Storms,2026-04-07,175.9,-20.0,US-SAN_FRANCISCO,San Francisco,United States,37.7749,-122.4194,9094.36
EONET_19329,Tropical Cyclone Vaianu,severeStorms,Severe Storms,2026-04-07,177.0,-21.1,US-SAN_FRANCISCO,San Francisco,United States,37.7749,-122.4194,9101.7
EONET_19329,Tropical Cyclone Vaianu,severeStorms,Severe Storms,2026-04-08,177.4,-22.2,US-SAN_FRANCISCO,San Francisco,United States,37.7749,-122.4194,9161.12
EONET_19329,Tropical Cyclone Vaianu,severeStorms,Severe Storms,2026-04-08,177.8,-23.4,US-SAN_FRANCISCO,San Francisco,United States,37.7749,-122.4194,9229.41
EONET_19329,Tropical Cyclone Vaianu,severeStorms,Severe Storms,2026-04-08,178.4,-24.4,US-SAN_FRANCISCO,San Francisco,United States,37.7749,-122.4194,9268.51
EONET_19329,Tropical Cyclone Vaianu,severeStorms,Severe Storms,2026-04-08,178.5,-25.4,US-SAN_FRANCISCO,San Francisco,United States,37.7749,-122.4194,9342.89
EONET_19329,Tropical Cyclone Vaianu,severeStorms,Severe Storms,2026-04-09,178.8,-26.2,US-SAN_FRANCISCO,San Francisco,United States,37.7749,-122.4194,9387.63
EONET_19329,Tropical Cyclone Vaianu,severeStorms,Severe Storms,2026-04-09,179.0,-26.8,US-SAN_FRANCISCO,San Francisco,United States,37.7749,-122.4194,9423.16
EONET_19425,"Williams Creek Wildfire, Perry, Alabama",wildfires,Wildfires,2026-04-04,-87.04236,32.76539,US-NEW_ORLEANS,New Orleans,United States,29.9511,-90.0715,424.99
EONET_19375,Flood in Türkiye 1103833,floods,Floods,2026-04-04,35.2823275,37.0468862,US-MIAMI,Miami,United States,25.7617,-80.1918,10309.1
EONET_19303,Wildfire in Australia 1028178,wildfires,Wildfires,2026-04-04,125.53351718733587,-16.33584965065326,US-SAN_FRANCISCO,San Francisco,United States,37.7749,-122.4194,13031.45
EONET_19332,Wildfire in Australia 1028196,wildfires,Wildfires,2026-04-04,125.24338868857761,-16.387720501824536,US-SAN_FRANCISCO,San Francisco,United States,37.7749,-122.4194,13060.22
EONET_19333,Wildfire in Australia 1028197,wildfires,Wildfires,2026-04-04,125.36553191466744,-16.356429693747376,US-SAN_FRANCISCO,San Francisco,United States,37.7749,-122.4194,13047.52
EONET_19334,Wildfire in Myanmar 1028190,wildfires,Wildfires,2026-04-04,92.9275818660162,21.229773945458223,US-SACRAMENTO,Sacramento,United States,38.5816,-121.4944,12458.29
EONET_19378,Wildfire in United States 1028214,wildfires,Wildfires,2026-04-04,-96.57078824265754,37.3112587541737,US-DALLAS,Dallas,United States,32.7767,-96.797,504.64
EONET_19393,Wildfire in United States 1028228,wildfires,Wildfires,2026-04-04,-96.01471554931712,37.52559528078477,US-DALLAS,Dallas,United States,32.7767,-96.797,532.81
EONET_19468,Wildfire in India 1028239,wildfires,Wildfires,2026-04-04,82.78680316461188,27.275678450052116,US-SACRAMENTO,Sacramento,United States,38.5816,-121.4944,12268.96
EONET_19485,Wildfire in Laos 1028280,wildfires,Wildfires,2026-04-04,103.57469731590068,20.014534875717416,US-SACRAMENTO,Sacramento,United States,38.5816,-121.4944,11984.22
EONET_19527,Wildfire in Laos 1028303,wildfires,Wildfires,2026-04-04,101.79477608362477,18.81316018651012,US-SACRAMENTO,Sacramento,United States,38.5816,-121.4944,12200.87
EONET_19544,Wildfire in Thailand 1028307,wildfires,Wildfires,2026-04-04,99.32899172555459,15.025719046113432,US-SACRAMENTO,Sacramento,United States,38.5816,-121.4944,12696.54
EONET_19545,Wildfire in Laos 1028312,wildfires,Wildfires,2026-04-04,101.52925975249204,18.06082866161872,US-SACRAMENTO,Sacramento,United States,38.5816,-121.4944,12285.59
EONET_19614,"Wildfire in Laos, Thailand 1028349",wildfires,Wildfires,2026-04-04,101.102882400568,18.461331559042797,US-SACRAMENTO,Sacramento,United States,38.5816,-121.4944,12274.43
EONET_19670,Wildfire in Thailand 1028374,wildfires,Wildfires,2026-04-04,98.10879805147805,19.48758649909807,US-SACRAMENTO,Sacramento,United States,38.5816,-121.4944,12352.08
EONET_19671,"Wildfire in Thailand, Laos 1028370",wildfires,Wildfires,2026-04-04,101.04729176500632,18.399643476660007,US-SACRAMENTO,Sacramento,United States,38.5816,-121.4944,12283.4
EONET_19754,Wildfire in Laos 1028467,wildfires,Wildfires,2026-04-04,101.81452197919938,18.354958702558026,US-SACRAMENTO,Sacramento,United States,38.5816,-121.4944,12241.54
EONET_19587,"COVELO SOUTH VMP RX Prescribed Fire, Mendocino, California",wildfires,Wildfires,2026-04-04,-123.20401,39.718807,US-SACRAMENTO,Sacramento,United States,38.5816,-121.4944,194.22
EONET_19354,"North Twin Wildfire, Hutchinson, Texas",wildfires,Wildfires,2026-04-04,-101.57466,35.75541,US-DENVER,Denver,United States,39.7392,-104.9903,535.08
EONET_19302,Tropical Cyclone Maila,severeStorms,Severe Storms,2026-04-04,155.1,-9.1,US-SAN_FRANCISCO,San Francisco,United States,37.7749,-122.4194,9974.08
EONET_19302,Tropical Cyclone Maila,severeStorms,Severe Storms,2026-04-04,154.9,-9.1,US-SAN_FRANCISCO,San Francisco,United States,37.7749,-122.4194,9991.29
EONET_19302,Tropical Cyclone Maila,severeStorms,Severe Storms,2026-04-04,154.7,-9.0,US-SAN_FRANCISCO,San Francisco,United States,37.7749,-122.4194,10001.61
EONET_19302,Tropical Cyclone Maila,severeStorms,Severe Storms,2026-04-04,154.4,-8.9,US-SAN_FRANCISCO,San Francisco,United States,37.7749,-122.4194,10020.57
EONET_19302,Tropical Cyclone Maila,severeStorms,Severe Storms,2026-04-05,154.2,-8.8,US-SAN_FRANCISCO,San Francisco,United States,37.7749,-122.4194,10030.93
EONET_19302,Tropical Cyclone Maila,severeStorms,Severe Storms,2026-04-05,154.4,-9.2,US-SAN_FRANCISCO,San Francisco,United States,37.7749,-122.4194,10041.24
EONET_19302,Tropical Cyclone Maila,severeStorms,Severe Storms,2026-04-05,154.6,-9.3,US-SAN_FRANCISCO,San Francisco,United States,37.7749,-122.4194,10030.91
EONET_19302,Tropical Cyclone Maila,severeStorms,Severe Storms,2026-04-05,154.6,-9.5,US-SAN_FRANCISCO,San Francisco,United States,37.7749,-122.4194,10044.7
EONET_19302,Tropical Cyclone Maila,severeStorms,Severe Storms,2026-04-06,154.7,-9.5,US-SAN_FRANCISCO,San Francisco,United States,37.7749,-122.4194,10036.1
EONET_19302,Tropical Cyclone Maila,severeStorms,Severe Storms,2026-04-06,155.3,-9.7,US-SAN_FRANCISCO,San Francisco,United States,37.7749,-122.4194,9998.35
EONET_19302,Tropical Cyclone Maila,severeStorms,Severe Storms,2026-04-06,155.5,-9.7,US-SAN_FRANCISCO,San Francisco,United States,37.7749,-122.4194,9981.18
EONET_19302,Tropical Cyclone Maila,severeStorms,Severe Storms,2026-04-06,156.1,-9.9,US-SAN_FRANCISCO,San Francisco,United States,37.7749,-122.4194,9943.6
EONET_19302,Tropical Cyclone Maila,severeStorms,Severe Storms,2026-04-07,156.4,-9.9,US-SAN_FRANCISCO,San Francisco,United States,37.7749,-122.4194,9917.92
EONET_19302,Tropical Cyclone Maila,severeStorms,Severe Storms,2026-04-07,156.5,-9.9,US-SAN_FRANCISCO,San Francisco,United States,37.7749,-122.4194,9909.37
EONET_19302,Tropical Cyclone Maila,severeStorms,Severe Storms,2026-04-07,156.3,-9.7,US-SAN_FRANCISCO,San Francisco,United States,37.7749,-122.4194,9912.6
EONET_19302,Tropical Cyclone Maila,severeStorms,Severe Storms,2026-04-07,156.0,-9.5,US-SAN_FRANCISCO,San Francisco,United States,37.7749,-122.4194,9924.44
EONET_19302,Tropical Cyclone Maila,severeStorms,Severe Storms,2026-04-08,155.9,-9.0,US-SAN_FRANCISCO,San Francisco,United States,37.7749,-122.4194,9898.38
EONET_19302,Tropical Cyclone Maila,severeStorms,Severe Storms,2026-04-08,155.9,-8.6,US-SAN_FRANCISCO,San Francisco,United States,37.7749,-122.4194,9870.67
EONET_19302,Tropical Cyclone Maila,severeStorms,Severe Storms,2026-04-08,155.7,-8.6,US-SAN_FRANCISCO,San Francisco,United States,37.7749,-122.4194,9887.88
EONET_19302,Tropical Cyclone Maila,severeStorms,Severe Storms,2026-04-08,155.5,-8.6,US-SAN_FRANCISCO,San Francisco,United States,37.7749,-122.4194,9905.09
EONET_19302,Tropical Cyclone Maila,severeStorms,Severe Storms,2026-04-09,155.1,-8.5,US-SAN_FRANCISCO,San Francisco,United States,37.7749,-122.4194,9932.63
EONET_19302,Tropical Cyclone Maila,severeStorms,Severe Storms,2026-04-09,154.7,-8.5,US-SAN_FRANCISCO,San Francisco,United States,37.7749,-122.4194,9967.12
EONET_19302,Tropical Cyclone Maila,severeStorms,Severe Storms,2026-04-09,154.4,-8.3,US-SAN_FRANCISCO,San Francisco,United States,37.7749,-122.4194,9979.22
EONET_19302,Tropical Cyclone Maila,severeStorms,Severe Storms,2026-04-09,154.4,-8.2,US-SAN_FRANCISCO,San Francisco,United States,37.7749,-122.4194,9972.33
EONET_19302,Tropical Cyclone Maila,severeStorms,Severe Storms,2026-04-10,154.6,-8.1,US-SAN_FRANCISCO,San Francisco,United States,37.7749,-122.4194,9948.17
EONET_19302,Tropical Cyclone Maila,severeStorms,Severe Storms,2026-04-10,154.5,-8.3,US-SAN_FRANCISCO,San Francisco,United States,37.7749,-122.4194,9970.59
EONET_19302,Tropical Cyclone Maila,severeStorms,Severe Storms,2026-04-10,154.3,-8.4,US-SAN_FRANCISCO,San Francisco,United States,37.7749,-122.4194,9994.75
EONET_19302,Tropical Cyclone Maila,severeStorms,Severe Storms,2026-04-10,154.2,-8.2,US-SAN_FRANCISCO,San Francisco,United States,37.7749,-122.4194,9989.61
EONET_19302,Tropical Cyclone Maila,severeStorms,Severe Storms,2026-04-11,154.6,-7.8,US-SAN_FRANCISCO,San Francisco,United States,37.7749,-122.4194,9927.48
EONET_19330,Flood in China 1103830,floods,Floods,2026-04-03,121.0125368,24.7695434,US-SAN_FRANCISCO,San Francisco,United States,37.7749,-122.4194,10417.84
EONET_19356,"APQ Area 10 &amp; 10B Rx 0403 Prescribed Fire, Highlands, Florida",wildfires,Wildfires,2026-04-03,-81.172485,27.607297,US-MIAMI,Miami,United States,25.7617,-80.1918,227.17
EONET_19277,Wildfire in Russian Federation 1028150,wildfires,Wildfires,2026-04-03,132.0473764289204,48.704126674102184,US-SACRAMENTO,Sacramento,United States,38.5816,-121.4944,7916.32
EONET_19278,Wildfire in Myanmar 1028151,wildfires,Wildfires,2026-04-03,93.08541232367195,21.315947227188293,US-SACRAMENTO,Sacramento,United States,38.5816,-121.4944,12442.07
EONET_19279,Wildfire in China 1028152,wildfires,Wildfires,2026-04-03,124.36994399981721,48.16162926463981,US-SACRAMENTO,Sacramento,United States,38.5816,-121.4944,8388.45
EONET_19304,Wildfire in Myanmar 1028166,wildfires,Wildfires,2026-04-03,92.86661054790723,21.42571229259251,US-SACRAMENTO,Sacramento,United States,38.5816,-121.4944,12442.14
EONET_19305,Wildfire in Australia 1028179,wildfires,Wildfires,2026-04-03,116.47863042416742,-32.22738329826664,US-SAN_FRANCISCO,San Francisco,United States,37.7749,-122.4194,14702.94
EONET_19306,Wildfire in Russian Federation 1028180,wildfires,Wildfires,2026-04-03,134.89712081965936,48.71435633989748,US-SACRAMENTO,Sacramento,United States,38.5816,-121.4944,7748.12
EONET_19307,Wildfire in Myanmar 1028164,wildfires,Wildfires,2026-04-03,93.07861431689493,21.193564199411945,US-SACRAMENTO,Sacramento,United States,38.5816,-121.4944,12454.35
EONET_19308,Wildfire in Myanmar 1028165,wildfires,Wildfires,2026-04-03,93.01617529620478,21.120704583338682,US-SACRAMENTO,Sacramento,United States,38.5816,-121.4944,12464.57
EONET_19379,Wildfire in Myanmar 1028207,wildfires,Wildfires,2026-04-03,92.83750679566664,21.851247788914723,US-SACRAMENTO,Sacramento,United States,38.5816,-121.4944,12401.92
EONET_19380,Wildfire in India 1028217,wildfires,Wildfires,2026-04-03,78.25520395563076,22.935708891192654,US-SACRAMENTO,Sacramento,United States,38.5816,-121.4944,12871.53
EONET_19469,Wildfire in Thailand 1028240,wildfires,Wildfires,2026-04-03,98.12448729917838,19.34431697111376,US-SACRAMENTO,Sacramento,United States,38.5816,-121.4944,12364.66
EONET_19470,Wildfire in Laos 1028241,wildfires,Wildfires,2026-04-03,102.76624132487613,20.140438006910188,US-SACRAMENTO,Sacramento,United States,38.5816,-121.4944,12021.56
EONET_19528,Wildfire in Laos 1028304,wildfires,Wildfires,2026-04-03,103.87030974189737,20.69846129512102,US-SACRAMENTO,Sacramento,United States,38.5816,-121.4944,11904.43
EONET_19529,Wildfire in Laos 1028293,wildfires,Wildfires,2026-04-03,104.7937092529859,18.17125839308502,US-SACRAMENTO,Sacramento,United States,38.5816,-121.4944,12074.5
EONET_19546,Wildfire in Laos 1028313,wildfires,Wildfires,2026-04-03,102.06318049687496,18.83602951471544,US-SACRAMENTO,Sacramento,United States,38.5816,-121.4944,12182.66
EONET_19547,Wildfire in India 1028308,wildfires,Wildfires,2026-04-03,81.02087280253343,19.280482727501102,US-SACRAMENTO,Sacramento,United States,38.5816,-121.4944,13166.15
EONET_19548,Wildfire in Viet Nam 1028322,wildfires,Wildfires,2026-04-03,105.68699922305007,10.891876603802253,US-SAN_FRANCISCO,San Francisco,United States,37.7749,-122.4194,12647.05
EONET_19615,Wildfire in Laos 1028338,wildfires,Wildfires,2026-04-03,101.41493788436053,19.303743554175256,US-SACRAMENTO,Sacramento,United States,38.5816,-121.4944,12178.58
EONET_19672,Wildfire in Laos 1028357,wildfires,Wildfires,2026-04-03,103.71507262935127,19.986624925636765,US-SACRAMENTO,Sacramento,United States,38.5816,-121.4944,11978.21
EONET_19673,Wildfire in Viet Nam 1028404,wildfires,Wildfires,2026-04-03,105.2969363075551,10.654640225072672,US-SAN_FRANCISCO,San Francisco,United States,37.7749,-122.4194,12694.63
EONET_19711,Wildfire in Thailand 1028423,wildfires,Wildfires,2026-04-03,99.15401368667915,14.270843000013256,US-SACRAMENTO,Sacramento,United States,38.5816,-121.4944,12776.59
EONET_19755,Wildfire in Thailand 1028468,wildfires,Wildfires,2026-04-03,101.78637614672854,16.366860084605428,US-SACRAMENTO,Sacramento,United States,38.5816,-121.4944,12424.29
EONET_19791,Wildfire in Thailand 1028492,wildfires,Wildfires,2026-04-03,100.5655945282207,17.33840356804954,US-SACRAMENTO,Sacramento,United States,38.5816,-121.4944,12409.61
EONET_19350,"Hilux Wildfire, Collier, Florida",wildfires,Wildfires,2026-04-03,-81.279167,26.228889,US-MIAMI,Miami,United States,25.7617,-80.1918,120.45
EONET_19355,"SPRINGS Wildfire, Riverside, California",wildfires,Wildfires,2026-04-03,-117.078415,33.891678,US-LOS_ANGELES,Los Angeles,United States,34.0522,-118.2437,108.93
EONET_19357,"rx-Young 1 Prescribed Fire, Jefferson, Wisconsin",wildfires,Wildfires,2026-04-03,-88.630401,42.8455985,US-DALLAS,Dallas,United States,32.7767,-96.797,1328.22
EONET_19848,"C-31 RX Burn 2 Prescribed Fire, Aiken, South Carolina",wildfires,Wildfires,2026-04-03,-81.586056,33.339944,US-MIAMI,Miami,United States,25.7617,-80.1918,853.36
EONET_19331,Flood in Colombia 1103831,floods,Floods,2026-04-02,-75.573553,6.2443382,US-MIAMI,Miami,United States,25.7617,-80.1918,2225.0
EONET_19280,Wildfire in Myanmar 1028153,wildfires,Wildfires,2026-04-02,92.79275899401534,21.509593033722485,US-SACRAMENTO,Sacramento,United States,38.5816,-121.4944,12437.56
EONET_19309,Wildfire in Myanmar 1028167,wildfires,Wildfires,2026-04-02,92.756489330887,21.966461220442046,US-SACRAMENTO,Sacramento,United States,38.5816,-121.4944,12394.6
EONET_19310,Wildfire in India 1028181,wildfires,Wildfires,2026-04-02,78.07707494235427,22.875935291308696,US-SACRAMENTO,Sacramento,United States,38.5816,-121.4944,12883.21
EONET_19471,Wildfire in Thailand 1028242,wildfires,Wildfires,2026-04-02,99.35233873499087,14.59961292775405,US-SACRAMENTO,Sacramento,United States,38.5816,-121.4944,12734.35
EONET_19472,Wildfire in Thailand 1028243,wildfires,Wildfires,2026-04-02,99.32567191641584,14.934073094609465,US-SACRAMENTO,Sacramento,United States,38.5816,-121.4944,12705.18
EONET_19473,Wildfire in Thailand 1028244,wildfires,Wildfires,2026-04-02,99.458974044488,14.955890116518876,US-SACRAMENTO,Sacramento,United States,38.5816,-121.4944,12695.13
EONET_19474,Wildfire in Laos 1028245,wildfires,Wildfires,2026-04-02,102.57687504617138,20.3370578636585,US-SACRAMENTO,Sacramento,United States,38.5816,-121.4944,12014.96
EONET_19475,Wildfire in Laos 1028246,wildfires,Wildfires,2026-04-02,100.81048826550274,19.79867074436586,US-SACRAMENTO,Sacramento,United States,38.5816,-121.4944,12168.58
EONET_19476,Wildfire in Thailand 1028247,wildfires,Wildfires,2026-04-02,99.61218052068902,16.938705675609572,US-SACRAMENTO,Sacramento,United States,38.5816,-121.4944,12503.14
EONET_19477,Wildfire in Laos 1028248,wildfires,Wildfires,2026-04-02,101.67103941424266,18.543004415787077,US-SACRAMENTO,Sacramento,United States,38.5816,-121.4944,12232.99
EONET_19530,Wildfire in Thailand 1028294,wildfires,Wildfires,2026-04-02,97.9714723461835,18.413069680344428,US-SACRAMENTO,Sacramento,United States,38.5816,-121.4944,12460.74
EONET_19549,Wildfire in Thailand 1028315,wildfires,Wildfires,2026-04-02,99.09103915352229,16.422923221881494,US-SACRAMENTO,Sacramento,United States,38.5816,-121.4944,12581.64
EONET_19550,"Wildfire in Laos, Viet Nam 1028314",wildfires,Wildfires,2026-04-02,103.40214349896353,20.742336194554102,US-SACRAMENTO,Sacramento,United States,38.5816,-121.4944,11928.69
EONET_19674,Wildfire in Laos 1028405,wildfires,Wildfires,2026-04-02,101.82648466257753,20.58518596186808,US-SACRAMENTO,Sacramento,United States,38.5816,-121.4944,12036.69
EONET_19675,Wildfire in Thailand 1028377,wildfires,Wildfires,2026-04-02,99.74844912524988,18.11625453025083,US-SACRAMENTO,Sacramento,United States,38.5816,-121.4944,12386.18
EONET_19712,"Wildfire in Laos, Viet Nam 1028439",wildfires,Wildfires,2026-04-02,103.1657173235058,20.772193136914648,US-SACRAMENTO,Sacramento,United States,38.5816,-121.4944,11940.16
EONET_19756,Wildfire in Thailand 1028469,wildfires,Wildfires,2026-04-02,99.60101973344136,19.697974579890822,US-SACRAMENTO,Sacramento,United States,38.5816,-121.4944,12247.87
EONET_19352,"Sargent Wildfire, Polk, Florida",wildfires,Wildfires,2026-04-02,-82.4283333,30.5716667,US-MIAMI,Miami,United States,25.7617,-80.1918,577.99
EONET_19353,"Lefty Wildfire, Hall, Texas",wildfires,Wildfires,2026-04-02,-100.6016667,34.41722222,US-DALLAS,Dallas,United States,32.7767,-96.797,396.76
EONET_19202,"Bronson Wildfire, Woodbury, Iowa",wildfires,Wildfires,2026-04-02,-96.20055,42.3866,US-DENVER,Denver,United States,39.7392,-104.9903,793.06
EONET_19203,"rx-12_ 13_ 14 Prescribed Fire, Burnett, Wisconsin",wildfires,Wildfires,2026-04-02,-92.6888328,45.7153853,US-DENVER,Denver,United States,39.7392,-104.9903,1202.58
EONET_19204,"Rx Houston 3041 Prescribed Fire, Houston, Texas",wildfires,Wildfires,2026-04-02,-95.537898,31.407942,US-HOUSTON,Houston,United States,29.7604,-95.3698,183.9
EONET_19847,"C-82 RX Burn 6 Prescribed Fire, Barnwell, South Carolina",wildfires,Wildfires,2026-04-02,-81.497269,33.214186,US-MIAMI,Miami,United States,25.7617,-80.1918,838.23
EONET_19169,Tropical Cyclone Indusa,severeStorms,Severe Storms,2026-04-02,73.6,-11.6,US-SACRAMENTO,Sacramento,United States,38.5816,-121.4944,16662.8
EONET_19169,Tropical Cyclone Indusa,severeStorms,Severe Storms,2026-04-02,73.5,-12.0,US-SACRAMENTO,Sacramento,United States,38.5816,-121.4944,16707.86
EONET_19169,Tropical Cyclone Indusa,severeStorms,Severe Storms,2026-04-02,73.2,-12.6,US-SACRAMENTO,Sacramento,United States,38.5816,-121.4944,16782.07
EONET_19169,Tropical Cyclone Indusa,severeStorms,Severe Storms,2026-04-02,73.5,-12.6,US-SACRAMENTO,Sacramento,United States,38.5816,-121.4944,16768.68
EONET_19169,Tropical Cyclone Indusa,severeStorms,Severe Storms,2026-04-03,73.2,-14.1,US-SACRAMENTO,Sacramento,United States,38.5816,-121.4944,16933.66
EONET_19169,Tropical Cyclone Indusa,severeStorms,Severe Storms,2026-04-03,72.9,-15.2,US-MIAMI,Miami,United States,25.7617,-80.1918,16984.27
EONET_19169,Tropical Cyclone Indusa,severeStorms,Severe Storms,2026-04-03,72.2,-16.5,US-MIAMI,Miami,United States,25.7617,-80.1918,16979.79
EONET_19169,Tropical Cyclone Indusa,severeStorms,Severe Storms,2026-04-03,71.6,-17.8,US-MIAMI,Miami,United States,25.7617,-80.1918,16978.13
EONET_19169,Tropical Cyclone Indusa,severeStorms,Severe Storms,2026-04-04,70.5,-19.1,US-MIAMI,Miami,United States,25.7617,-80.1918,16920.25
EONET_19169,Tropical Cyclone Indusa,severeStorms,Severe Storms,2026-04-04,70.2,-20.3,US-MIAMI,Miami,United States,25.7617,-80.1918,16931.87
EONET_19169,Tropical Cyclone Indusa,severeStorms,Severe Storms,2026-04-04,70.0,-21.7,US-MIAMI,Miami,United States,25.7617,-80.1918,16954.0
EONET_19169,Tropical Cyclone Indusa,severeStorms,Severe Storms,2026-04-04,70.3,-23.7,US-MIAMI,Miami,United States,25.7617,-80.1918,17032.2
EONET_19169,Tropical Cyclone Indusa,severeStorms,Severe Storms,2026-04-05,70.2,-25.7,US-MIAMI,Miami,United States,25.7617,-80.1918,17055.6
EONET_19169,Tropical Cyclone Indusa,severeStorms,Severe Storms,2026-04-05,70.9,-28.0,US-MIAMI,Miami,United States,25.7617,-80.1918,17143.83
EONET_19169,Tropical Cyclone Indusa,severeStorms,Severe Storms,2026-04-05,71.9,-30.2,US-MIAMI,Miami,United States,25.7617,-80.1918,17237.74
EONET_19169,Tropical Cyclone Indusa,severeStorms,Severe Storms,2026-04-05,73.1,-32.0,US-MIAMI,Miami,United States,25.7617,-80.1918,17331.49
EONET_19253,Wildfire in Russian Federation 1028133,wildfires,Wildfires,2026-04-01,133.84930606351608,48.434456588332374,US-SACRAMENTO,Sacramento,United States,38.5816,-121.4944,7828.69
EONET_19254,Wildfire in Russian Federation 1028134,wildfires,Wildfires,2026-04-01,133.66631840898873,48.29436162019492,US-SACRAMENTO,Sacramento,United States,38.5816,-121.4944,7848.84
EONET_19311,Wildfire in Myanmar 1028168,wildfires,Wildfires,2026-04-01,92.73697541995064,21.653710528083472,US-SACRAMENTO,Sacramento,United States,38.5816,-121.4944,12426.19
EONET_19312,Wildfire in Myanmar 1028169,wildfires,Wildfires,2026-04-01,92.77057637190273,21.810312020526986,US-SACRAMENTO,Sacramento,United States,38.5816,-121.4944,12409.2
EONET_19335,Wildfire in Laos 1028198,wildfires,Wildfires,2026-04-01,106.96243245740928,15.44819233055206,US-SAN_FRANCISCO,San Francisco,United States,37.7749,-122.4194,12169.18
EONET_19336,Wildfire in India 1028199,wildfires,Wildfires,2026-04-01,92.17303320857066,25.882821986077527,US-SACRAMENTO,Sacramento,United States,38.5816,-121.4944,12036.46
EONET_19381,Wildfire in India 1028208,wildfires,Wildfires,2026-04-01,90.99137486465054,25.789752722818605,US-SACRAMENTO,Sacramento,United States,38.5816,-121.4944,12098.91
EONET_19478,Wildfire in Laos 1028249,wildfires,Wildfires,2026-04-01,103.01317525740431,18.38922358444889,US-SACRAMENTO,Sacramento,United States,38.5816,-121.4944,12165.57
EONET_19479,Wildfire in Laos 1028250,wildfires,Wildfires,2026-04-01,102.3762331392708,18.6714133503704,US-SACRAMENTO,Sacramento,United States,38.5816,-121.4944,12178.77
EONET_19480,Wildfire in Thailand 1028251,wildfires,Wildfires,2026-04-01,98.08247750685922,18.000454140615858,US-SACRAMENTO,Sacramento,United States,38.5816,-121.4944,12493.14
EONET_19531,Wildfire in Laos 1028295,wildfires,Wildfires,2026-04-01,102.92289043875806,18.308246118364977,US-SACRAMENTO,Sacramento,United States,38.5816,-121.4944,12178.43
EONET_19551,Wildfire in Laos 1028323,wildfires,Wildfires,2026-04-01,103.95470877061985,18.4973838936556,US-SACRAMENTO,Sacramento,United States,38.5816,-121.4944,12097.74
EONET_19616,"Wildfire in Laos, Thailand 1028333",wildfires,Wildfires,2026-04-01,100.98997044419275,17.60993883035172,US-SACRAMENTO,Sacramento,United States,38.5816,-121.4944,12359.27
EONET_19617,Wildfire in Thailand 1028350,wildfires,Wildfires,2026-04-01,99.31540334499341,15.709598371289648,US-SACRAMENTO,Sacramento,United States,38.5816,-121.4944,12634.29
EONET_19676,Wildfire in Laos 1028406,wildfires,Wildfires,2026-04-01,104.17514631587926,18.6025801836881,US-SACRAMENTO,Sacramento,United States,38.5816,-121.4944,12074.59
EONET_19757,Wildfire in Laos 1028448,wildfires,Wildfires,2026-04-01,103.02804175009445,18.400066437612328,US-SACRAMENTO,Sacramento,United States,38.5816,-121.4944,12163.67
EONET_19208,"RX PCS Beauchamp North Prescribed Fire, Scott, Arkansas",wildfires,Wildfires,2026-04-01,-94.327475,34.800258,US-DALLAS,Dallas,United States,32.7767,-96.797,320.46
EONET_19842,"Elkhorn RX Prescribed Fire, Augusta, Virginia",wildfires,Wildfires,2026-04-01,-79.221611,38.337334,US-NEW_ORLEANS,New Orleans,United States,29.9511,-90.0715,1364.32
EONET_19171,Wildfire in Russian Federation 1028105,wildfires,Wildfires,2026-03-31,133.45782539498202,48.333832348223936,US-SACRAMENTO,Sacramento,United States,38.5816,-121.4944,7858.55
EONET_19281,"Wildfire in Myanmar, Thailand 1028154",wildfires,Wildfires,2026-03-31,97.58866366122041,18.28350815898736,US-SACRAMENTO,Sacramento,United States,38.5816,-121.4944,12494.51
EONET_19282,Wildfire in China 1028155,wildfires,Wildfires,2026-03-31,124.70689213396325,48.32253715155408,US-SACRAMENTO,Sacramento,United States,38.5816,-121.4944,8357.96
EONET_19283,Wildfire in Russian Federation 1028156,wildfires,Wildfires,2026-03-31,132.11513173624454,48.287438360850665,US-SACRAMENTO,Sacramento,United States,38.5816,-121.4944,7940.68
EONET_19284,Wildfire in India 1028157,wildfires,Wildfires,2026-03-31,93.03566593279255,25.278543067676083,US-SACRAMENTO,Sacramento,United States,38.5816,-121.4944,12056.12
EONET_19313,"Wildfire in Liberia, Guinea 1028174",wildfires,Wildfires,2026-03-31,-9.925323483677253,8.445297218312096,US-MIAMI,Miami,United States,25.7617,-80.1918,7629.72
EONET_19314,Wildfire in Australia 1028182,wildfires,Wildfires,2026-03-31,116.5081019104874,-32.00702555688946,US-SAN_FRANCISCO,San Francisco,United States,37.7749,-122.4194,14690.43
EONET_19315,Wildfire in India 1028183,wildfires,Wildfires,2026-03-31,93.22509916957692,25.32592964677178,US-SACRAMENTO,Sacramento,United States,38.5816,-121.4944,12042.55
EONET_19316,Wildfire in Thailand 1028177,wildfires,Wildfires,2026-03-31,99.2760683039521,14.75819423001893,US-SACRAMENTO,Sacramento,United States,38.5816,-121.4944,12724.36
EONET_19317,Wildfire in Myanmar 1028170,wildfires,Wildfires,2026-03-31,92.94196699250254,21.749920236809757,US-SACRAMENTO,Sacramento,United States,38.5816,-121.4944,12406.72
EONET_19337,Wildfire in India 1028191,wildfires,Wildfires,2026-03-31,78.04806843655994,22.878743630045136,US-SACRAMENTO,Sacramento,United States,38.5816,-121.4944,12883.78
EONET_19338,Wildfire in India 1028192,wildfires,Wildfires,2026-03-31,86.480931968046,25.153272133835788,US-SACRAMENTO,Sacramento,United States,38.5816,-121.4944,12352.71
EONET_19382,Wildfire in Myanmar 1028209,wildfires,Wildfires,2026-03-31,96.39753430059129,23.38131632652329,US-SACRAMENTO,Sacramento,United States,38.5816,-121.4944,12074.47
EONET_19394,Wildfire in Thailand 1028229,wildfires,Wildfires,2026-03-31,101.53927785204097,15.972489339899038,US-SACRAMENTO,Sacramento,United States,38.5816,-121.4944,12475.34
EONET_19395,Wildfire in Liberia 1028226,wildfires,Wildfires,2026-03-31,-10.021255082743751,8.329013157375806,US-MIAMI,Miami,United States,25.7617,-80.1918,7625.47
EONET_19486,Wildfire in Laos 1028256,wildfires,Wildfires,2026-03-31,101.31639080415734,18.443210051747393,US-SACRAMENTO,Sacramento,United States,38.5816,-121.4944,12263.36
EONET_19487,Wildfire in Laos 1028252,wildfires,Wildfires,2026-03-31,102.34657687146101,18.151859101966615,US-SACRAMENTO,Sacramento,United States,38.5816,-121.4944,12227.82
EONET_19488,Wildfire in Thailand 1028253,wildfires,Wildfires,2026-03-31,97.56054981510532,18.39814112726315,US-SACRAMENTO,Sacramento,United States,38.5816,-121.4944,12485.31
EONET_19489,Wildfire in Thailand 1028254,wildfires,Wildfires,2026-03-31,98.24901772547777,19.247298709239654,US-SACRAMENTO,Sacramento,United States,38.5816,-121.4944,12366.78
EONET_19490,Wildfire in Laos 1028255,wildfires,Wildfires,2026-03-31,102.50438694560056,20.160036346369317,US-SACRAMENTO,Sacramento,United States,38.5816,-121.4944,12035.43
EONET_19491,"Wildfire in Thailand, Myanmar 1028257",wildfires,Wildfires,2026-03-31,97.80499051129023,17.97187789654854,US-SACRAMENTO,Sacramento,United States,38.5816,-121.4944,12511.58
EONET_19492,Wildfire in Thailand 1028276,wildfires,Wildfires,2026-03-31,99.19773638443377,16.276774990544194,US-SACRAMENTO,Sacramento,United States,38.5816,-121.4944,12588.87
EONET_19532,"Wildfire in Laos, Thailand 1028296",wildfires,Wildfires,2026-03-31,101.16598264383137,18.506653487667872,US-SACRAMENTO,Sacramento,United States,38.5816,-121.4944,12266.51
EONET_19533,Wildfire in Laos 1028289,wildfires,Wildfires,2026-03-31,102.21046204801199,19.4860390392423,US-SACRAMENTO,Sacramento,United States,38.5816,-121.4944,12114.51
EONET_19552,Wildfire in Thailand 1028316,wildfires,Wildfires,2026-03-31,104.09541282820494,16.913484600165788,US-SACRAMENTO,Sacramento,United States,38.5816,-121.4944,12230.95
EONET_19618,Wildfire in Laos 1028334,wildfires,Wildfires,2026-03-31,101.95584513919177,19.341182939844245,US-SACRAMENTO,Sacramento,United States,38.5816,-121.4944,12142.97
EONET_19619,Wildfire in Laos 1028327,wildfires,Wildfires,2026-03-31,104.38636600703305,18.633672731422255,US-SACRAMENTO,Sacramento,United States,38.5816,-121.4944,12058.65
EONET_19677,Wildfire in Laos 1028407,wildfires,Wildfires,2026-03-31,101.25047699100934,19.89228112827694,US-SACRAMENTO,Sacramento,United States,38.5816,-121.4944,12134.2
EONET_19229,"Julie Pond Wildfire, Dorchester, Maryland",wildfires,Wildfires,2026-03-31,-75.97625,38.396085,US-MIAMI,Miami,United States,25.7617,-80.1918,1459.46
EONET_19232,"Caddo Lake C-6 RX Prescribed Fire, Harrison, Texas",wildfires,Wildfires,2026-03-31,-94.104296,32.667308,US-DALLAS,Dallas,United States,32.7767,-96.797,252.19
EONET_19224,"C-148 BLK 9 10 &amp; 11 EN RX Prescribed Fire, Newberry, South Carolina",wildfires,Wildfires,2026-03-31,-81.528333,34.421667,US-NEW_ORLEANS,New Orleans,United States,29.9511,-90.0715,944.68
EONET_19142,Flood in Italy 1103825,floods,Floods,2026-03-30,14.444515,42.296042,US-MIAMI,Miami,United States,25.7617,-80.1918,8472.34
EONET_19225,"Middle Toe Wildfire, Pittsburg, Oklahoma",wildfires,Wildfires,2026-03-30,-95.3977778,35.0475,US-DALLAS,Dallas,United States,32.7767,-96.797,283.59
EONET_19110,Wildfire in China 1028052,wildfires,Wildfires,2026-03-30,123.77112375416846,48.01622888154749,US-SACRAMENTO,Sacramento,United States,38.5816,-121.4944,8432.09
EONET_19144,Wildfire in China 1028085,wildfires,Wildfires,2026-03-30,124.65718278619973,47.57521523361517,US-SACRAMENTO,Sacramento,United States,38.5816,-121.4944,8416.69
EONET_19145,Wildfire in Russian Federation 1028086,wildfires,Wildfires,2026-03-30,131.48816781817737,44.16305316551417,US-SACRAMENTO,Sacramento,United States,38.5816,-121.4944,8263.34
EONET_19172,Wildfire in Australia 1028099,wildfires,Wildfires,2026-03-30,126.3396102873574,-16.926678572850307,US-SAN_FRANCISCO,San Francisco,United States,37.7749,-122.4194,12997.75
EONET_19173,Wildfire in China 1028106,wildfires,Wildfires,2026-03-30,127.96937390874287,46.00886263136759,US-SACRAMENTO,Sacramento,United States,38.5816,-121.4944,8343.68
EONET_19174,Wildfire in Australia 1028107,wildfires,Wildfires,2026-03-30,128.03560946301388,-15.863236610810196,US-SAN_FRANCISCO,San Francisco,United States,37.7749,-122.4194,12781.68
EONET_19255,Wildfire in Australia 1028135,wildfires,Wildfires,2026-03-30,126.97769914758672,-16.63344894040525,US-SAN_FRANCISCO,San Francisco,United States,37.7749,-122.4194,12923.27
EONET_19285,Wildfire in Thailand 1028146,wildfires,Wildfires,2026-03-30,97.80062654023209,18.132966696893867,US-SACRAMENTO,Sacramento,United States,38.5816,-121.4944,12496.7
EONET_19318,Wildfire in India 1028171,wildfires,Wildfires,2026-03-30,77.8972441761564,22.780050151646535,US-SACRAMENTO,Sacramento,United States,38.5816,-121.4944,12898.76
EONET_19319,Wildfire in Bangladesh 1028172,wildfires,Wildfires,2026-03-30,92.46906307316365,22.21719395672267,US-SACRAMENTO,Sacramento,United States,38.5816,-121.4944,12383.94
